candidate;fold;start_date;end_date;mae;metric_mae;metric_rmse;metric_r2;metric_high_auc;metric_actual_mean;metric_prediction_mean;metric_actual_std;metric_prediction_std;metric_std_ratio;metric_p05;metric_p95;metric_p05_p95_width;metric_width_ratio;metric_boring_4_5_share;metric_min_prediction;metric_max_prediction
official_temporal;1;2024-03-18;2024-07-17;2.4735302944978077;2.4735302944978077;3.57396306000251;0.022328369833470196;0.5499131944444443;5.541666666666667;4.974911628166835;3.6296996966629598;0.8312982143706056;0.2290267195203165;3.8848735690116882;6.439501690864563;2.5546281218528746;0.28384756909476383;0.75;2.857672691345215;7.1681904792785645
official_temporal;2;2024-07-18;2024-11-22;2.364617435137431;2.364617435137431;3.1732836449094;0.20519133019194014;0.8207465277777778;5.075;4.622581168015798;3.5743307536005187;0.8128665664109905;0.22741783635780444;3.6013938903808596;5.559396457672119;1.9580025672912598;0.195800256729126;0.7583333333333333;3.2978932857513428;10.134915351867676
official_temporal;3;2024-11-23;2025-03-24;2.4170395930608115;2.4170395930608115;3.1418983131140212;-0.022668941094984518;0.6158028271112722;5.925;5.7682274103164675;3.1199076155251397;0.8418714209304871;0.269838573661991;4.576203346252441;7.302555990219116;2.726352643966675;0.30292807155185275;0.6583333333333333;4.1101508140563965;8.182491302490234
official_temporal;4;2025-03-25;2025-07-28;2.1440341492493946;2.1440341492493946;2.888566408333679;0.09893996810434869;0.5264423076923077;5.3;5.002524783213933;3.055783880782543;1.0088250649994301;0.3301362610568796;3.896883475780487;6.084879541397093;2.1879960656166064;0.27180075349274624;0.8333333333333334;3.3085641860961914;10.50148868560791
official_temporal;5;2025-07-29;2025-12-09;1.825805958112081;1.825805958112081;2.297241014391717;0.0196809245974513;0.5927272727272727;4.241666666666666;4.328713925679525;2.329914462069418;0.5925762437732289;0.2543339051369748;3.487374722957611;5.419878101348877;1.9325033783912655;0.2415629222989082;0.6916666666666667;3.3047478199005127;6.210041522979736
official_temporal;6;2025-12-10;2026-04-16;2.379279814163844;2.379279814163844;2.8784648360865397;-0.051253899301719086;0.5539596273291926;5.208333333333333;5.479454070329666;2.8191894458607534;0.804885110585259;0.2855023140665568;4.434428429603576;6.977190208435059;2.5427617788314825;0.31587102842627107;0.7416666666666667;3.853161096572876;7.977233409881592
d2_long;1;2024-03-18;2024-07-17;2.4838351249694823;2.4838351249694823;3.4761090740689693;0.07513214529207946;0.5711805555555556;5.541666666666667;4.961215917269389;3.6296996966629598;1.165956591609527;0.3212267374850524;3.267415487766266;7.032580399513244;3.7651649117469783;0.41835165686077536;0.5833333333333334;2.121978521347046;8.15938663482666
d2_long;2;2024-07-18;2024-11-22;2.3255942662556968;2.3255942662556968;2.9610424242697255;0.30795542492623873;0.7960069444444444;5.075;4.520725643634796;3.5743307536005187;1.3588682967306493;0.38017418935330066;3.1510724067687987;6.219941496849057;3.0688690900802587;0.30688690900802584;0.6083333333333333;2.6480538845062256;14.14482593536377
d2_long;3;2024-11-23;2025-03-24;2.459398259719213;2.459398259719213;3.1601974900121554;-0.0346161751714722;0.6009423704240667;5.925;5.527174109220505;3.1199076155251397;0.9438940290362683;0.30253909581787186;4.080108237266541;7.279353308677673;3.1992450714111325;0.35547167460123696;0.6916666666666667;3.7407033443450928;8.246569633483887
d2_long;4;2025-03-25;2025-07-28;2.047448569536209;2.047448569536209;2.6801385916259473;0.22428262739495497;0.6424278846153845;5.3;4.971373953421911;3.055783880782543;1.2604549558351077;0.4124817084617657;3.7320030450820925;6.60388045310974;2.8718774080276477;0.3567549575189626;0.7916666666666666;2.1995697021484375;13.946395874023438
d2_long;5;2025-07-29;2025-12-09;1.8758185466130575;1.8758185466130575;2.3354029295532355;-0.013159851706910475;0.5972727272727273;4.241666666666666;4.31186044216156;2.329914462069418;0.7699451555584639;0.33046069634444974;3.3698430180549623;5.600597167015076;2.2307541489601137;0.2788442686200142;0.6166666666666667;2.9506938457489014;7.904419898986816
d2_long;6;2025-12-10;2026-04-16;2.313174500068029;2.313174500068029;2.823813249662175;-0.011713875264409923;0.5741459627329193;5.208333333333333;5.457883944114049;2.8191894458607534;1.0111961438727188;0.3586832893963183;4.072167420387268;7.185442805290222;3.1132753849029537;0.3867422838388762;0.7166666666666667;3.621319532394409;10.200444221496582
d3_reference;1;2024-03-18;2024-07-17;2.475062976280848;2.475062976280848;3.499134070413254;0.06283931700498935;0.5707465277777778;5.541666666666667;4.88290367325147;3.6296996966629598;1.1317622969644796;0.3118060422477895;3.3951704859733582;6.836406517028808;3.44123603105545;0.38235955900616114;0.6083333333333333;2.354330539703369;7.915385723114014
d3_reference;2;2024-07-18;2024-11-22;2.3355870048205056;2.3355870048205056;2.9567288230452906;0.3099702761164784;0.7821180555555555;5.075;4.564998344580332;3.5743307536005187;1.3693834084376224;0.3831160300591113;3.2179603934288026;6.707946896553039;3.489986503124236;0.3489986503124236;0.625;2.6659066677093506;14.091686248779297
d3_reference;3;2024-11-23;2025-03-24;2.4387914955616;2.4387914955616;3.1385701847378966;-0.020503517184798037;0.5683218557448351;5.925;5.509295771519343;3.1199076155251397;0.8319247411044953;0.2666504408543093;4.236102771759033;7.032933640480041;2.796830868721008;0.3107589854134453;0.75;3.843456745147705;7.560880661010742
d3_reference;4;2025-03-25;2025-07-28;2.0379351516564688;2.0379351516564688;2.675394407789391;0.22702643226449826;0.6183894230769231;5.3;4.931018712123235;3.055783880782543;1.2118127148638327;0.39656361907161597;3.608290433883667;6.963596296310425;3.355305862426758;0.4168081816679204;0.7166666666666667;2.688850164413452;13.218999862670898
d3_reference;5;2025-07-29;2025-12-09;1.8840264817078909;1.8840264817078909;2.3357108826574087;-0.013427065803805815;0.5754545454545454;4.241666666666666;4.3260288099447886;2.329914462069418;0.8072440913989425;0.3464694110194726;3.434874701499939;5.728059411048889;2.2931847095489504;0.2866480886936188;0.6083333333333333;2.8406412601470947;8.628061294555664
d3_reference;6;2025-12-10;2026-04-16;2.32511701186498;2.32511701186498;2.837218295954919;-0.02134217620317358;0.5912267080745341;5.208333333333333;5.506764193375905;2.8191894458607534;1.0653757170208857;0.3779014278678976;4.176531887054443;7.464820599555969;3.288288712501526;0.4084830698759659;0.75;3.717505931854248;10.456916809082031
d3_long;1;2024-03-18;2024-07-17;2.475778279701869;2.475778279701869;3.505096499453969;0.05964280343914563;0.5681423611111112;5.541666666666667;4.93478351632754;3.6296996966629598;1.135170826980007;0.31274510892007124;3.434221887588501;6.832178211212158;3.397956323623657;0.3775507026248508;0.5583333333333333;2.126295804977417;7.908851623535156
d3_long;2;2024-07-18;2024-11-22;2.34215772151947;2.34215772151947;2.9729981140094788;0.30235565796229735;0.7877604166666667;5.075;4.519436693191528;3.5743307536005187;1.336777017968501;0.3739936536712306;3.122469425201416;6.614140367507933;3.4916709423065173;0.34916709423065173;0.6083333333333333;2.6067593097686768;14.026504516601562
d3_long;3;2024-11-23;2025-03-24;2.5017843544483185;2.5017843544483185;3.197816270958866;-0.05939478845497792;0.570134106560348;5.925;5.486933277050654;3.1199076155251397;0.8728130079478447;0.27975604264837617;4.099306392669678;6.874995779991149;2.7756893873214716;0.30840993192460797;0.7;3.779745578765869;8.07115650177002
d3_long;4;2025-03-25;2025-07-28;2.0405893445014955;2.0405893445014955;2.675923251353859;0.2267208156440379;0.6388221153846154;5.3;5.009494554996491;3.055783880782543;1.2517190402589327;0.4096228951696627;3.6058027148246765;6.711238741874694;3.1054360270500174;0.3857684505652197;0.7;2.414843797683716;13.796780586242676
d3_long;5;2025-07-29;2025-12-09;1.8817294895648957;1.8817294895648957;2.3405025439141656;-0.01758937907079572;0.5818181818181819;4.241666666666666;4.3185530761877695;2.329914462069418;0.8393556338113554;0.360251694847992;3.3306419253349304;5.8439448595047;2.5133029341697695;0.3141628667712212;0.6083333333333333;2.914677619934082;8.772387504577637
d3_long;6;2025-12-10;2026-04-16;2.3176361203193663;2.3176361203193663;2.8496600584097167;-0.03031939079552104;0.5854037267080745;5.208333333333333;5.552292819817861;2.8191894458607534;1.0910502207277115;0.38700847945129585;4.168177771568298;7.658836507797241;3.4906587362289425;0.4336222032582537;0.7416666666666667;3.5256834030151367;10.060474395751953
d3_fast;1;2024-03-18;2024-07-17;2.5117060323556264;2.5117060323556264;3.5800187190987134;0.019012464352727743;0.546875;5.541666666666667;4.898469938834508;3.6296996966629598;1.1449733821536967;0.31544576076261954;3.225590741634369;6.881026935577392;3.655436193943023;0.40615957710478034;0.5666666666666667;2.1985392570495605;7.440734386444092
d3_fast;2;2024-07-18;2024-11-22;2.3461015999317167;2.3461015999317167;2.9890264656535885;0.2948129475702168;0.7725694444444444;5.075;4.557957738637924;3.5743307536005187;1.359024133294582;0.38021778816232965;2.935564696788788;6.506758832931518;3.57119413614273;0.357119413614273;0.625;2.267409563064575;13.594561576843262
d3_fast;3;2024-11-23;2025-03-24;2.4700355887413026;2.4700355887413026;3.172436950657759;-0.042645841804195284;0.5708590068865531;5.925;5.45573795636495;3.1199076155251397;0.8091495645844973;0.2593504886356393;4.183483195304871;6.737249636650085;2.553766441345214;0.2837518268161349;0.7416666666666667;3.6534464359283447;7.829622268676758
d3_fast;4;2025-03-25;2025-07-28;2.039938720067342;2.039938720067342;2.664920048563568;0.23306707718833164;0.647235576923077;5.3;4.965741868813833;3.055783880782543;1.2683287704239927;0.4150584006939626;3.533467638492584;6.704699468612671;3.171231830120087;0.39394184225094264;0.7083333333333334;2.4161815643310547;14.435132026672363
d3_fast;5;2025-07-29;2025-12-09;1.9092234174410503;1.9092234174410503;2.389296326085643;-0.06046016908612639;0.5545454545454547;4.241666666666666;4.307330433527628;2.329914462069418;0.8690977903579051;0.3730170375379262;3.18095486164093;5.7223526477813715;2.5413977861404415;0.3176747232675552;0.5833333333333334;2.735384941101074;8.421333312988281
d3_fast;6;2025-12-10;2026-04-16;2.3095629890759786;2.3095629890759786;2.8533862881275858;-0.033015654024874275;0.6005434782608696;5.208333333333333;5.521066943804423;2.8191894458607534;1.1336923482945873;0.40213414886293636;4.0673729419708256;7.612779521942139;3.5454065799713135;0.440423177636188;0.7083333333333334;3.429211139678955;10.414278984069824
d3_flexible;1;2024-03-18;2024-07-17;2.500011744101842;2.500011744101842;3.4466377105561476;0.09074820893125024;0.5651041666666666;5.541666666666667;5.061733784278234;3.6296996966629598;1.2790963563718387;0.3523972954423207;3.4826544284820558;7.100969266891479;3.618314838409423;0.40203498204549143;0.5666666666666667;1.893822431564331;8.896055221557617
d3_flexible;2;2024-07-18;2024-11-22;2.3354183197021485;2.3354183197021485;3.014878835232442;0.2825617371707344;0.76953125;5.075;4.539768465360006;3.5743307536005187;1.2622925705396828;0.35315494215753307;3.1607296586036684;6.439754915237425;3.2790252566337568;0.3279025256633757;0.6;2.466719627380371;13.270957946777344
d3_flexible;3;2024-11-23;2025-03-24;2.4570095241069794;2.4570095241069794;3.1317056855285252;-0.01604442629883951;0.6005799202609641;5.925;5.695327947537105;3.1199076155251397;0.9853383344950969;0.31582292039414944;4.3839000225067135;7.403458571434021;3.019558548927307;0.33550650543636745;0.6416666666666667;3.8279974460601807;8.651556015014648
d3_flexible;4;2025-03-25;2025-07-28;2.0273684759934745;2.0273684759934745;2.6288113200751715;0.25370961592274655;0.6508413461538461;5.3;4.959284363190333;3.055783880782543;1.2285081376500566;0.40202716735826655;3.619249904155731;7.275016093254089;3.6557661890983577;0.4541324458507278;0.7083333333333334;2.641599178314209;13.02396297454834
d3_flexible;5;2025-07-29;2025-12-09;1.8859864473342896;1.8859864473342896;2.348697581857439;-0.02472783145720303;0.5786363636363636;4.241666666666666;4.348352877298991;2.329914462069418;0.8961527710591294;0.3846290435328562;3.3592490553855896;5.876932525634765;2.5176834702491755;0.31471043378114694;0.6083333333333333;2.9327592849731445;9.234739303588867
d3_flexible;6;2025-12-10;2026-04-16;2.3176813503106435;2.3176813503106435;2.8562393037050375;-0.03508244966231011;0.5978260869565217;5.208333333333333;5.625939053297043;2.8191894458607534;1.1305255827595393;0.4010108594934697;4.1965516090393065;7.937350940704346;3.7407993316650394;0.4646955691509365;0.675;3.5877420902252197;10.213774681091309
d3_regularized;1;2024-03-18;2024-07-17;2.488307903210322;2.488307903210322;3.5457111676103215;0.0377241095421994;0.5716145833333334;5.541666666666667;4.856517698367437;3.6296996966629598;1.054480844225538;0.29051462444537685;3.397291052341461;6.709933090209961;3.3126420378684998;0.3680713375409444;0.6166666666666667;2.0845000743865967;7.320201396942139
d3_regularized;2;2024-07-18;2024-11-22;2.326347764333089;2.326347764333089;2.98458899631332;0.2969052161677628;0.787326388888889;5.075;4.5566652377446495;3.5743307536005187;1.2730914975128;0.3561761866135027;3.160000002384186;6.1865080833435036;3.0265080809593177;0.30265080809593176;0.625;2.71334171295166;12.214856147766113
d3_regularized;3;2024-11-23;2025-03-24;2.4619358042875925;2.4619358042875925;3.1558760092361835;-0.031788493109187854;0.5980427691192461;5.925;5.33150689403216;3.1199076155251397;0.7569018710547336;0.24260393714489287;4.086669135093689;6.7436611413955685;2.6569920063018797;0.29522133403354217;0.8166666666666667;3.7660443782806396;7.46252965927124
d3_regularized;4;2025-03-25;2025-07-28;2.0257602194945017;2.0257602194945017;2.6259865821880477;0.2553125777719585;0.6568509615384615;5.3;4.972544874747594;3.055783880782543;1.2338329303556401;0.40376969657935136;3.644796919822693;6.575016427040099;2.930219507217406;0.36400242325682075;0.7333333333333333;2.6069345474243164;13.722892761230469
d3_regularized;5;2025-07-29;2025-12-09;1.880207888285319;1.880207888285319;2.3371097299514876;-0.014641303597935584;0.5590909090909091;4.241666666666666;4.3431777636210125;2.329914462069418;0.841959029288654;0.36136907298340487;3.4938267827033997;5.7737359523773195;2.2799091696739198;0.28498864620923997;0.6;2.7825891971588135;9.341758728027344
d3_regularized;6;2025-12-10;2026-04-16;2.3284575303395587;2.3284575303395587;2.842747974609765;-0.025327204537028303;0.578416149068323;5.208333333333333;5.552724170684814;2.8191894458607534;1.146357903198959;0.4066267717063454;4.0974890232086185;7.668517541885376;3.5710285186767576;0.44360602716481456;0.6833333333333333;3.516230583190918;10.358656883239746
d4_short;1;2024-03-18;2024-07-17;2.480639268954595;2.480639268954595;3.597023343531693;0.00967120499464924;0.5416666666666666;5.541666666666667;4.767412064472834;3.6296996966629598;0.9592666675085366;0.2642826535733682;3.533802604675293;6.442954802513123;2.90915219783783;0.3232391330930922;0.6166666666666667;2.0891528129577637;7.091432094573975
d4_short;2;2024-07-18;2024-11-22;2.3538342436154682;2.3538342436154682;3.0197507932184786;0.28024114424400326;0.7491319444444444;5.075;4.599051558971405;3.5743307536005187;1.269911383815621;0.3552864777654965;3.2917359352111815;6.584462571144104;3.2927266359329224;0.3292726635932922;0.6083333333333333;2.74086332321167;13.843531608581543
d4_short;3;2024-11-23;2025-03-24;2.445521678527196;2.445521678527196;3.141278953163092;-0.022265784982841152;0.575208408843784;5.925;5.473791346947352;3.1199076155251397;0.7424351221325278;0.23796702134321432;4.356664991378784;6.806171679496765;2.449506688117981;0.27216740979088677;0.7583333333333333;3.9355902671813965;7.728090763092041
d4_short;4;2025-03-25;2025-07-28;2.043523987134298;2.043523987134298;2.6664895136014;0.232163463699111;0.6478365384615385;5.3;4.949778064092;3.055783880782543;1.2434122276494581;0.40690450508268206;3.5884217023849487;6.700669932365417;3.1122482299804686;0.3866146869540956;0.7333333333333333;2.5686028003692627;14.029841423034668
d4_short;5;2025-07-29;2025-12-09;1.880948696533839;1.880948696533839;2.3366084523117796;-0.01420609728677924;0.5518181818181818;4.241666666666666;4.292053014039993;2.329914462069418;0.8127144584871522;0.3488172942474907;3.3441646814346315;5.761696934700011;2.41753225326538;0.3021915316581725;0.5666666666666667;2.959535598754883;8.319375991821289
d4_short;6;2025-12-10;2026-04-16;2.3280238191286724;2.3280238191286724;2.8565729040242935;-0.03532425293170016;0.5803571428571429;5.208333333333333;5.524617489178976;2.8191894458607534;1.0575256718661779;0.37511692356073456;4.25900297164917;7.951786851882934;3.6927838802337645;0.45873091679922534;0.7333333333333333;3.7308037281036377;9.506447792053223
d4_regularized;1;2024-03-18;2024-07-17;2.488268478711446;2.488268478711446;3.5873485555987195;0.014991346135862393;0.568142361111111;5.541666666666667;4.77911026875178;3.6296996966629598;0.8836078960284116;0.24343829238566897;3.6860398411750794;6.34525887966156;2.6592190384864804;0.29546878205405336;0.6583333333333333;2.345076322555542;6.864452838897705
d4_regularized;2;2024-07-18;2024-11-22;2.3399432341257733;2.3399432341257733;3.037945171206546;0.27154174035758116;0.7847222222222222;5.075;4.503418056170146;3.5743307536005187;1.19291332251374;0.333744525828251;3.18328400850296;5.941954946517942;2.758670938014982;0.2758670938014982;0.6083333333333333;2.644153594970703;11.956511497497559
d4_regularized;3;2024-11-23;2025-03-24;2.4336330076058705;2.4336330076058705;3.1148840268401092;-0.0051585695548646004;0.6118158753171439;5.925;5.41598929365476;3.1199076155251397;0.6827633145742932;0.21884087566463764;4.310792708396912;6.6077290058135985;2.2969362974166865;0.2552151441574096;0.8083333333333333;3.826317548751831;7.268925189971924
d4_regularized;4;2025-03-25;2025-07-28;2.0286300837993623;2.0286300837993623;2.6381634299947296;0.2483902501769376;0.6376201923076923;5.3;4.975904506444931;3.055783880782543;1.2222374284115214;0.39997508858464287;3.698630177974701;6.88190324306488;3.183273065090179;0.3954376478372894;0.7166666666666667;2.763361930847168;13.5454740524292
d4_regularized;5;2025-07-29;2025-12-09;1.8659118115901947;1.8659118115901947;2.332463518335227;-0.010611067310625;0.5545454545454546;4.241666666666666;4.304869780937831;2.329914462069418;0.8353781457965155;0.35854455577503774;3.4347388625144957;5.738808298110961;2.3040694355964657;0.2880086794495582;0.5666666666666667;3.061248540878296;9.168027877807617
d4_regularized;6;2025-12-10;2026-04-16;2.332029124101003;2.332029124101003;2.843029854663244;-0.025530552578472365;0.5725931677018634;5.208333333333333;5.5444127480189005;2.8191894458607534;1.0854175732035336;0.38501051243547574;4.214764142036438;7.578438138961792;3.3636739969253533;0.4178477014814103;0.7;3.568108320236206;9.618478775024414
full_sampling;1;2024-03-18;2024-07-17;2.573153652747472;2.573153652747472;3.5907203420154854;0.013138836081968863;0.5538194444444444;5.541666666666667;4.968172909816106;3.6296996966629598;1.21096820961033;0.33362765815686046;3.3589763402938844;7.103326797485351;3.7443504571914663;0.4160389396879407;0.5916666666666667;2.621520519256592;8.801840782165527
full_sampling;2;2024-07-18;2024-11-22;2.364081386725108;2.364081386725108;2.991237825171785;0.2937691301474278;0.7686631944444444;5.075;4.539110275109609;3.5743307536005187;1.3535509701060053;0.3786865467731371;3.1047354459762575;6.3560705184936515;3.251335072517394;0.3251335072517394;0.6166666666666667;2.645486354827881;14.361801147460938
full_sampling;3;2024-11-23;2025-03-24;2.4958024442195894;2.4958024442195894;3.2014191591918175;-0.06178331292241257;0.5382384922073216;5.925;5.61372368534406;3.1199076155251397;0.8883915380348714;0.2847493091186734;4.188206791877747;7.314517450332642;3.126310658454895;0.3473678509394328;0.6916666666666667;3.7774906158447266;7.883343696594238
full_sampling;4;2025-03-25;2025-07-28;2.0579505344231923;2.0579505344231923;2.697136855696839;0.2144117474775128;0.5871394230769231;5.3;5.0216540197531385;3.055783880782543;1.2256785014366607;0.4011011737920359;3.777719223499298;6.862457776069641;3.0847385525703426;0.38319733572302406;0.75;2.7344553470611572;13.632975578308105
full_sampling;5;2025-07-29;2025-12-09;1.8917519291241964;1.8917519291241964;2.3457767727874796;-0.02218074040672735;0.6481818181818182;4.241666666666666;4.3409104466438295;2.329914462069418;0.7407145986448566;0.3179149323735077;3.3748507380485533;5.735987567901611;2.3611368298530575;0.2951421037316322;0.65;3.149195432662964;7.84082555770874
full_sampling;6;2025-12-10;2026-04-16;2.324858379364014;2.324858379364014;2.844009028636751;-0.026237084554649348;0.5912267080745341;5.208333333333333;5.537616833051046;2.8191894458607534;1.1291778916549624;0.400532817442569;4.252628779411316;7.735713529586792;3.4830847501754763;0.43268133542552495;0.7416666666666667;3.720970630645752;10.645503997802734
more_sampling;1;2024-03-18;2024-07-17;2.468666793902715;2.468666793902715;3.5024948924375328;0.0610382183520638;0.55859375;5.541666666666667;4.839775611956914;3.6296996966629598;1.0681988886630902;0.29429401270996636;3.530730152130127;6.882025814056396;3.3512956619262693;0.3723661846584744;0.6166666666666667;1.933727502822876;7.8082098960876465
more_sampling;2;2024-07-18;2024-11-22;2.3651285390059154;2.3651285390059154;3.0039743563412666;0.28774213932763626;0.7586805555555556;5.075;4.548980424801509;3.5743307536005187;1.3143522114937356;0.3677198060559319;3.2322622537612915;6.217478275299071;2.98521602153778;0.298521602153778;0.625;2.7862634658813477;13.553471565246582
more_sampling;3;2024-11-23;2025-03-24;2.46966868241628;2.46966868241628;3.153727028250036;-0.03038378714590162;0.6208771293947082;5.925;5.528821674982707;3.1199076155251397;0.8433692655593189;0.2703186662844066;4.088267588615418;6.910966515541076;2.822698926925658;0.3136332141028509;0.7083333333333334;3.766294240951538;7.840371608734131
more_sampling;4;2025-03-25;2025-07-28;2.030435562133789;2.030435562133789;2.69058450368749;0.21822408515299607;0.6237980769230769;5.3;4.884809939066569;3.055783880782543;1.1783105099061326;0.38560008033172294;3.370861804485321;6.752635288238525;3.381773483753204;0.4200960849382864;0.7;2.4950969219207764;12.885984420776367
more_sampling;5;2025-07-29;2025-12-09;1.8605947077274323;1.8605947077274323;2.3412011132066715;-0.01819690908956839;0.5290909090909091;4.241666666666666;4.333263192574183;2.329914462069418;0.8215089899838575;0.35259190985672384;3.398800003528595;5.857674169540405;2.4588741660118103;0.3073592707514763;0.55;2.936434030532837;8.886371612548828
more_sampling;6;2025-12-10;2026-04-16;2.353214645385742;2.353214645385742;2.869014552939908;-0.04436249060950792;0.5729813664596274;5.208333333333333;5.570505809783936;2.8191894458607534;1.0889907671525887;0.38627796679343007;4.221795511245728;7.790825009346008;3.5690294981002806;0.443357701627364;0.7166666666666667;3.5690603256225586;9.96640396118164
poisson_d3;1;2024-03-18;2024-07-17;2.4572534759839377;2.4572534759839377;3.5743825916342655;0.022098827311002656;0.5590277777777778;5.541666666666667;4.785821481545766;3.6296996966629598;0.8997916870839994;0.24789700589038857;3.5209078192710876;6.27311761379242;2.752209794521332;0.305801088280148;0.7083333333333334;2.9963419437408447;7.35730504989624
poisson_d3;2;2024-07-18;2024-11-22;2.3979912916819255;2.3979912916819255;3.173176416664774;0.2052450439522474;0.7890625;5.075;4.434911831219991;3.5743307536005187;0.93199243283636;0.2607459961273979;3.319890785217285;6.012151074409484;2.692260289192199;0.26922602891921993;0.6333333333333333;2.9755327701568604;10.478948593139648
poisson_d3;3;2024-11-23;2025-03-24;2.4305471897125246;2.4305471897125246;3.1325573270726914;-0.01659711124910257;0.5904313156940921;5.925;5.542459599177042;3.1199076155251397;0.7568590495664156;0.24259021190248348;4.454729580879212;6.844974303245545;2.390244722366333;0.26558274692959255;0.7916666666666666;4.092483997344971;7.770082950592041
poisson_d3;4;2025-03-25;2025-07-28;2.016936393578847;2.016936393578847;2.7160226495608986;0.2033715947162198;0.6316105769230769;5.3;4.92110599676768;3.055783880782543;0.9766187841495447;0.3195968112442057;3.8252584457397463;6.573536992073058;2.748278546333312;0.3414010616563122;0.7833333333333333;3.3068463802337646;11.734197616577148
poisson_d3;5;2025-07-29;2025-12-09;1.8347929855187735;1.8347929855187735;2.279305303669649;0.03492885086692432;0.6081818181818182;4.241666666666666;4.311234297355016;2.329914462069418;0.6782960154618118;0.29112485737324145;3.556097137928009;5.659990906715392;2.1038937687873833;0.2629867210984229;0.6083333333333333;3.362778902053833;7.1291279792785645
poisson_d3;6;2025-12-10;2026-04-16;2.2855210483074186;2.2855210483074186;2.783029041330239;0.01729935868205512;0.5741459627329193;5.208333333333333;5.429340944687525;2.8191894458607534;0.8220688073289204;0.2915975755144496;4.127453756332398;6.843492650985717;2.7160388946533196;0.3373961359817788;0.7083333333333334;3.8122174739837646;7.434248924255371
absolute_d3;1;2024-03-18;2024-07-17;2.467799238363902;2.467799238363902;3.661299660126216;-0.02603799876610391;0.5863715277777778;5.541666666666667;4.466297241051992;3.6296996966629598;0.899158146107189;0.24772246225599567;3.14335173368454;5.960042119026184;2.8166903853416443;0.3129655983712938;0.5666666666666667;2.651890277862549;6.692413806915283
absolute_d3;2;2024-07-18;2024-11-22;2.441881537437439;2.441881537437439;3.362626713941532;0.10751253180893106;0.7782118055555556;5.075;4.075387481848399;3.5743307536005187;0.8013716339877796;0.22420186861009897;2.997156012058258;5.708172869682312;2.7110168576240543;0.27110168576240545;0.48333333333333334;2.385359048843384;7.631877422332764
absolute_d3;3;2024-11-23;2025-03-24;2.4004581689834597;2.4004581689834597;3.2159193854578207;-0.07142339088909355;0.5984052192823487;5.925;5.0047088146209715;3.1199076155251397;0.5988245196189387;0.19193661909701937;4.180507326126099;6.028946208953857;1.8484388828277583;0.20538209809197314;0.9;3.599911689758301;7.119006156921387
absolute_d3;4;2025-03-25;2025-07-28;2.111188954114914;2.111188954114914;2.902815942421401;0.09002803503500567;0.6346153846153846;5.3;4.427353821198145;3.055783880782543;0.8986470978864546;0.2940807115116805;3.3653322577476503;6.126303219795227;2.760970962047577;0.3429777592605687;0.65;2.7166733741760254;9.31141185760498
absolute_d3;5;2025-07-29;2025-12-09;1.8038954238096874;1.8038954238096874;2.344244951625325;-0.020846183030996723;0.6027272727272728;4.241666666666666;3.978171088298162;2.329914462069418;0.7187149096296874;0.3084726591169912;3.0702214360237123;5.2395504236221315;2.169328987598419;0.2711661234498024;0.375;2.661888360977173;7.834516525268555
absolute_d3;6;2025-12-10;2026-04-16;2.246729838848114;2.246729838848114;2.774946861514744;0.022998782211378632;0.6160714285714285;5.208333333333333;4.970872334639231;2.8191894458607534;0.7519537839334955;0.26672694346154857;3.8334377646446227;6.260199046134948;2.4267612814903257;0.30146102875656217;0.8;3.2843878269195557;7.124980449676514
