row;FECHA_DIA;EVENTOS;fold;d2_squared;d2_poisson;d2_absolute;d3_absolute;d2_tweedie_11;d2_tweedie_13;d2_tweedie_15;d2_quantile_50;d2_quantile_60
724;2024-03-18;7.0;1;6.3696847;6.5948906;5.388216;5.385253;7.1418457;6.8870726;7.36924;5.8131776;6.8845863
725;2024-03-19;4.0;1;6.265685;6.35527;5.9111557;5.802866;6.991823;6.7983236;6.8359094;5.7577834;7.1151404
726;2024-03-20;4.0;1;6.016654;6.0635624;5.694777;5.985875;6.350951;6.4498672;6.059574;5.853404;6.8806067
727;2024-03-21;3.0;1;5.2629275;5.4836;5.012653;5.193983;5.524285;5.67588;5.6226654;5.1847653;5.820222
728;2024-03-22;4.0;1;4.8163047;4.974244;4.3269544;4.078475;4.6806808;4.7033386;4.4644465;4.4754353;5.1404395
729;2024-03-23;3.0;1;6.2500935;5.5235853;5.3449707;4.8785067;6.262337;5.7438645;5.98088;5.0612507;5.3453035
730;2024-03-24;1.0;1;4.521445;4.102173;3.8499572;3.7949226;4.2505407;4.0116487;4.1336565;3.7140331;4.041117
731;2024-03-25;4.0;1;5.520585;5.412836;5.2987924;5.5811524;5.8045797;5.7303295;5.6069555;5.0042987;5.9090033
732;2024-03-26;5.0;1;6.539539;5.676838;5.445546;5.6422453;6.8400903;6.2420945;6.170127;5.133036;5.9564595
733;2024-03-27;4.0;1;5.7212086;5.5038643;4.7063303;4.790735;5.6262784;5.622274;5.6736503;4.641037;5.50543
734;2024-03-28;4.0;1;6.43017;6.1656065;4.9660974;5.386002;6.9208584;6.7102675;6.8725905;5.188954;6.4511967
735;2024-03-29;3.0;1;5.4676642;5.590243;5.0163274;4.7328086;5.574957;5.691471;5.6608686;4.8792977;5.487445
736;2024-03-30;1.0;1;5.842346;5.7272115;5.039083;5.6233816;5.5511475;5.246494;5.3102536;4.741147;5.904978
737;2024-03-31;3.0;1;5.3699107;4.847355;4.608891;4.7919064;5.2146015;5.173023;5.275248;4.6500893;5.56388
738;2024-04-01;4.0;1;5.9165554;5.4207397;4.903165;4.8317003;5.683993;5.775629;5.7326393;4.9581776;6.2158523
739;2024-04-02;5.0;1;5.927181;5.1886826;4.9872327;5.439491;5.628861;5.5236993;5.491215;5.099522;5.846966
740;2024-04-03;6.0;1;5.920121;5.500239;5.217518;5.366476;5.9190598;5.7515125;6.0193353;5.1542754;5.8837743
741;2024-04-04;3.0;1;5.8600907;4.9263563;5.1049733;5.27222;5.856448;5.4940615;5.5975432;5.150393;5.801762
742;2024-04-05;7.0;1;5.687813;5.212865;5.040592;5.288835;5.76988;5.6611123;5.671611;5.0826097;5.547276
743;2024-04-06;8.0;1;6.178436;5.1154237;5.2801538;4.9897423;6.0130234;6.0515037;5.8565364;5.3066735;5.264811
744;2024-04-07;3.0;1;4.480293;4.613275;4.432335;4.026601;4.5725307;4.377277;4.250381;4.3126445;4.471786
745;2024-04-08;4.0;1;5.125257;4.9298882;4.7828107;4.0580077;4.630344;4.523841;4.4430027;4.1446834;4.736578
746;2024-04-09;4.0;1;4.093369;4.1377745;3.59708;3.5234392;3.7594583;3.9039903;3.812308;3.7270925;4.223612
747;2024-04-10;3.0;1;4.3562803;4.524566;4.304375;4.2302127;4.121797;4.2344327;4.1449027;4.176343;4.947899
748;2024-04-11;4.0;1;4.8093143;4.7898693;4.729886;4.870668;4.7635717;4.8082833;4.799947;4.8434834;5.1309795
749;2024-04-12;4.0;1;4.918245;4.7925105;4.4224696;3.859105;4.587375;4.6553206;4.3956237;4.012392;5.0465717
750;2024-04-13;2.0;1;4.4519954;3.9381628;4.53599;4.4559875;3.5441432;3.2482564;3.2913134;4.7521577;5.3064046
751;2024-04-14;2.0;1;4.966845;4.352564;4.0087376;3.7246115;4.435426;4.3761406;3.9600332;3.9897742;4.9744287
752;2024-04-15;3.0;1;4.7148957;4.138384;3.894199;3.5860171;4.0779777;4.13214;3.9906936;3.7499185;4.420776
753;2024-04-16;2.0;1;5.322693;4.7045236;5.05161;4.2679334;5.336101;5.2228246;5.102017;4.7212386;4.9352384
754;2024-04-17;7.0;1;5.870178;4.9753847;4.5916405;4.48332;5.459446;5.4620566;5.263253;4.480081;5.282335
755;2024-04-18;10.0;1;4.8517528;4.559974;4.1773114;4.107034;4.6385627;4.6834784;4.725746;4.1052256;4.840585
756;2024-04-19;9.0;1;4.4633503;4.594521;3.9726598;4.1820693;4.5831203;4.298312;4.248769;4.141982;5.2805653
757;2024-04-20;4.0;1;4.334192;4.5956807;3.924329;4.185557;4.3247294;4.282695;4.2952623;4.2302175;4.7233424
758;2024-04-21;5.0;1;4.931156;5.048051;4.2919035;4.0369415;4.793806;4.6140747;4.8039923;4.381388;5.2159247
759;2024-04-22;4.0;1;5.2910666;5.2551794;4.8604093;4.6063;4.8238273;3.9773762;3.6744637;4.8313603;5.6523333
760;2024-04-23;3.0;1;4.5668073;4.5388637;4.005402;3.8619885;4.4569597;4.6210804;4.701103;3.960661;4.6028843
761;2024-04-24;5.0;1;4.2187214;4.3187876;4.4722543;4.7766438;4.240002;4.385225;4.110889;4.547898;5.1724253
762;2024-04-25;3.0;1;4.192768;4.562498;4.3542223;4.007744;4.1802325;4.1158476;4.176479;4.207997;5.0452843
763;2024-04-26;4.0;1;5.317335;5.4982557;4.60875;4.611298;5.8465867;6.058548;6.073734;4.9286566;5.675153
764;2024-04-27;4.0;1;5.0709248;4.745113;4.461736;4.4977016;5.4310856;5.435878;5.3175726;4.3746305;5.377458
765;2024-04-28;8.0;1;4.5890713;4.246837;3.7619548;3.7292683;4.29322;4.183531;4.2593684;3.8466077;4.677966
766;2024-04-29;8.0;1;7.3534036;6.53265;5.86794;5.916688;6.590244;5.8411503;6.0025983;6.055042;6.379337
767;2024-04-30;3.0;1;5.4416847;5.650061;4.856132;4.8337693;5.9841094;5.9882827;6.100851;4.9789367;5.5192046
768;2024-05-01;7.0;1;4.248178;4.3635726;4.185718;4.0735674;4.260736;4.2347617;4.076397;4.045049;4.327915
769;2024-05-02;2.0;1;3.852658;4.0761795;3.45787;3.618712;3.976379;4.034324;3.8052845;3.5195997;3.8208687
770;2024-05-03;7.0;1;4.3516526;4.295612;4.4397306;4.5718937;4.2173223;4.292764;4.1130033;4.44312;4.7465005
771;2024-05-04;7.0;1;4.4957643;4.697567;4.637222;4.700431;4.7320423;4.7939806;4.8208785;4.7624865;4.7752967
772;2024-05-05;6.0;1;4.19462;4.252865;4.2880898;4.3056264;4.30185;4.183744;4.25113;4.568448;4.642475
773;2024-05-06;2.0;1;5.4393005;5.1056504;5.0215883;4.7355237;5.506138;5.413972;5.1821747;5.2866144;5.4016895
774;2024-05-07;2.0;1;4.100948;4.4327745;4.89353;4.76426;3.9896722;3.3499746;3.4560976;4.6439056;4.5958085
775;2024-05-08;2.0;1;3.4538403;3.8826852;3.7258577;3.360323;3.5391896;3.5913262;3.7000682;3.722276;4.060966
776;2024-05-09;3.0;1;4.160411;4.1123385;4.0464554;3.9274006;4.232823;4.351298;4.4599414;4.253204;4.5530534
777;2024-05-10;1.0;1;4.23701;4.1210356;3.8279684;3.9275234;4.150337;4.191679;4.1145287;3.8665497;4.4994164
778;2024-05-11;5.0;1;4.2341523;4.0838647;3.8977003;3.8633845;4.3040514;4.1764793;3.8835063;4.005184;3.928962
779;2024-05-12;10.0;1;3.2182052;3.521699;3.2033346;3.242304;3.3134816;3.2862425;3.3067796;2.9810562;3.6089344
780;2024-05-13;6.0;1;4.959835;4.3867702;3.5630393;4.3705864;4.618047;4.4762373;4.5515714;3.708156;4.7592564
781;2024-05-14;4.0;1;4.13671;3.9981084;3.2308853;3.150767;3.9594243;4.04542;3.9136684;3.2689998;3.9443643
782;2024-05-17;5.0;1;4.524292;4.2998433;3.976022;4.275753;4.436166;4.2326384;3.8936484;4.1397104;4.788046
783;2024-05-18;10.0;1;4.012101;3.7699559;3.1410477;3.1887102;3.8069673;3.801527;3.4882083;3.2787147;4.204432
784;2024-05-19;3.0;1;4.640188;3.4561543;4.0466814;4.016705;3.2396085;2.981593;2.732438;4.204442;4.943774
785;2024-05-20;7.0;1;3.5415785;3.9230955;3.700161;3.6150987;3.6760051;3.7369106;3.7854028;3.6821601;4.0443025
786;2024-05-21;3.0;1;3.5846403;3.8318248;3.826214;3.681226;3.7748034;3.7556813;3.80339;3.8004756;4.365793
787;2024-05-22;3.0;1;3.295891;3.6888475;3.4129055;3.301841;3.3506134;3.3903708;3.370417;3.402732;3.8573496
788;2024-05-23;4.0;1;3.9686897;4.002493;3.7600477;3.801342;3.7720404;3.850609;4.1299615;3.8353505;4.7033763
789;2024-05-24;10.0;1;4.9186273;4.5875235;5.241476;4.801066;4.944562;4.671492;4.76831;4.8459997;5.0860877
790;2024-05-25;4.0;1;4.165218;4.142177;3.6876197;3.9917114;4.108668;4.2413516;4.3433843;4.059713;4.682586
791;2024-05-26;9.0;1;3.9326386;4.069873;3.6730425;3.4586227;3.931657;3.8875153;3.9876966;3.6407385;3.6502402
792;2024-05-27;6.0;1;4.243088;4.0345716;3.590146;4.0775986;4.290557;3.821535;3.6755025;3.8162434;4.1687465
793;2024-05-28;4.0;1;2.4942467;3.3151336;2.8684082;2.617208;2.765198;2.734504;2.5911622;2.9849641;3.3310645
794;2024-05-29;10.0;1;3.8838544;3.960113;3.6117172;3.59966;3.908091;3.9866917;3.777152;3.7358289;4.008157
795;2024-05-30;2.0;1;3.461019;3.8897524;2.8278358;2.9525077;3.5516276;3.2653224;2.9725738;2.7827737;4.20597
796;2024-05-31;11.0;1;3.0332754;3.1682508;3.188045;3.4726076;2.7868307;2.9335566;2.575089;3.0995054;4.3663297
797;2024-06-01;3.0;1;4.133418;4.0638833;3.625366;3.8912365;4.2519994;4.0817595;4.182467;3.9546425;4.506714
798;2024-06-02;2.0;1;3.961448;4.130521;3.8000886;3.4673126;4.000433;4.012867;3.917077;4.103321;4.004878
799;2024-06-03;11.0;1;4.7686114;4.6484013;4.3848796;4.6858835;4.7390957;4.619546;4.51808;4.7714086;4.8984284
800;2024-06-04;5.0;1;4.79465;4.708919;4.358165;4.2627754;4.6991773;4.6524487;4.7237344;4.6423273;5.209639
801;2024-06-05;9.0;1;5.860295;5.484192;5.053142;5.2723303;5.045731;5.0489235;4.478531;5.0615993;6.867573
802;2024-06-06;6.0;1;3.7379963;4.1580977;3.5876248;3.9092581;3.7177722;3.5914602;3.57486;3.7203922;4.488828
803;2024-06-07;7.0;1;3.3726468;4.1451635;3.76386;3.6823125;3.5713067;3.284063;3.349507;3.8891313;4.2100277
804;2024-06-08;4.0;1;5.1288357;4.978693;4.1267505;4.43235;4.1795216;4.032694;3.9400213;4.695958;4.7163377
805;2024-06-09;2.0;1;3.717542;3.757245;3.6159337;3.366623;3.4252207;3.3901174;3.464899;3.5684779;4.0670505
806;2024-06-10;8.0;1;7.0751395;6.938682;6.1270432;5.8531117;6.646717;6.473083;6.6797686;6.336516;6.304447
807;2024-06-11;20.0;1;7.12466;6.4333105;5.7855706;5.565851;5.7733955;5.745452;5.671389;6.049126;6.5535955
808;2024-06-12;20.0;1;8.492483;7.251052;5.977982;6.642106;5.9154854;5.467659;5.1745367;6.3024697;7.9477844
809;2024-06-13;20.0;1;7.6147327;6.126402;4.965;5.0178623;4.6641293;3.9257627;3.4248788;5.231118;8.413491
810;2024-06-14;5.0;1;5.1802063;5.666572;4.542585;4.5815306;3.7806149;3.1872063;2.6135342;4.8646665;6.621033
811;2024-06-15;6.0;1;6.797357;6.4902678;5.3244953;5.136543;5.309446;4.8984895;4.1529236;5.616127;8.036667
812;2024-06-16;3.0;1;6.0852947;5.886118;5.0925894;5.046801;4.927112;4.314839;4.3570375;5.2062626;6.588435
813;2024-06-17;5.0;1;5.756247;5.167987;5.6788507;5.903591;4.4878783;3.908949;3.7364633;6.3057084;6.271008
814;2024-06-18;8.0;1;5.30257;4.7145824;5.0659933;4.889468;4.180901;3.7692316;3.6653693;5.3101277;5.8009768
815;2024-06-19;6.0;1;4.9437466;4.765224;4.836309;4.5640697;4.0596933;3.4904115;3.0200129;5.051245;5.2305827
816;2024-06-20;6.0;1;7.701575;7.077446;5.576201;5.6612177;6.42525;5.543933;5.548927;6.1318955;6.6139483
817;2024-06-21;18.0;1;8.310665;7.179054;5.537602;4.7025514;6.947429;6.1113276;6.3846726;5.2811456;5.4017935
818;2024-06-22;3.0;1;6.2228518;5.164414;4.7565694;5.0502543;4.814108;4.3716803;4.518598;4.868226;5.388472
819;2024-06-23;7.0;1;7.2504873;6.0627007;4.694227;4.8265405;5.3192344;4.619334;4.269127;4.328922;6.2637315
820;2024-06-24;6.0;1;6.279687;5.3130155;4.4465456;4.8768263;4.797948;4.875727;4.275553;4.139089;5.6653023
821;2024-06-25;3.0;1;5.6398106;5.2806377;4.67708;5.38039;4.93873;4.3107266;4.2979374;4.5393515;5.6163926
822;2024-06-26;10.0;1;6.5043106;5.9493914;5.6942806;5.882139;5.6097927;5.509088;5.7910504;5.9619718;6.100645
823;2024-06-27;3.0;1;5.7491775;5.784249;5.3646383;5.5457296;5.8490043;5.4392896;5.349419;5.702481;5.405178
824;2024-06-28;2.0;1;5.862287;4.9962983;4.815321;4.848558;5.0648136;4.4856534;4.542543;5.2035522;5.455606
825;2024-06-29;10.0;1;6.9201326;5.9639945;5.2475123;5.526501;7.282365;6.9633994;6.853064;5.6901565;6.16924
826;2024-06-30;3.0;1;4.8216968;4.222315;3.6749904;3.348306;3.587477;3.5595632;3.1814933;4.0943193;5.002114
827;2024-07-01;4.0;1;5.54391;4.4837;4.6873307;4.5203843;4.158214;4.0295677;3.9465587;4.8405313;5.581781
828;2024-07-02;5.0;1;4.491147;4.1708193;3.8656914;4.395471;4.1963835;3.8920033;3.9958851;3.7374744;4.4389896
829;2024-07-03;8.0;1;5.5244565;4.8136168;4.378903;4.6745434;5.098522;4.8406286;4.7021575;4.308618;5.041425
830;2024-07-04;4.0;1;4.7333345;4.5900226;3.498415;3.7637062;3.8060553;3.4691284;3.3067746;3.358392;3.6454775
831;2024-07-05;4.0;1;5.034678;5.2676716;3.8574717;4.1944647;4.3278317;4.3621035;4.212032;4.0411553;4.4019127
832;2024-07-06;4.0;1;4.1504188;3.8841105;3.0091283;3.0655422;3.514073;3.2833636;3.4391603;3.0208523;3.6473668
833;2024-07-07;2.0;1;4.384025;4.2421036;3.1540697;3.3384905;3.7256281;3.4551446;3.3976483;3.2625368;3.6054587
834;2024-07-08;7.0;1;4.741921;4.3268332;3.184046;3.4626887;4.1854224;4.0268;3.8802457;3.3638446;3.6363575
835;2024-07-09;11.0;1;4.471942;4.362611;3.0758133;3.1084895;3.7361615;3.3343377;3.177918;2.807399;3.2761157
836;2024-07-10;7.0;1;5.480315;5.132567;3.8490114;3.7429154;5.0391755;4.6347237;4.85046;4.026834;4.384577
837;2024-07-11;6.0;1;4.610884;4.331621;3.5298314;3.7215047;4.1889477;3.8936753;3.723857;3.6296604;4.003337
838;2024-07-12;3.0;1;5.203458;4.688746;3.6961377;3.866049;4.7328353;4.43847;4.536083;3.657138;3.9395418
839;2024-07-13;5.0;1;5.30814;5.045358;4.627729;4.390559;5.012254;4.532208;4.6696362;4.587958;4.8334827
840;2024-07-14;6.0;1;3.8696895;3.9565465;3.3851218;3.502386;3.9463818;3.6507795;3.5829391;3.4166617;4.232073
841;2024-07-15;6.0;1;3.3186185;3.6849504;2.9498982;2.970651;3.2031462;2.90973;2.633472;2.9540606;3.3713303
842;2024-07-16;4.0;1;4.2722597;3.7904875;3.6684241;3.801383;3.9547477;3.8481314;3.2307706;3.8903239;4.5247736
843;2024-07-17;12.0;1;3.9634101;3.8496659;3.2645392;3.2035775;3.6719682;3.5201302;3.3584812;3.1928358;4.2383523
844;2024-07-18;3.0;2;5.4785047;5.244893;4.371686;4.3390455;5.711239;5.665069;5.464845;4.708347;5.333719
845;2024-07-19;9.0;2;5.649804;6.0799956;5.260351;5.4028435;5.438441;5.2567205;5.1996803;5.507928;5.991026
846;2024-07-20;4.0;2;4.0691476;4.501894;3.4324944;3.6688151;4.104659;4.008355;3.816588;3.8970182;4.90027
847;2024-07-21;4.0;2;4.8397427;4.799885;4.3381686;4.0322986;5.1140237;4.9371786;4.8265195;4.4577594;4.848258
848;2024-07-22;11.0;2;5.320575;5.154435;5.067304;5.2775946;5.485089;5.190662;5.324402;5.1756506;5.2675614
849;2024-07-23;2.0;2;5.110182;5.178941;4.8859816;4.67638;5.033329;4.733338;4.9691486;4.7461257;5.3622837
850;2024-07-24;1.0;2;5.6539016;5.406217;4.7007914;5.031603;5.265112;5.15535;4.836518;4.710403;5.369495
851;2024-07-25;2.0;2;5.632675;5.1640167;4.440899;4.379161;5.8509912;5.667702;5.49609;4.6405673;5.6482744
852;2024-07-26;4.0;2;4.195911;3.9792469;3.6163406;3.934541;4.1171637;3.8453512;3.8211884;3.6736588;4.262913
853;2024-07-27;6.0;2;4.004181;4.0482726;3.885204;4.391098;3.749689;3.6667595;3.5290818;3.9504223;4.5581155
854;2024-07-28;3.0;2;4.0471544;4.194305;3.6155093;3.8041725;3.7932918;3.3880908;3.354488;3.902454;4.523604
855;2024-07-29;6.0;2;2.7282305;3.4010875;3.4689653;3.1133955;2.62175;2.4199562;2.314522;3.422301;3.998348
856;2024-07-30;8.0;2;3.355401;3.6657188;3.3961527;3.7089417;3.2398505;3.2775526;3.1868517;3.5973408;4.368942
857;2024-07-31;16.0;2;7.995908;7.4537945;7.139453;7.0263085;7.796647;7.963328;8.15128;6.8182693;8.190525
858;2024-08-01;23.0;2;13.815073;13.038502;9.7865505;9.64907;14.160196;13.070706;13.719671;9.713042;12.055017
859;2024-08-02;17.0;2;7.877443;5.8316736;6.87573;7.491644;5.662193;5.7116528;5.593231;6.4623294;10.035957
860;2024-08-03;8.0;2;5.0034137;5.1773825;5.9222717;5.6132183;4.792168;5.3092794;5.2332873;5.663436;7.343976
861;2024-08-04;12.0;2;7.644783;6.87266;6.827713;6.5193624;7.3082;6.95352;6.9137764;6.5827518;7.5366817
862;2024-08-05;10.0;2;6.905105;6.530925;6.6302423;6.524271;6.684078;6.9519253;6.8374405;6.607486;8.826308
863;2024-08-06;10.0;2;3.6665404;4.24166;4.0888534;3.8449707;3.6620185;3.5216744;3.4205241;4.5231147;4.7472105
864;2024-08-09;9.0;2;4.9816523;4.8618946;4.8877974;5.2338486;5.193429;4.9643993;4.7082276;4.7614584;5.7041917
865;2024-08-10;9.0;2;5.4005923;5.1815324;4.394179;4.3854074;5.1097317;5.3698187;4.958454;4.3793163;5.1353226
866;2024-08-11;7.0;2;4.5679216;4.796567;4.095407;4.7423296;4.3646045;4.249749;3.948345;4.5550942;5.3322725
867;2024-08-12;6.0;2;4.2419705;4.3589783;3.7984931;4.2234163;4.0694914;4.0906787;4.1311183;3.91069;4.763256
868;2024-08-13;6.0;2;4.5084715;4.48703;3.986801;4.130289;4.257165;4.4499154;4.4600735;3.8933742;4.543451
869;2024-08-14;8.0;2;4.357517;4.454054;3.7682056;4.096636;4.306947;4.3691306;4.4050117;3.7123172;4.4238057
870;2024-08-15;2.0;2;4.7834873;4.4616537;3.9241755;4.263998;4.462144;4.3760586;4.407327;4.1844726;4.543506
871;2024-08-16;3.0;2;5.1853986;4.731036;4.3727093;4.4491653;4.8490534;5.0405903;5.0029597;4.1898737;5.222235
872;2024-08-17;6.0;2;4.83583;4.5246468;4.370824;4.750594;4.798667;5.126382;5.084635;4.3416195;4.9156437
873;2024-08-18;9.0;2;4.9997506;4.6984825;4.148184;4.488162;5.110484;5.320451;5.1909933;3.9325297;5.0710926
874;2024-08-19;2.0;2;5.0772305;4.6546435;4.2269015;4.7209225;4.771604;4.9515243;4.902653;4.5835514;4.141274
875;2024-08-20;3.0;2;4.8209696;4.28536;4.075012;4.8938713;4.411027;4.5958424;4.4730296;4.127431;4.416104
876;2024-08-21;2.0;2;4.5177665;4.2455072;3.7892597;4.3326616;4.221104;4.223111;4.1634154;3.9507098;4.742219
877;2024-08-22;7.0;2;4.263885;3.9753513;3.6929688;3.8859413;4.0238523;3.979927;4.023646;4.046095;4.6001644
878;2024-08-23;6.0;2;4.5137463;3.9315178;3.921603;4.067154;4.1185;4.141831;4.067984;4.3380675;3.9045825
879;2024-08-24;4.0;2;3.6962895;3.8191562;3.6142776;3.6651168;3.4744468;3.6649668;3.7529116;3.4427972;4.090944
880;2024-08-25;6.0;2;4.128248;4.0233903;3.5175521;3.9267373;4.137273;4.0790544;4.0694013;3.3132339;4.2968874
881;2024-08-26;11.0;2;5.159259;4.4774284;4.366807;4.836445;4.4900346;4.8195934;4.78516;4.3041334;4.9681187
882;2024-08-27;4.0;2;5.132407;4.917916;3.9115098;4.196706;4.986199;5.0778985;5.253256;3.99587;5.040437
883;2024-08-28;4.0;2;5.051826;4.651055;4.5519614;5.160962;4.635378;4.732008;4.6976013;4.5185432;5.056713
884;2024-08-29;8.0;2;5.4006863;4.6561427;3.7358086;4.4477015;4.7700377;5.0380864;4.9968333;3.825602;4.8074417
885;2024-08-30;4.0;2;4.67363;4.227727;3.8399305;3.919333;4.3269353;4.4013734;4.2769976;3.7087233;4.5248094
886;2024-08-31;9.0;2;4.8473716;4.4798403;3.8434591;4.08805;4.608692;4.659526;4.6544633;3.772564;4.7649207
887;2024-09-01;4.0;2;4.06061;4.2096286;3.3361673;3.6556907;4.118867;4.093644;4.206068;3.6120868;4.2526875
888;2024-09-02;5.0;2;4.288379;4.355162;4.438771;4.5877237;4.459398;4.391417;4.292683;4.447714;5.1365576
889;2024-09-03;6.0;2;4.6881957;4.6293144;3.9598918;4.2399254;4.730834;4.435573;4.212738;3.9995365;4.8057065
890;2024-09-04;11.0;2;4.327892;4.1276913;3.9538145;3.9353998;3.8905566;4.158382;4.162878;3.773384;4.4648347
891;2024-09-05;4.0;2;5.5348682;5.1658945;4.229874;4.6987357;5.6094913;5.6734304;5.5465336;4.7046123;5.274184
892;2024-09-06;9.0;2;4.921194;4.981174;4.182998;4.5677977;4.875392;4.8812814;4.7248764;4.589685;4.9932423
893;2024-09-07;4.0;2;4.3399754;4.4721465;3.6083055;4.147249;4.757166;4.8200116;4.8284044;3.786966;4.4880376
894;2024-09-08;1.0;2;4.0450616;4.249802;3.9347186;4.0860796;4.2976446;4.294328;4.3212795;3.9175363;4.687941
895;2024-09-09;6.0;2;5.178566;4.799965;4.0847507;4.710617;5.0211916;5.148401;5.1505733;4.346309;5.3389463
896;2024-09-10;5.0;2;4.3192406;4.1870995;3.9315019;4.2522573;4.335826;4.4668074;4.368903;4.3017383;4.8306713
897;2024-09-11;3.0;2;4.0063562;3.990936;3.527443;3.7883935;4.022885;4.113625;4.2511263;3.7502766;4.8379703
898;2024-09-12;2.0;2;4.923662;4.6994123;4.2008758;4.115483;4.6266236;4.967592;4.934714;4.1881504;5.4651623
899;2024-09-13;7.0;2;4.8976874;4.4725885;4.186344;4.5479593;4.7607737;4.4340386;4.262653;4.196378;5.241532
900;2024-09-14;10.0;2;4.1524515;4.1206717;3.7656782;3.8307443;4.181329;4.3808527;4.491532;3.9929333;4.750789
901;2024-09-15;4.0;2;4.783971;4.5731936;3.839365;3.9644082;4.663423;4.4622297;4.6850767;3.8840744;5.038532
902;2024-09-16;8.0;2;4.5435705;4.358019;4.423026;4.796073;4.302446;4.1965985;4.0611777;4.9594736;5.331818
903;2024-09-17;1.0;2;3.6111243;3.83841;3.5192058;3.5219562;3.5402024;3.5799694;3.4081442;3.9182172;4.771305
904;2024-09-18;1.0;2;6.5813727;5.9073863;6.1778617;6.258553;5.6781254;6.3111224;5.9860797;6.255023;7.121122
905;2024-09-19;6.0;2;5.8191557;5.2969956;5.1702847;5.457524;4.674403;4.687296;4.2507977;5.323835;6.18605
906;2024-09-20;2.0;2;4.1282825;4.1718087;4.2410355;4.607607;4.0359516;4.0915236;4.313838;4.535987;5.232526
907;2024-09-21;6.0;2;3.9063864;3.8916767;4.293335;4.3418827;3.8008287;3.8675208;3.8100476;4.692839;5.1070056
908;2024-09-22;3.0;2;3.5188253;3.9499686;3.568775;3.5316446;3.5452604;3.5932503;3.5831294;3.698039;4.355504
909;2024-09-23;3.0;2;4.1786523;4.4238462;4.5421605;4.280984;4.2051077;4.1850553;4.4441395;4.5927296;5.5719495
910;2024-09-24;2.0;2;3.840197;3.794378;3.717653;3.8694692;3.918842;3.9875772;3.8637652;3.7415326;4.552981
911;2024-09-25;6.0;2;3.7573388;3.8759727;3.220274;3.1716275;4.10682;3.6950886;3.791337;3.3347735;4.343212
912;2024-09-26;1.0;2;4.999948;4.5609107;3.8852098;3.8985941;5.406382;5.203568;5.308834;4.0788374;5.491032
913;2024-09-27;4.0;2;4.034932;4.2481546;3.5398278;3.754982;3.940647;3.9038715;3.947014;3.8000202;4.8592296
914;2024-09-28;3.0;2;2.9536943;3.5563307;3.3387203;3.1366456;3.115192;2.9883003;2.9149296;3.2776937;4.099182
915;2024-09-29;4.0;2;2.9633195;3.2468832;2.3569329;2.0255454;2.5049279;2.3216486;1.9743694;2.1196876;3.5751598
916;2024-10-02;1.0;2;4.3244023;3.9780018;3.9465797;4.289524;3.7139008;3.3382723;3.381075;4.1139956;4.7838054
917;2024-10-03;4.0;2;3.6673775;3.6500497;3.351113;3.4914665;3.545389;3.5693996;3.5185556;3.3003697;4.0088873
918;2024-10-04;5.0;2;4.1294684;4.0491076;3.5738647;3.5326118;4.160024;3.9703927;4.1120386;3.5306406;4.1873894
919;2024-10-05;5.0;2;3.0528812;3.469144;2.905736;3.060476;3.3790271;3.247249;3.0886467;2.917523;3.708184
920;2024-10-06;4.0;2;3.0457542;3.4137926;2.845458;2.9667094;3.2020857;3.2119257;3.0133169;2.7445347;3.646909
921;2024-10-07;5.0;2;2.6984482;3.4485934;2.8268502;3.0448642;2.8499067;2.805182;2.7140114;2.838641;3.6687124
922;2024-10-08;2.0;2;2.9528372;3.4404254;3.0016248;3.1449974;3.0142481;3.0242493;2.9780722;3.0025628;3.7126958
923;2024-10-09;2.0;2;2.575077;3.1729467;2.4540327;2.6099977;2.7567596;2.8020194;2.645768;2.6182733;3.4638054
924;2024-10-10;1.0;2;4.0462255;4.1210785;3.4172053;3.7840128;3.8643155;3.9777546;3.72134;3.5554378;4.4814725
925;2024-10-11;4.0;2;3.9866877;4.05077;3.8826509;4.25774;3.7854612;3.8658466;3.9679644;3.8599849;4.594524
926;2024-10-12;5.0;2;3.4054408;3.4864252;3.3947067;3.7587514;3.454655;3.2533193;3.1993892;3.3413048;4.2154074
927;2024-10-13;6.0;2;3.6114593;3.669777;3.5412574;3.6898441;3.6772332;3.6431692;3.4933808;3.5411892;4.4384484
928;2024-10-14;2.0;2;3.4740646;3.7002351;3.2479744;3.585688;3.5227623;3.5282838;3.6067038;3.2027125;4.134604
929;2024-10-15;5.0;2;3.3050942;3.4603055;2.8901975;3.0437694;3.4327264;3.2292707;3.286966;2.7114115;3.5857306
930;2024-10-16;2.0;2;4.088706;4.014224;3.9118042;3.8798983;3.9718208;4.0257607;3.844517;3.935094;4.4728007
931;2024-10-19;5.0;2;3.4982994;3.6617506;3.2524486;3.595714;3.5520968;3.6080534;3.6655986;3.363283;4.0317016
932;2024-10-20;6.0;2;4.018701;3.979351;3.742634;3.6628108;3.8593583;3.7906387;3.6636193;3.8302782;4.38378
933;2024-10-21;1.0;2;4.336212;4.1221423;3.9843028;3.9841337;4.5381904;4.537185;4.521808;3.8072128;4.62216
934;2024-10-22;1.0;2;3.1802118;3.3763916;3.0083525;3.0443223;3.3282819;3.2439382;3.3185968;3.0610585;3.9097989
935;2024-10-23;3.0;2;3.9243474;3.9271758;3.466827;3.2752488;3.9510858;3.9946463;3.8188124;3.5238178;3.9309669
936;2024-10-24;4.0;2;3.0084307;3.3192604;2.962439;3.4133887;3.2103693;3.1444337;3.14983;3.2922983;3.3503141
937;2024-10-25;2.0;2;5.420737;4.877074;4.6363783;4.770479;5.227329;5.1381974;5.2139754;4.8971167;5.5095735
938;2024-10-26;2.0;2;3.8310778;3.9970946;3.8982532;3.9006572;3.828064;3.8700707;3.893006;3.827483;4.763379
939;2024-10-27;0.0;2;3.9061966;3.9028404;3.393326;3.183215;3.9924421;4.0547214;4.0683994;3.4700525;4.511402
940;2024-10-28;2.0;2;2.918732;3.5602274;3.4015288;3.1457076;3.0253105;3.0574908;2.8623006;3.1714694;3.8828115
941;2024-10-29;4.0;2;4.0575843;4.261983;3.980633;4.0054617;3.6679325;4.0548987;3.9766912;4.0095906;4.2701273
942;2024-10-30;3.0;2;4.269357;4.174775;3.4791;3.5751588;3.7555358;3.6220732;3.6958706;3.4149747;4.3701806
943;2024-10-31;2.0;2;3.3547697;3.647136;3.1104689;3.055832;3.2749748;3.2822483;3.2326474;3.0236995;3.7302547
944;2024-11-01;8.0;2;4.4469695;4.4711905;4.399197;4.044737;4.1406217;4.331235;4.397259;4.273004;4.638817
945;2024-11-02;6.0;2;4.264387;4.1271534;3.9707382;3.9452145;4.336665;4.3177056;4.4168453;3.8732374;4.642335
946;2024-11-03;3.0;2;3.42838;3.4951391;4.1721807;4.0356216;3.4919727;3.4008648;3.3332472;4.0711;4.622376
947;2024-11-04;4.0;2;4.2676606;4.217374;3.9392996;3.9483514;4.192085;4.287616;4.408308;3.9962082;4.2290344
948;2024-11-05;6.0;2;3.5499365;3.6187637;3.9382079;3.9391198;3.581946;3.5155559;3.5725975;4.058845;4.371499
949;2024-11-06;5.0;2;4.516395;4.659262;4.5856996;4.632388;4.652519;4.697689;4.679497;4.4748864;4.958614
950;2024-11-07;1.0;2;4.315581;4.4916844;4.2892385;4.394083;4.454;4.573216;4.4687247;4.186012;4.75079
951;2024-11-08;5.0;2;4.819811;4.626608;4.500227;4.639804;4.842844;4.848982;4.7940845;4.5140395;5.2153897
952;2024-11-09;5.0;2;3.2862995;3.6618645;3.4954097;3.2559726;3.346862;3.3124902;3.3895802;3.520871;3.7736871
953;2024-11-10;2.0;2;3.5870543;3.803883;3.5039725;3.9270039;3.7075748;3.7027779;3.7218935;3.7299716;3.851588
954;2024-11-11;3.0;2;4.209856;4.089058;3.6282082;3.716214;3.8148606;3.7838202;3.5041428;3.8936822;3.9956503
955;2024-11-12;12.0;2;5.3455625;4.8493314;4.4048886;4.198536;5.3720837;5.3882184;5.1918283;4.6385984;4.7072735
956;2024-11-13;3.0;2;5.332133;5.248961;4.8291593;5.341839;5.103484;5.316277;5.1182833;4.8063307;5.784711
957;2024-11-14;4.0;2;4.609814;4.770542;4.4245605;4.3497925;4.6864223;4.781463;4.6094284;4.25666;4.8533382
958;2024-11-15;6.0;2;4.9313583;4.919972;4.4369597;4.2724953;5.0318136;4.9955873;4.8300905;4.578056;4.3966565
959;2024-11-16;10.0;2;4.375904;4.1716437;4.010347;3.905866;4.0658445;3.9570367;3.821507;4.096057;4.5918674
960;2024-11-17;0.0;2;4.5679407;4.5704165;4.382105;4.3517423;4.530902;4.598311;4.6806054;4.2809415;4.7035475
961;2024-11-18;3.0;2;4.0226536;4.191905;3.9960754;3.6994128;3.8502345;4.0456014;3.9358864;3.9623592;4.725678
962;2024-11-21;3.0;2;4.966193;4.6713305;4.5323677;4.690155;5.022018;4.9482875;5.021501;4.5835395;4.867181
963;2024-11-22;7.0;2;4.50694;4.3812037;4.3080773;4.2460947;4.577411;4.563946;4.5968213;4.375329;5.0159917
964;2024-11-23;2.0;3;4.282896;4.383083;4.1485276;4.66759;4.4952984;4.3527803;4.350809;4.125611;5.0626154
965;2024-11-24;5.0;3;4.067279;4.0843077;4.166082;4.227008;4.115937;4.091417;4.1631355;4.1277394;4.462839
966;2024-11-25;10.0;3;4.616448;4.6877155;4.271554;4.3339663;4.541804;4.590212;4.473713;4.257578;4.660393
967;2024-11-26;7.0;3;4.7662725;4.5617127;4.104402;4.362524;4.78193;4.612931;4.5822377;4.2883615;4.894802
968;2024-11-27;6.0;3;4.9046574;4.965587;4.2767262;4.481208;4.663513;4.715529;4.5413766;4.47822;4.7399573
969;2024-11-28;4.0;3;5.120648;5.1268888;4.3675046;4.699637;4.913604;4.9855413;4.722902;4.2687984;4.9794216
970;2024-11-29;5.0;3;5.1932945;4.9371886;5.0137606;5.239562;4.7685094;4.754925;4.649054;4.784718;4.9720216
971;2024-11-30;7.0;3;4.375091;4.3729215;4.4430857;4.2595916;4.0633745;4.0927825;3.9935737;4.267594;4.6613016
972;2024-12-01;6.0;3;4.8189816;4.6716685;4.8398247;4.728048;4.64574;4.557989;4.3451767;4.8819447;5.695372
973;2024-12-02;10.0;3;4.3568745;4.599088;4.4876385;4.5367556;4.6619625;4.451114;4.461393;4.2800784;5.128611
974;2024-12-03;1.0;3;4.3385777;4.756444;4.5507283;4.5236588;4.4366646;4.2434983;3.968436;4.4376717;5.199553
975;2024-12-04;2.0;3;4.8360987;5.0144944;4.4351325;4.684216;4.580565;4.4118805;4.245538;4.4068832;5.0603623
976;2024-12-05;3.0;3;5.3812075;5.274967;4.719848;4.9504848;5.445015;5.312872;5.276793;4.702253;5.775944
977;2024-12-06;4.0;3;6.344642;5.8308644;5.0017104;5.3587055;6.2619176;6.2038326;5.926046;4.8162403;5.7939844
978;2024-12-07;5.0;3;5.740171;5.242544;4.4982176;5.2720547;5.4907427;5.3892517;5.1260123;4.6703134;5.7062726
979;2024-12-08;8.0;3;4.8152833;4.656275;4.3445983;4.3777266;4.951866;4.6895304;4.910625;4.200436;5.0657086
980;2024-12-09;3.0;3;5.5643315;6.142404;4.5984635;4.7408357;5.786182;5.237017;5.162841;4.5816693;5.585502
981;2024-12-10;4.0;3;5.3092155;5.282336;4.7451935;4.7066574;5.5566335;5.495741;5.668896;4.443408;5.0091224
982;2024-12-11;7.0;3;5.8685026;5.326722;4.9277887;4.9203033;5.4491205;5.2794065;5.466238;4.643241;5.4313703
983;2024-12-12;5.0;3;5.0510225;5.28373;4.416148;4.5198145;5.0932536;4.990639;5.091782;4.3637366;5.2609353
984;2024-12-13;9.0;3;5.9090967;5.773223;5.2430205;5.251055;5.8488164;5.7050076;5.5551405;5.2267466;5.4856725
985;2024-12-14;11.0;3;6.8949704;6.3462844;6.150717;5.632971;6.7574587;6.8481927;6.296465;5.91518;6.5715537
986;2024-12-15;3.0;3;4.2955656;4.7511024;4.7955556;4.4254584;4.4574714;4.2800407;4.060969;4.954353;5.28371
987;2024-12-16;6.0;3;5.084246;5.067139;4.1768837;4.3307667;4.967283;5.013474;4.7204256;4.259255;5.426053
988;2024-12-17;3.0;3;5.0313144;5.384839;4.683128;4.8163457;5.0185637;4.882317;4.8134875;4.7064233;5.165776
989;2024-12-18;4.0;3;5.083857;5.480086;5.06733;5.1155243;5.158985;5.0834494;5.0305967;4.958394;5.609223
990;2024-12-19;5.0;3;6.301899;5.7278767;5.3024144;5.494333;6.3061056;6.0822654;5.8495393;5.134392;5.9878945
991;2024-12-20;11.0;3;6.378669;6.5650516;5.060373;5.2435546;6.2846546;6.1646533;6.0714664;5.2083583;5.884596
992;2024-12-21;8.0;3;6.5379004;6.425765;5.0727987;5.06816;6.758608;6.4481816;6.1856146;4.9846087;5.861214
993;2024-12-22;4.0;3;6.564207;6.1483846;5.473057;6.1553745;6.4900446;5.96295;5.7360845;5.690295;5.8988156
994;2024-12-23;9.0;3;6.083766;5.6752214;5.0948014;5.3689084;5.696177;5.549823;5.243857;5.055225;5.698726
995;2024-12-24;11.0;3;6.464847;6.492666;5.1272607;5.71693;6.066575;5.8934207;5.6107264;5.4703555;5.826428
996;2024-12-25;5.0;3;5.677336;6.555591;5.742418;5.8732147;6.443321;5.6587873;4.6104965;5.8265;6.497837
997;2024-12-26;5.0;3;5.4668546;5.3965774;5.173326;5.2954965;5.4590397;5.340657;5.1438203;5.0911217;5.4870515
998;2024-12-27;5.0;3;5.088704;5.393107;5.256811;5.29376;5.3127627;5.2065887;4.9632382;5.166048;5.546607
999;2024-12-28;1.0;3;5.4805403;5.4117913;4.995992;5.073691;5.3316226;5.059177;4.820031;4.8211217;5.411782
1000;2024-12-29;6.0;3;4.9225583;4.9174247;4.915612;4.861583;4.5674024;4.3897195;4.0432167;5.084563;4.826718
1001;2024-12-30;9.0;3;6.5988307;5.9029975;5.926368;6.082952;6.3705883;6.059201;5.6956134;5.9859858;6.138502
1002;2024-12-31;8.0;3;7.2022796;6.3458595;5.332851;5.9366884;6.5635657;6.0840197;5.757392;5.8151;6.185886
1003;2025-01-01;7.0;3;7.021971;6.2671347;5.4123626;5.897443;6.399581;6.1708083;5.635239;5.741712;5.6771455
1004;2025-01-02;8.0;3;6.9854426;6.4386735;5.639782;6.0520062;6.7477326;6.3744698;6.263471;5.5758986;5.873411
1005;2025-01-03;7.0;3;5.9406667;5.66924;5.8734503;5.8965974;6.061142;5.7620387;5.6192575;5.922274;6.219209
1006;2025-01-04;3.0;3;5.6039505;5.619246;4.642738;4.746792;5.35837;5.3552933;5.2918725;4.615067;5.154088
1007;2025-01-05;7.0;3;4.628326;4.95735;4.9829197;5.677117;4.678348;4.618886;4.389465;4.9746814;5.7248297
1008;2025-01-06;11.0;3;4.40336;4.8563657;4.2826343;4.9031944;4.552298;4.478006;4.3925495;4.5834274;4.7879047
1009;2025-01-07;5.0;3;4.569749;5.027654;4.4932857;4.480272;4.769926;4.691265;4.650166;4.7083826;4.7125907
1010;2025-01-08;5.0;3;5.016615;5.2558913;4.6660266;4.5576353;4.3247323;4.344288;3.9966435;4.970531;5.450119
1011;2025-01-09;4.0;3;5.602753;5.5879707;4.5798373;4.5464067;5.209523;5.0381064;4.814812;4.9766703;5.9383664
1012;2025-01-10;3.0;3;6.9829555;6.1512804;5.5412745;6.111617;5.8867235;5.441874;5.1708655;5.780384;5.9379272
1013;2025-01-11;8.0;3;5.3973923;5.3531694;5.236241;5.440526;4.7692995;4.303215;4.191466;5.3748693;5.6435537
1014;2025-01-12;7.0;3;5.351015;5.22528;4.6882453;4.608575;4.8536124;4.3396416;4.15474;5.01243;4.8937016
1015;2025-01-13;4.0;3;5.959062;5.674623;4.6418757;4.964763;5.138225;4.962032;4.62147;4.842509;5.5842896
1016;2025-01-14;10.0;3;5.5878806;5.312577;4.7413135;4.7868395;4.6658998;4.3583527;3.951543;4.6331215;5.3818517
1017;2025-01-15;2.0;3;4.2405443;4.354599;4.276918;4.3699923;3.8257205;3.5462322;3.4363887;4.014111;4.7531157
1018;2025-01-16;5.0;3;7.285024;6.3967514;5.641153;5.878396;6.296248;6.0865245;5.910418;5.778473;5.5226474
1019;2025-01-17;7.0;3;7.391307;7.22118;5.6756644;6.6715674;7.062306;6.805459;6.6633935;5.892092;5.8445253
1020;2025-01-18;6.0;3;5.499655;5.569775;5.1592236;5.6101284;5.568587;5.414876;5.3831844;5.311183;5.3234515
1021;2025-01-19;5.0;3;6.0427756;5.8264875;4.8350587;5.580209;5.4768634;4.9281435;4.990988;5.1306787;5.1952667
1022;2025-01-20;6.0;3;6.1254683;6.0030327;5.3011203;5.8021;6.0771866;6.201767;5.6213584;5.3711934;5.598155
1023;2025-01-21;6.0;3;5.321304;5.787437;4.956083;4.7336397;5.310253;5.345519;5.172135;4.7145777;5.2084236
1024;2025-01-22;3.0;3;6.141276;6.1049676;5.240047;5.115869;5.8748345;5.859562;5.8817797;5.2355733;5.6507807
1025;2025-01-23;3.0;3;5.673377;5.7395606;4.62975;4.6595674;5.647045;5.5276737;5.214519;4.928867;5.2628107
1026;2025-01-24;2.0;3;6.8903003;6.3587294;6.085414;6.0544305;7.0061765;6.8089027;6.637369;5.9644756;6.105599
1027;2025-01-25;11.0;3;5.7053165;5.340889;4.9632215;4.9321284;5.3212075;5.1757402;4.9612393;5.046276;5.4332542
1028;2025-01-26;3.0;3;5.434929;5.6682353;4.56791;4.229986;5.106591;5.169747;5.244371;4.518045;5.314769
1029;2025-01-27;3.0;3;7.74397;6.799152;5.5759335;5.644274;6.643044;6.9739547;6.679955;5.6282825;6.0024185
1030;2025-01-28;7.0;3;7.633933;7.1165257;6.291805;7.2846227;7.3564076;6.9320745;7.058299;6.348282;6.6529627
1031;2025-01-29;3.0;3;5.9473915;5.6017327;5.534043;5.677602;5.3681736;5.602498;5.3699374;5.1927586;6.2254043
1032;2025-01-30;4.0;3;4.5828304;4.8527775;4.6192093;4.792087;4.7263284;4.6363893;4.474836;4.452341;5.3722396
1033;2025-01-31;2.0;3;5.5918474;5.8218627;5.0842056;5.082561;5.6311226;5.6331353;5.393755;5.224611;5.480928
1034;2025-02-01;9.0;3;5.6626277;5.439153;5.5733066;5.791497;5.6090617;5.524221;5.298774;5.8069267;6.0681515
1035;2025-02-02;8.0;3;5.964277;5.4283476;5.7236595;6.025317;5.726787;5.419877;5.420005;5.810184;6.105136
1036;2025-02-03;5.0;3;5.19089;5.046801;4.8125815;5.4390235;4.962796;4.7409034;4.941561;4.9724646;5.448188
1037;2025-02-04;5.0;3;5.821229;5.7606907;5.168587;5.6806664;6.1306014;5.9743867;5.9007215;5.873557;5.9524274
1038;2025-02-05;10.0;3;3.941435;4.342993;3.9554992;3.8901563;4.4077716;4.239133;4.0761695;3.8397608;4.5758023
1039;2025-02-08;10.0;3;7.6866727;6.676839;5.20109;5.6352277;6.788841;6.876707;5.9768305;5.2993803;5.8105903
1040;2025-02-09;13.0;3;8.042612;7.2075458;5.593568;6.423434;7.2218323;6.668572;6.4607453;5.7679024;5.916408
1041;2025-02-10;1.0;3;6.370407;6.5060244;5.3924327;5.7904305;5.596786;5.5461135;5.17463;5.3620315;5.9979095
1042;2025-02-11;4.0;3;8.20056;6.95464;5.765003;6.4227285;7.308458;6.9572825;6.883159;6.2664237;6.697038
1043;2025-02-12;2.0;3;6.5337825;5.8270154;5.1946483;5.6521363;6.029636;5.6174927;5.3621745;5.368725;5.95628
1044;2025-02-13;5.0;3;5.4755454;4.9845276;4.9903374;4.701971;5.1575494;4.844205;4.7886114;5.107703;5.910213
1045;2025-02-14;12.0;3;6.8650484;6.330253;6.2110176;5.9432883;6.8864822;6.843639;6.6256166;6.1616416;6.8424726
1046;2025-02-15;6.0;3;5.9180183;6.064927;4.940862;5.0923505;5.889803;5.700988;5.4735527;5.2783127;6.21597
1047;2025-02-16;6.0;3;6.060765;5.8294973;4.9931808;4.591344;5.5815763;5.584716;5.804492;5.2709455;5.6104913
1048;2025-02-17;4.0;3;5.8028517;5.4869514;4.4646945;5.1377263;5.17825;5.0992947;5.0375233;4.8553724;5.4520082
1049;2025-02-18;4.0;3;5.0074353;5.4937034;4.4662113;4.5645757;4.4936314;4.6763697;4.6157203;5.2654333;5.3897495
1050;2025-02-19;3.0;3;5.2362137;4.8843446;4.814665;4.864601;4.736039;4.5090017;4.357036;4.872634;5.316678
1051;2025-02-20;3.0;3;4.669818;4.881598;4.5029945;4.5327845;4.5871124;4.720003;4.601994;4.628809;5.1921473
1052;2025-02-21;2.0;3;5.4680457;5.7466226;5.637018;5.7819114;5.4846287;5.2577844;5.110713;5.781096;6.205028
1053;2025-02-22;4.0;3;4.7054214;4.9198036;4.0570493;3.9755955;4.8201137;4.7755504;4.6709495;3.992563;4.685112
1054;2025-02-23;2.0;3;3.9447672;4.3063684;3.7091935;3.7938514;4.054838;4.074007;4.0967336;3.938914;4.6546445
1055;2025-02-24;5.0;3;4.361723;5.123219;3.5188239;3.5346887;4.482463;4.3664994;4.3510437;3.8455465;4.848227
1056;2025-02-25;7.0;3;5.578115;5.5159473;4.6130905;4.690942;5.274679;5.3338943;5.3444324;4.5610166;5.33561
1057;2025-02-26;7.0;3;4.4504666;5.043874;4.489224;4.0984764;4.542802;4.581262;4.7752795;4.5412664;5.1303406
1058;2025-02-27;11.0;3;4.397948;4.902202;4.2678075;3.7942152;4.875669;4.944195;4.8693485;4.2692747;5.5748634
1059;2025-02-28;7.0;3;5.730605;5.6578717;5.483249;5.298281;5.4571276;5.4652386;5.3528204;5.320857;5.927313
1060;2025-03-01;3.0;3;4.1362643;4.377938;3.852491;4.577336;4.497754;4.291877;4.2284584;3.7322578;4.6062346
1061;2025-03-02;6.0;3;4.1281404;4.4195194;3.9618645;3.5636108;4.264029;4.19494;4.2456136;3.9451852;4.5780907
1062;2025-03-03;5.0;3;5.3153305;5.2272353;4.911681;5.1108727;5.6532097;5.5505114;5.629266;4.86646;5.5489
1063;2025-03-04;6.0;3;4.684594;5.410142;4.2948017;4.526168;5.163088;4.878846;4.8523684;4.321083;5.1819444
1064;2025-03-05;6.0;3;5.6236014;5.413288;5.0531063;5.2478366;5.8901434;5.820991;5.9850144;5.3809566;6.3252068
1065;2025-03-06;12.0;3;6.102527;5.9855366;5.4641037;5.509448;6.605329;6.6724343;6.879408;5.5525527;5.86787
1066;2025-03-07;2.0;3;5.4461837;5.9476495;5.17331;4.860955;5.4303107;5.8201685;5.7333846;4.8343706;5.639632
1067;2025-03-08;4.0;3;7.050564;6.816347;4.869539;4.7583547;7.357624;6.8541956;6.3584437;5.0952945;5.7533674
1068;2025-03-09;6.0;3;6.158181;6.286968;4.3585806;5.3346415;5.478357;5.1351147;5.0700517;4.77726;5.3586097
1069;2025-03-10;17.0;3;4.4955816;5.0097823;3.8800938;3.8982117;4.3337398;4.3051324;4.2970815;3.9828937;4.402246
1070;2025-03-11;4.0;3;6.4869957;6.610662;5.9399495;5.548769;5.4508853;5.367086;5.3375864;6.3526397;7.1112137
1071;2025-03-12;9.0;3;4.587817;5.4056063;5.0520334;4.8450665;3.843003;3.8066456;3.446952;5.490661;6.319626
1072;2025-03-13;4.0;3;6.7260795;6.9784784;6.295043;6.660815;6.366643;6.335679;6.0047135;6.516473;8.207263
1073;2025-03-14;8.0;3;5.6263466;5.9074745;5.963625;6.1895123;5.609903;5.6253495;5.6303205;6.0802546;6.567923
1074;2025-03-15;1.0;3;5.050646;5.16691;4.6621013;4.4460883;5.3046966;5.3586006;5.2406187;4.581496;5.177237
1075;2025-03-16;4.0;3;5.000364;5.3088217;4.5463543;4.569909;5.4267144;5.396532;5.33707;4.9325647;5.797354
1076;2025-03-17;6.0;3;5.288847;5.7075996;4.948584;4.6883335;5.2748;5.0983496;4.7489095;5.1492796;6.055609
1077;2025-03-18;10.0;3;5.186054;5.399767;4.6757407;4.500876;5.1063952;5.1097736;5.0405;4.762214;5.137879
1078;2025-03-19;8.0;3;5.461381;5.7359223;5.3784223;5.057428;5.675956;5.578852;5.5199685;5.353489;5.600786
1079;2025-03-20;5.0;3;5.713814;5.6154237;4.5273;4.622525;5.5826583;5.2078595;5.1675344;4.256628;5.412764
1080;2025-03-21;4.0;3;5.9830956;6.4297056;5.4591208;5.308276;6.018409;5.8785615;5.8500686;5.3639865;5.7032537
1081;2025-03-22;5.0;3;5.644588;5.9791994;4.8948464;5.077229;5.666589;5.670721;5.6838675;5.01508;5.4058833
1082;2025-03-23;11.0;3;8.118442;7.153119;6.4554086;6.861424;7.1079545;6.597148;5.6583004;6.864993;6.9986773
1083;2025-03-24;16.0;3;6.7432547;6.3560815;5.6903415;6.793869;6.2172623;6.201703;5.6443977;5.8820395;6.8680673
1084;2025-03-25;10.0;4;6.903616;7.29804;6.4015183;6.813091;6.6423736;6.432477;6.5262604;6.471816;7.233412
1085;2025-03-26;11.0;4;7.0396485;6.519508;6.4118395;6.1431794;6.979726;6.6267467;6.6456404;5.9649878;7.5960345
1086;2025-03-29;7.0;4;6.0713177;6.5785375;6.294331;6.7197733;6.846264;6.8903503;6.512172;6.181785;7.584506
1087;2025-03-30;5.0;4;4.6490107;4.9175677;4.4169517;4.6627927;4.7593446;4.306517;3.9148479;4.408898;4.8730803
1088;2025-03-31;2.0;4;5.69292;5.854221;5.2787313;5.6296353;5.8328247;5.5299354;5.5400405;5.246152;5.6642957
1089;2025-04-01;3.0;4;5.6140747;5.467634;5.2132425;5.433763;5.466906;5.42607;5.350269;4.987855;5.275611
1090;2025-04-02;2.0;4;5.2069473;5.0425506;4.5609097;5.0312343;5.1109567;5.1035113;5.2007556;4.535707;5.445351
1091;2025-04-03;5.0;4;5.2208843;4.957172;4.1015496;4.3253164;4.973856;4.9708133;5.062291;4.028243;4.932504
1092;2025-04-04;2.0;4;6.0044327;5.8919168;5.950552;5.9855313;5.4175873;5.030264;5.277054;5.9783645;6.478378
1093;2025-04-05;9.0;4;4.955659;5.048447;4.5751543;4.47267;5.0841613;5.050879;4.8568482;4.491393;4.9009366
1094;2025-04-06;7.0;4;4.9673247;4.7461033;4.4368196;4.680978;4.8675475;4.885073;4.9507008;4.448459;5.0698385
1095;2025-04-07;5.0;4;4.496795;4.7361703;3.9755652;3.9178133;4.580539;4.5328875;4.498271;4.052566;4.7042866
1096;2025-04-08;4.0;4;4.4918375;4.6834836;3.8351915;3.9063578;4.4766636;4.508962;4.342561;3.8595119;4.9016457
1097;2025-04-09;5.0;4;5.032174;4.8625593;4.4009166;4.4664803;4.8885074;4.8931994;4.9839873;4.3611774;5.216002
1098;2025-04-10;3.0;4;5.0011454;4.7829823;4.4529104;4.3298464;5.101001;4.9952497;5.052568;4.449817;5.0567956
1099;2025-04-11;5.0;4;5.333499;5.0772834;4.5859985;4.6020684;5.424402;5.3070035;5.3892813;4.5586305;5.125919
1100;2025-04-12;4.0;4;4.61432;4.689421;4.2181954;4.0301075;4.6629376;4.5821347;4.62874;4.208024;4.974444
1101;2025-04-13;6.0;4;4.256239;4.4526296;3.9027514;3.9077368;4.336259;4.1676803;4.1743836;3.858028;4.733214
1102;2025-04-14;1.0;4;4.8080487;4.7526236;4.187667;4.269879;5.036471;4.8602877;4.9223304;4.157613;4.985124
1103;2025-04-15;2.0;4;4.782849;4.6724634;4.199997;4.0490985;4.8003964;4.6775017;4.7282605;4.1224093;4.8038154
1104;2025-04-16;6.0;4;4.9269233;4.9476814;4.7070684;4.479153;5.0268188;5.055288;5.152401;4.7266226;5.207312
1105;2025-04-17;7.0;4;4.66468;4.7444425;4.3421044;4.2337;4.734418;4.597018;4.6280484;4.100078;5.0619936
1106;2025-04-18;3.0;4;5.35369;5.100424;4.217364;4.383781;5.4234953;5.4721594;5.607508;4.2240853;4.9280143
1107;2025-04-19;1.0;4;5.009699;4.754628;4.093441;4.2810817;4.862587;4.919653;4.798899;4.202697;4.8459263
1108;2025-04-20;3.0;4;3.9090536;3.9711127;2.8584058;2.9678462;3.249936;3.2565365;3.4301813;3.008179;4.1312485
1109;2025-04-21;5.0;4;5.8572435;5.3693027;5.0934424;5.2700324;5.8034906;5.734822;5.9062457;5.219781;5.3056273
1110;2025-04-22;6.0;4;4.8889866;5.0125628;3.971756;4.1664;5.0350776;4.8409033;4.8071275;4.114012;4.911767
1111;2025-04-23;3.0;4;5.029809;4.6937447;4.02802;3.875521;4.4633055;4.285011;4.3579903;4.179287;4.6039124
1112;2025-04-24;4.0;4;3.350113;4.0990567;3.5843694;3.7885056;3.6661348;3.5254335;3.5781434;3.7843392;4.7305865
1113;2025-04-25;11.0;4;3.929221;4.008465;3.276404;3.406933;4.090266;3.8968902;3.8975177;3.5514312;3.3171194
1114;2025-04-26;3.0;4;4.202;4.166859;3.4960248;3.423815;3.8652444;3.8958766;4.026892;3.5218172;4.309322
1115;2025-04-27;7.0;4;4.078294;4.1057434;3.6397347;3.4327662;4.0284476;4.0418434;4.114159;3.5318747;4.086565
1116;2025-04-28;2.0;4;4.728704;4.601117;3.891457;3.9038734;4.7140636;4.7146697;4.609681;3.905806;4.4049683
1117;2025-04-29;2.0;4;3.9157455;4.1678963;3.8183193;3.6522684;4.0051346;3.954986;3.9638636;3.7746296;4.123238
1118;2025-04-30;7.0;4;4.4075575;4.502043;4.330499;4.61687;4.4616995;4.4750824;4.381137;4.4014044;4.924123
1119;2025-05-01;5.0;4;4.691971;4.725401;4.2317805;3.9826114;4.8350716;4.735538;4.7806444;4.118121;4.48069
1120;2025-05-02;3.0;4;4.5913405;4.5859427;3.850973;3.9561584;4.621075;4.6909556;4.5860653;3.8452084;4.3901734
1121;2025-05-03;5.0;4;4.279582;4.199406;3.964855;4.079219;4.2746234;4.343205;4.3733068;4.0338182;4.3374248
1122;2025-05-04;6.0;4;4.0097632;4.117433;3.267316;3.333677;3.9674509;4.0111;4.0672283;3.1633883;4.038387
1123;2025-05-05;4.0;4;4.553513;4.4722805;3.5909057;3.6553495;4.4728656;4.456818;4.5840807;3.6051135;4.5801234
1124;2025-05-06;4.0;4;4.8081064;4.7389708;4.423796;4.5083866;4.908192;4.7611527;4.9392567;4.6130533;4.9183717
1125;2025-05-07;3.0;4;5.215408;4.9027424;4.681232;4.634382;5.286408;5.145195;5.3446603;4.4399366;5.0353036
1126;2025-05-08;9.0;4;3.6394112;3.7611017;3.2820818;3.2165034;3.7381008;3.6058786;3.6226747;3.238089;3.8766713
1127;2025-05-09;8.0;4;4.2644973;4.271215;4.516093;4.129972;4.158116;4.1175323;4.094799;4.5172343;4.2613783
1128;2025-05-10;4.0;4;3.5832741;4.1456537;3.9474669;3.511606;3.860691;3.9645863;3.7079968;3.706421;4.1861935
1129;2025-05-11;5.0;4;4.3746104;4.459054;3.7218602;3.5780823;4.4699216;4.4969482;4.4421353;3.8737617;4.549933
1130;2025-05-12;5.0;4;3.7561235;3.97643;3.1627896;3.2149725;3.7085884;3.5760398;3.5884054;3.3596103;3.6972046
1131;2025-05-13;5.0;4;4.5803533;4.483417;4.0318103;4.0123844;4.5461564;4.541678;4.4953694;4.0264816;4.7109513
1132;2025-05-14;6.0;4;3.8214326;3.9821138;3.1599562;3.049899;3.7213037;3.6845822;3.6550593;3.1566582;3.7554827
1133;2025-05-15;2.0;4;4.2278266;4.479175;3.9456086;3.6797128;4.1888256;4.1532264;4.200473;3.879384;4.6041794
1134;2025-05-16;3.0;4;4.7973022;4.4697647;3.9438767;4.0532184;4.114279;3.7585828;3.903075;4.2174635;4.9143786
1135;2025-05-17;4.0;4;5.6802983;5.023951;4.7011895;4.3491955;4.2044244;4.185204;4.2013445;4.300925;4.710703
1136;2025-05-18;5.0;4;5.536297;4.948406;4.358437;4.4713383;5.2040267;5.090733;5.230805;4.372969;5.171236
1137;2025-05-19;5.0;4;4.356839;4.279789;3.6797109;3.7606275;4.2496724;4.1548605;4.252469;3.8235245;4.5942397
1138;2025-05-20;3.0;4;4.7868233;4.5881867;3.6057677;3.8742442;4.7789903;4.6541295;4.639146;3.9906297;4.6584063
1139;2025-05-21;7.0;4;4.9223795;4.638963;4.130672;4.19587;4.5904584;4.5892043;4.6135583;4.2741446;5.0367155
1140;2025-05-22;2.0;4;4.5911007;4.5336647;4.06515;3.8772085;4.5329933;4.535831;4.631467;4.12199;4.6358194
1141;2025-05-23;5.0;4;5.972179;5.559792;4.6113787;4.9413157;6.0516276;5.644073;5.813918;4.8177037;5.2132072
1142;2025-05-24;1.0;4;4.4159946;4.279755;3.7834187;3.643373;3.925749;3.833593;3.791343;3.9464607;4.8361006
1143;2025-05-25;2.0;4;4.9324107;4.79818;4.864501;4.443292;4.7621603;4.941867;4.8407044;4.7185235;5.9332767
1144;2025-05-26;9.0;4;3.5472674;3.7519426;3.1733427;2.9817526;3.5710757;3.4095428;3.341838;3.1145058;2.8299356
1145;2025-05-27;7.0;4;4.2119384;4.2922406;3.9995785;4.130885;4.0957723;3.9812667;3.8619664;3.9282124;4.5498867
1146;2025-05-28;3.0;4;4.267017;4.428877;3.5753338;3.8866138;4.3673735;4.279782;4.3012695;3.8724267;4.2615333
1147;2025-05-29;6.0;4;5.1005797;4.7034144;3.998827;4.170839;5.161655;5.252788;5.200142;4.1203666;4.959963
1148;2025-05-30;5.0;4;5.339973;5.0378785;4.6180286;4.5175495;5.4442086;5.4892793;5.353858;4.5654707;5.296492
1149;2025-05-31;9.0;4;5.187383;4.773738;3.992115;4.1255317;5.059333;5.0299582;4.9847436;4.220027;5.377368
1150;2025-06-01;4.0;4;3.6584585;4.1645374;3.4915428;3.1592689;3.824122;3.7787073;3.8035166;3.509344;4.269565
1151;2025-06-02;2.0;4;4.5417314;4.615806;3.5989914;3.4689794;4.3851037;4.2856407;4.305248;3.6607704;4.2042546
1152;2025-06-03;6.0;4;5.064941;4.5939884;4.16145;4.3616624;4.2629395;4.2501273;4.1590695;4.4917617;5.149295
1153;2025-06-04;4.0;4;4.6271486;4.685834;3.8865;3.6011028;4.4145284;4.463394;4.4066625;3.8835683;4.655545
1154;2025-06-05;2.0;4;4.989166;4.9107294;4.3796453;4.3212004;5.062121;5.1264606;5.155748;4.4494925;5.0067983
1155;2025-06-06;4.0;4;4.644839;4.510948;4.332266;4.6579123;4.703094;4.6493764;4.601572;4.4120564;4.935079
1156;2025-06-07;2.0;4;4.855614;4.683532;4.4397216;4.6223483;4.871683;4.925778;4.983944;4.5689826;5.0507627
1157;2025-06-08;7.0;4;4.3888597;4.338429;3.8908558;3.83506;4.421937;4.536522;4.4905157;3.852117;4.3367987
1158;2025-06-09;7.0;4;4.7054048;4.653285;4.06532;4.153386;4.738512;4.709132;4.7228413;3.9873452;4.381623
1159;2025-06-10;6.0;4;3.9322286;3.9921641;3.433749;3.7958214;3.5252247;3.567257;3.306984;3.641162;4.7969418
1160;2025-06-11;12.0;4;6.6576447;5.742547;5.94655;5.6071243;5.3582892;5.2231517;5.0093794;6.103762;6.918489
1161;2025-06-12;6.0;4;4.4487743;5.0341725;4.0943794;4.022819;4.9514294;4.901548;4.817461;4.6076818;4.99231
1162;2025-06-13;4.0;4;5.2796803;5.675727;4.8329306;4.591328;6.148188;5.7742214;5.953187;4.8678174;5.308064
1163;2025-06-14;16.0;4;8.0304575;6.8604803;6.01557;5.5764656;6.1522884;6.1510997;5.7815824;5.9862804;6.3349485
1164;2025-06-15;23.0;4;14.482874;14.332846;8.749685;8.616256;14.895279;15.500372;13.958143;9.479604;10.578568
1165;2025-06-16;7.0;4;6.6030445;5.8869042;6.457181;6.8170853;6.000103;6.1169066;6.129042;6.0144095;7.264477
1166;2025-06-17;6.0;4;6.9126763;6.410392;7.2346683;7.5047617;6.7386327;6.3321705;6.4614463;6.4583716;7.33294
1167;2025-06-18;3.0;4;5.8230906;5.969643;6.179304;6.182096;6.053338;5.69169;5.954455;6.038641;6.2382107
1168;2025-06-19;11.0;4;6.1364183;6.0269136;6.211526;5.6073613;6.131254;5.9120727;6.0232477;5.8066087;6.698681
1169;2025-06-20;10.0;4;6.042161;6.1270165;5.975093;5.770902;6.812767;6.536535;6.7932224;5.5004478;6.2580533
1170;2025-06-21;5.0;4;4.8250623;5.1841803;5.4628096;4.7888546;5.0690103;5.021141;5.008653;5.094376;5.8437614
1171;2025-06-22;3.0;4;4.297164;4.9356136;4.694705;5.001098;4.5517025;4.4396033;4.513603;5.092298;5.037607
1172;2025-06-23;4.0;4;5.2262225;5.2485094;4.9434285;4.9565215;5.3504434;5.204971;5.034678;5.07981;4.959951
1173;2025-06-24;5.0;4;4.2530875;4.6640854;4.053257;4.53226;4.1091204;4.0516367;4.119638;4.057351;4.6471457
1174;2025-06-25;5.0;4;4.522514;4.5723014;4.049581;4.8523736;4.1219583;4.1884065;4.1858273;4.170863;4.537799
1175;2025-06-26;6.0;4;5.096753;5.6057477;4.817001;4.95139;5.2627425;5.4136224;5.6251273;4.9281907;5.263979
1176;2025-06-27;4.0;4;5.365661;4.913845;4.683036;4.6104016;4.6577587;4.6126285;4.5819507;4.9260306;5.1607757
1177;2025-06-28;3.0;4;4.840592;4.9524717;4.7568846;4.3392806;4.8125033;4.748919;4.840666;4.6642785;5.0660577
1178;2025-06-29;6.0;4;4.7864723;4.608874;4.234903;4.73952;4.2917333;4.019175;3.815155;4.320563;5.26839
1179;2025-06-30;4.0;4;4.8912606;4.98621;4.1975517;4.4832144;4.9778323;4.7076015;4.6239567;4.3053775;6.094284
1180;2025-07-01;6.0;4;4.67663;4.7416034;3.7841547;4.0774455;4.3659334;4.3394322;4.203059;3.7146287;5.118706
1181;2025-07-02;6.0;4;4.9987826;4.7882495;4.085368;4.263898;4.384592;4.2926903;4.0658646;4.0788054;5.2098618
1182;2025-07-03;5.0;4;5.271031;5.0987015;3.771865;3.9036052;5.179916;5.0068984;5.122533;3.797585;4.6481137
1183;2025-07-04;7.0;4;6.463135;5.940475;5.2854466;5.0001445;6.2680316;6.0869346;6.187811;5.185242;5.8173027
1184;2025-07-05;3.0;4;6.412242;5.988067;5.600564;5.888972;6.7076726;6.6575823;6.667282;5.776387;6.3133774
1185;2025-07-06;4.0;4;7.2362566;6.9840984;5.5335183;5.9000874;6.895971;6.736342;6.604548;6.2033405;7.0703783
1186;2025-07-07;3.0;4;4.619734;4.4729304;4.119371;4.957289;4.4861746;4.2118793;4.285965;4.058584;4.5659227
1187;2025-07-08;4.0;4;4.212183;4.1974072;3.4819586;3.3190224;3.9778101;3.8770165;3.8924613;3.5356247;3.900145
1188;2025-07-11;9.0;4;5.793099;5.202373;4.7088346;4.6510906;5.898184;5.737271;5.812498;4.675797;5.270948
1189;2025-07-12;6.0;4;5.599799;5.133698;4.658367;4.5486946;5.47124;5.234512;5.067918;4.5619154;5.318285
1190;2025-07-13;6.0;4;4.9904275;4.88128;4.549811;4.3876963;4.9465437;4.8730927;4.922799;4.439209;5.1753364
1191;2025-07-14;3.0;4;4.9398394;4.884297;4.435097;4.4717264;5.2764897;5.1396914;5.2198577;4.346239;5.1248174
1192;2025-07-15;4.0;4;4.1951265;4.510295;4.2098775;4.2131014;4.53991;4.4656367;4.4072447;4.2118125;4.8291283
1193;2025-07-16;7.0;4;4.3216457;4.51974;3.8014898;3.7529209;4.4177732;4.5542593;4.288817;3.825996;4.8098745
1194;2025-07-17;2.0;4;4.4819517;4.5907836;3.861905;3.8386104;4.5777273;4.5513;4.5583587;4.0003247;4.7115226
1195;2025-07-20;5.0;4;4.177496;4.1959186;3.7025433;3.4218109;4.1856046;4.214513;4.2088842;3.702896;3.8941507
1196;2025-07-21;10.0;4;4.420212;4.311263;4.056895;4.301339;4.2023787;4.168135;4.279451;4.1588464;4.4835215
1197;2025-07-22;2.0;4;4.0671067;3.8664827;3.7357066;3.4858997;4.018249;3.9423013;3.800975;3.640135;3.8319545
1198;2025-07-23;7.0;4;4.5898747;4.456094;4.169324;4.1534514;4.754085;4.7386513;4.5696926;4.1342354;4.3988924
1199;2025-07-24;9.0;4;4.82363;4.7842293;4.1236844;4.286301;5.072957;5.132994;5.1262064;4.105031;4.666536
1200;2025-07-25;7.0;4;5.0576487;5.2094746;4.84801;4.378331;5.3844824;5.484378;5.453864;4.559283;4.855867
1201;2025-07-26;6.0;4;3.284243;3.8330092;3.6183598;3.802223;3.528885;3.5125253;3.3363762;3.6544642;4.1085167
1202;2025-07-27;3.0;4;2.5277886;3.4769883;2.9309747;3.1912696;2.937251;2.8774111;2.508403;2.7408514;3.307111
1203;2025-07-28;7.0;4;3.9096727;4.175066;3.3221595;3.0044568;3.8597813;3.804483;3.6528141;3.2857068;3.4334376
1204;2025-07-29;4.0;5;4.5156198;4.631383;4.195688;4.8089523;4.6979895;4.763287;4.747258;4.429899;4.7259297
1205;2025-07-30;5.0;5;5.1872888;5.0461917;5.5629077;5.107434;5.231532;4.9042172;5.1713147;5.69737;6.406081
1206;2025-07-31;5.0;5;8.822504;6.956124;6.919369;8.442001;7.3853908;7.6306252;7.33661;7.1348753;9.033996
1207;2025-08-01;4.0;5;8.250602;5.839434;6.058133;7.5836735;6.3565865;5.960257;5.316766;6.4091754;7.996962
1208;2025-08-02;4.0;5;4.3852363;4.7094245;3.684346;3.8045735;4.6152167;4.497494;4.6145225;3.6817787;4.8197656
1209;2025-08-03;4.0;5;4.2655544;4.8338923;3.7250826;4.2216463;4.2470303;4.103281;4.0749383;3.6466904;4.4566917
1210;2025-08-04;4.0;5;4.0481157;4.4976277;3.4034798;3.4341037;4.480864;4.273228;4.3660183;3.06794;4.3320065
1211;2025-08-05;3.0;5;4.8279376;4.5322156;4.0398116;3.6514297;4.7861633;4.50577;4.2123485;4.0055904;5.663236
1212;2025-08-06;4.0;5;4.247601;4.194851;3.8417952;3.4009328;4.221804;4.068205;4.0468264;3.7251616;4.677452
1213;2025-08-07;1.0;5;3.7201602;3.9515064;3.4602044;3.6454911;3.9329846;3.7606573;4.0015283;3.6864;4.795569
1214;2025-08-08;6.0;5;4.74003;4.488793;4.2417817;4.1763606;4.6594343;4.67262;4.6474013;4.345034;4.9901524
1215;2025-08-09;3.0;5;4.4779816;4.448289;4.215471;3.9025254;4.45563;4.4340625;4.3549514;4.145309;4.7915344
1216;2025-08-12;7.0;5;3.648742;3.7187643;3.190853;3.1603317;3.5916746;3.642566;3.3738852;3.1405756;3.3805966
1217;2025-08-13;1.0;5;4.954061;4.605218;3.9477835;3.9730713;5.0903625;5.062765;4.9987326;3.9529307;4.2973523
1218;2025-08-14;3.0;5;4.261986;4.3391438;4.0297914;3.7623687;4.302507;4.291058;4.206884;3.9360645;4.6987557
1219;2025-08-15;4.0;5;4.8799477;4.701242;4.2841096;4.258133;4.876396;4.8619733;4.9175625;4.286398;5.016123
1220;2025-08-16;2.0;5;4.9259267;4.6231904;4.2627735;4.3672523;5.0482917;5.0260754;5.0414224;4.3831205;4.951569
1221;2025-08-17;0.0;5;4.4632173;4.433899;4.030595;4.080309;4.388285;4.375997;4.2628922;3.8634868;4.2974854
1222;2025-08-18;2.0;5;4.0702276;4.120437;3.4699464;3.425902;4.0559444;3.9828389;3.9317336;3.5687957;3.846274
1223;2025-08-19;4.0;5;4.9409437;4.5690637;3.9195824;3.832815;4.96531;4.9377527;5.0040035;3.8523831;4.3366103
1224;2025-08-20;2.0;5;3.3569975;3.8130388;2.9898612;3.4895973;3.602922;3.5507483;3.277461;3.165112;3.4657078
1225;2025-08-21;5.0;5;3.9533088;4.1420383;4.304077;4.130283;3.9056292;3.9312265;3.8200622;4.8903008;5.512824
1226;2025-08-22;7.0;5;3.4565763;3.8471866;3.3921194;3.517775;3.6899774;3.432983;3.3064191;3.447705;3.763773
1227;2025-08-23;5.0;5;3.2992504;3.8231487;3.4557328;3.6905634;3.3888717;3.3695135;3.2370267;3.651822;4.089607
1228;2025-08-24;4.0;5;3.6987507;3.7651188;3.756927;4.12842;3.7873669;3.8566992;3.754884;3.6645572;4.3204346
1229;2025-08-25;4.0;5;4.142712;4.1523905;3.6998918;3.4832458;4.3258495;4.301176;4.325496;3.5544126;4.2503076
1230;2025-08-26;3.0;5;4.1664386;4.140922;3.2768753;3.2203193;4.0640545;3.9938693;3.9828868;3.2387576;4.1208987
1231;2025-08-27;5.0;5;3.958955;4.084942;3.3564763;3.2154465;4.093391;4.0318522;4.0624447;3.3236017;4.0026793
1232;2025-08-28;3.0;5;4.0854683;4.2561874;3.861956;3.6244588;4.0073905;3.99676;4.001033;3.8238215;4.1823354
1233;2025-08-29;1.0;5;4.0491624;4.2258472;3.3542187;3.53421;4.303814;4.234141;4.2390614;3.4442587;3.960007
1234;2025-08-30;3.0;5;3.6437743;3.9243019;3.1631756;3.0214236;3.759441;3.6979394;3.6815495;3.1105056;3.4951382
1235;2025-08-31;6.0;5;3.1763499;3.5918772;3.1211786;2.9176302;3.12058;3.245909;3.0525653;2.7344918;3.3618839
1236;2025-09-01;2.0;5;3.9661486;4.0738893;3.278306;2.9619117;3.9770212;3.9121995;3.864811;3.1767302;3.3736992
1237;2025-09-02;6.0;5;3.9864004;4.001513;3.4431267;3.0826066;3.9511724;3.9124415;3.934746;3.2410254;3.6572258
1238;2025-09-03;3.0;5;4.2148395;3.9703288;3.4982307;3.612668;3.9285262;3.9619899;3.9101465;3.4833152;4.3669834
1239;2025-09-04;5.0;5;4.009713;3.9569094;3.1998403;3.139708;4.013716;3.9124975;3.8538163;3.1962874;3.9778614
1240;2025-09-05;2.0;5;4.6139727;4.291373;4.033275;3.738775;4.5533595;4.668084;4.566749;3.955321;4.3910336
1241;2025-09-06;6.0;5;3.8452034;3.8077192;3.4161563;3.0827868;3.7582319;3.8064725;3.779342;3.234193;4.0949097
1242;2025-09-09;6.0;5;4.2867646;4.161518;3.9656055;3.880754;4.054624;4.1254563;4.0779567;3.8486598;4.710604
1243;2025-09-10;8.0;5;3.63456;3.9321723;3.131685;3.713788;3.638791;3.8193054;3.7800517;3.2669668;3.5543137
1244;2025-09-11;3.0;5;3.5461223;3.8569226;3.238295;3.3455758;3.5320814;3.5953085;3.6101346;3.170149;4.0075297
1245;2025-09-14;11.0;5;3.700792;3.6058803;3.7953181;3.9312878;3.6235142;3.5760028;3.6015508;3.79129;4.1486597
1246;2025-09-15;7.0;5;4.285857;4.060356;3.7669845;3.5934792;4.1461444;4.0511155;4.0904145;3.599739;4.4750657
1247;2025-09-16;11.0;5;3.963308;4.1072373;3.4611738;3.5212831;3.932006;3.9283168;3.8110843;3.6274197;4.5844235
1248;2025-09-17;0.0;5;4.271663;4.125533;3.9994104;4.0915747;3.9891615;4.2063985;3.91755;4.054806;4.516203
1249;2025-09-18;4.0;5;3.950528;4.359694;3.8945992;4.057765;3.8430119;3.730351;3.5132415;4.104002;4.7627034
1250;2025-09-19;3.0;5;4.048741;4.260223;3.9404185;4.1406393;4.0541134;3.8717916;3.8980925;4.2004685;5.3537526
1251;2025-09-20;5.0;5;3.5083957;3.7708;3.2690117;2.8539417;3.5946293;3.7297258;3.417745;3.4224305;4.384317
1252;2025-09-21;2.0;5;3.4503717;3.8500426;3.6905482;3.76594;3.4867666;3.6828332;3.5143967;3.9014056;3.8841197
1253;2025-09-22;5.0;5;2.8777554;3.4201124;3.1497517;3.1753583;3.0283055;2.9544275;2.8938763;3.4645383;3.888076
1254;2025-09-23;6.0;5;3.170239;3.5638132;2.9162064;2.8093593;3.3217137;3.2056067;3.2933598;3.056696;3.1974225
1255;2025-09-26;3.0;5;3.8510742;4.0793476;3.881045;4.230068;4.2154837;4.0235553;3.8511584;3.535413;3.735083
1256;2025-09-27;7.0;5;4.4184055;4.1707034;3.6971583;4.1616945;4.6443386;4.5942106;4.1233654;3.8959944;4.3657036
1257;2025-09-28;2.0;5;3.2433536;3.488333;3.1471589;3.4418085;3.30508;3.4780657;3.3645742;3.3478012;4.0751805
1258;2025-09-29;1.0;5;4.317503;3.8873007;3.537104;3.98407;3.9491706;3.9638112;3.3117945;3.7989237;4.5105066
1259;2025-09-30;1.0;5;3.8725636;3.8025582;3.3334036;3.2465215;3.6431856;3.6262894;3.0486896;3.472395;3.949172
1260;2025-10-01;7.0;5;4.168978;3.778973;3.2434237;3.4867246;3.6859145;3.8361676;3.719654;3.2514105;3.9068446
1261;2025-10-02;3.0;5;3.0943608;3.579119;3.342565;3.5505583;3.0974512;3.219911;3.047211;3.4098837;3.7272482
1262;2025-10-03;2.0;5;4.473554;4.315094;4.520862;4.2843595;4.293957;4.2271047;3.976272;4.3759675;4.95317
1263;2025-10-04;3.0;5;3.5141106;3.975576;3.5306811;2.8457766;3.543372;3.6193397;3.4387782;3.6325822;3.6568975
1264;2025-10-05;5.0;5;3.5064175;3.7364345;3.3684654;3.2702696;3.6598966;3.3691707;3.2447755;3.5155678;3.7867944
1265;2025-10-06;1.0;5;3.834566;3.9015741;3.4991589;3.800496;4.172625;3.7749677;3.7720904;3.8041995;4.00383
1266;2025-10-07;1.0;5;3.3300686;3.806346;3.2959552;3.2913256;3.5688653;3.522577;3.472938;3.1912358;3.618832
1267;2025-10-08;6.0;5;3.695546;3.8223944;3.6515472;3.6520991;3.6813965;3.6138954;3.7194147;3.6663053;4.0028925
1268;2025-10-09;2.0;5;4.372916;4.1515117;3.9414177;3.9576766;4.411818;4.2246175;4.454138;4.016182;4.3486724
1269;2025-10-10;2.0;5;4.6766043;4.406745;4.291021;4.3141932;4.502437;4.4192977;4.6724877;4.211639;4.484963
1270;2025-10-11;3.0;5;3.414649;3.8236537;3.5760493;3.8112724;3.5314183;3.2828012;3.3149865;3.739796;4.243695
1271;2025-10-12;2.0;5;3.409595;3.7122202;3.46394;3.5586443;3.4487145;3.492626;3.3533788;3.472529;3.8785055
1272;2025-10-13;5.0;5;4.1971073;4.0368543;3.7332103;3.4669042;4.0924754;3.8902843;4.142493;3.605597;4.20249
1273;2025-10-14;2.0;5;3.9523556;3.981239;3.2701283;3.4392767;3.8773956;3.7790473;3.7786798;3.3277795;3.9303343
1274;2025-10-15;4.0;5;3.622842;3.7156863;3.1997986;3.2610474;3.6927667;3.650193;3.6234639;3.1345646;3.3932788
1275;2025-10-16;6.0;5;3.5255256;3.8020365;3.174111;3.3800895;3.812415;3.965321;4.012606;3.447861;4.319974
1276;2025-10-17;7.0;5;4.5317965;4.320621;4.101734;4.010608;4.4930425;4.386545;4.3052063;4.01349;4.704688
1277;2025-10-18;3.0;5;3.840737;3.8392038;3.130696;2.9897926;3.9057348;3.8923073;3.9194083;3.2361228;3.8902047
1278;2025-10-19;6.0;5;3.849562;3.7772453;3.5062525;3.2173395;3.8282895;3.9436002;3.8634953;3.3868625;4.0590796
1279;2025-10-20;1.0;5;4.1659117;4.0958385;3.4822178;3.434027;4.1413527;4.111803;4.122113;3.4884963;3.9473836
1280;2025-10-21;3.0;5;4.0964665;3.9645786;3.6043117;3.538599;4.0592475;4.1796827;4.1691813;3.5999732;4.340464
1281;2025-10-22;9.0;5;4.0243745;3.9907863;3.7456229;3.8577836;4.1228957;4.1352262;4.151461;3.7628;4.198881
1282;2025-10-23;1.0;5;4.664348;4.360196;3.6998398;3.6551192;4.630935;4.635741;4.6350093;3.7579339;4.547797
1283;2025-10-24;6.0;5;5.285612;5.2030487;4.2560477;4.3287873;5.3180943;5.3712;5.421596;4.6061945;5.270408
1284;2025-10-25;2.0;5;4.789399;4.499002;4.0333714;4.0553355;5.274308;4.677706;4.455276;4.320362;4.8387036
1285;2025-10-26;3.0;5;3.3186605;3.6923006;3.4951205;3.4803169;3.4244008;3.466989;3.3352234;3.4133983;3.9936128
1286;2025-10-27;3.0;5;4.138013;4.0605884;3.4423277;3.5106697;4.085453;4.196752;4.12074;3.6326654;4.390116
1287;2025-10-28;2.0;5;4.540346;4.4181805;3.954493;4.139825;4.5436845;4.7102365;4.590214;4.2426686;5.40836
1288;2025-10-29;2.0;5;4.118723;4.1933484;3.5711381;3.5908046;4.0231113;4.172723;4.0275745;3.8406334;4.7109666
1289;2025-10-30;4.0;5;4.7354517;4.733656;3.992319;4.0964236;4.7442365;4.816084;4.8084664;4.10037;4.634139
1290;2025-11-02;4.0;5;3.486387;3.6439319;3.2544932;3.4234154;3.482238;3.468552;3.4061377;3.3866196;3.9619112
1291;2025-11-03;6.0;5;3.7936645;3.902458;3.5997307;3.59183;3.63082;3.6810708;3.6608698;3.5834343;4.0753646
1292;2025-11-04;4.0;5;4.2456584;4.0875363;3.7006097;3.7791035;4.187754;4.2837634;4.3781047;3.7162714;4.2647176
1293;2025-11-05;3.0;5;3.960665;4.1689196;3.4000735;3.6058638;3.9326484;4.0551124;4.147846;3.379651;4.5371222
1294;2025-11-06;7.0;5;3.714493;3.9884524;3.2240171;3.3382325;3.6394804;3.7602422;3.7998407;3.3251991;3.9658036
1295;2025-11-07;9.0;5;4.6607447;4.501142;4.183737;4.1075;4.7319794;4.755839;4.7830143;4.248266;4.7344155
1296;2025-11-08;5.0;5;4.0515947;4.3073497;3.669979;3.8294773;3.9776988;4.0911226;4.155888;3.7438567;4.687324
1297;2025-11-09;4.0;5;4.079414;4.186665;3.8641682;4.013163;4.033712;4.291422;4.222387;3.9442658;4.88039
1298;2025-11-10;0.0;5;4.3177676;4.466354;3.9552834;4.1488576;4.319715;4.393202;4.3872557;4.159598;5.3234816
1299;2025-11-11;3.0;5;4.0960164;4.244604;4.076306;4.08499;4.1196365;4.191719;4.2865357;4.336925;4.7778606
1300;2025-11-12;6.0;5;5.082882;4.9754143;4.298248;4.644817;5.095156;5.2719517;5.3251743;4.3447886;5.316808
1301;2025-11-13;5.0;5;4.999973;5.2391424;4.37999;4.590335;4.5016794;4.8681626;4.905693;4.442022;5.3488617
1302;2025-11-14;10.0;5;5.6749797;5.5692544;4.849308;4.824443;5.3782344;5.571191;5.643366;4.8394804;5.5774803
1303;2025-11-15;5.0;5;5.5478578;5.437417;4.717669;4.743807;5.298588;5.543027;5.5422544;4.711483;5.335182
1304;2025-11-16;5.0;5;5.3087897;5.2912126;4.7269;4.871039;5.249078;5.370505;5.414317;4.7293963;5.6028852
1305;2025-11-17;3.0;5;5.1159396;5.2292795;4.7303267;4.7994323;5.204746;5.1278768;4.9030375;4.648307;5.2289586
1306;2025-11-18;4.0;5;4.9031296;5.3560357;4.993961;4.7192426;4.7767715;4.9935308;5.069021;4.825773;5.5682273
1307;2025-11-19;5.0;5;5.7117314;5.4641232;5.080837;5.4097376;5.658276;5.675821;5.615193;5.0634274;5.4009366
1308;2025-11-20;5.0;5;4.7019415;4.7508316;4.6207285;4.6642327;4.6931806;4.7033935;4.6919484;4.560913;5.446798
1309;2025-11-21;7.0;5;6.0419536;6.031855;5.667649;5.949811;6.04141;6.001946;5.9480705;5.541357;6.6745954
1310;2025-11-24;6.0;5;4.448049;4.5612288;4.4534764;3.906662;4.615051;4.6215115;4.545147;4.2534895;4.6635947
1311;2025-11-25;3.0;5;4.381156;4.3628182;4.390191;4.1504097;4.316743;4.303271;4.189973;4.1925735;4.572909
1312;2025-11-26;3.0;5;4.391254;4.255853;4.0419717;3.8282237;4.4309773;4.3416624;4.2495904;3.924016;4.3227673
1313;2025-11-27;8.0;5;4.0957603;4.245744;4.4698224;4.0322585;4.078603;4.086434;4.1197925;4.2524233;4.8029947
1314;2025-11-28;3.0;5;5.338718;5.1274886;5.7861495;5.578678;5.541989;5.2759852;5.327634;5.607754;5.921179
1315;2025-11-29;3.0;5;4.129189;4.520699;4.271434;4.49135;4.277977;4.173371;4.207915;4.0164704;4.9595594
1316;2025-11-30;6.0;5;4.3508883;4.473355;4.1862216;4.402086;4.3027983;4.2595243;4.2693877;3.9503877;5.142417
1317;2025-12-03;10.0;5;5.3984427;5.3970313;4.493085;4.7773805;5.438726;5.476901;5.258456;4.5398235;5.159059
1318;2025-12-04;5.0;5;5.4653583;5.775107;5.096476;4.854152;5.7649026;5.621662;5.721866;5.32662;5.8161345
1319;2025-12-05;9.0;5;5.6798005;5.966867;5.367609;4.973469;5.999751;5.9050384;5.907226;5.3926215;5.8662715
1320;2025-12-06;5.0;5;3.8376002;4.8625617;5.1851892;5.141902;4.4307494;4.524974;4.4468;4.9858656;5.8246293
1321;2025-12-07;4.0;5;3.6610253;4.1937766;4.0842953;4.0757666;3.631529;3.830661;3.814807;3.9779537;4.5647826
1322;2025-12-08;3.0;5;4.509358;4.482195;3.8483622;3.8945508;4.663459;4.483561;4.3173957;3.8606107;4.493682
1323;2025-12-09;8.0;5;4.2573333;4.3786325;3.683548;3.6613777;4.1426764;4.07336;3.9678855;3.4052927;4.459909
1324;2025-12-10;6.0;6;4.837554;4.798085;4.188524;4.4029474;4.70923;4.6846313;4.707558;4.0034223;5.1075964
1325;2025-12-11;1.0;6;5.1648903;5.0451207;4.526713;4.595486;5.325853;5.2642655;5.0893016;4.4045963;5.4254546
1326;2025-12-12;8.0;6;4.9786797;4.9683123;4.8094916;4.8683357;5.184586;5.2196107;5.2987714;4.761365;5.789224
1327;2025-12-13;6.0;6;5.617896;5.5477514;5.6789947;5.575352;5.722509;5.7437096;5.6857963;5.399152;5.9795218
1328;2025-12-14;6.0;6;5.3312793;5.0971045;5.336435;5.2435317;4.443922;4.46977;4.155169;5.19783;5.949503
1329;2025-12-15;1.0;6;5.414261;5.2943263;5.007619;5.1158347;4.812585;4.632201;4.522004;4.9565125;5.4678683
1330;2025-12-16;10.0;6;4.6319404;5.209761;4.716441;4.7535334;4.42931;4.255758;3.5556157;4.752618;5.7352047
1331;2025-12-17;5.0;6;6.204059;5.9124956;5.4582696;5.363232;5.3325024;5.246567;5.130383;5.330415;6.544
1332;2025-12-18;2.0;6;6.414615;6.2425156;6.2264056;5.408236;5.9085007;5.9900455;5.654846;5.88434;7.305303
1333;2025-12-19;3.0;6;5.755769;5.877334;5.560908;5.390042;5.8754516;5.8915715;5.9221587;5.176013;6.4898663
1334;2025-12-20;4.0;6;4.730546;4.808261;5.069494;4.649139;4.8559713;4.8564267;4.893256;4.9492955;5.3183827
1335;2025-12-21;6.0;6;4.1327386;4.365007;4.401953;4.370598;4.317681;4.4215264;4.3983593;4.2989507;5.0949154
1336;2025-12-22;4.0;6;3.677268;4.026994;4.246917;4.049343;3.2441404;3.2577114;3.2215185;4.1351023;5.0053983
1337;2025-12-23;9.0;6;5.4577384;5.1692963;5.098506;4.8952594;4.7185555;4.8409424;4.5512853;5.0817213;5.908545
1338;2025-12-24;8.0;6;5.678356;5.3339534;5.317462;5.366108;4.8775015;4.725754;4.3160973;5.1193376;5.7314777
1339;2025-12-25;1.0;6;5.318443;5.366511;5.6154785;5.6425014;5.2267013;5.1759453;5.143147;5.5772953;5.994691
1340;2025-12-26;11.0;6;6.1256337;5.780231;5.343992;5.8171144;5.431685;5.303031;5.1792593;5.4190674;6.062836
1341;2025-12-27;8.0;6;6.6438236;6.1360083;6.1606607;6.486939;5.867227;5.50898;5.11066;6.473734;7.479453
1342;2025-12-28;4.0;6;5.6981845;6.1830454;5.4691195;5.288356;6.0300007;6.0399194;6.1120286;5.0877337;6.7402945
1343;2025-12-29;7.0;6;7.2973104;7.131198;5.6025915;6.0745363;6.987521;7.0911455;6.926201;5.372005;6.8360505
1344;2025-12-30;2.0;6;7.6532297;7.09076;6.0188317;6.3568034;7.398907;6.8842974;6.3453493;5.9909115;6.743304
1345;2025-12-31;2.0;6;7.8112717;7.211643;5.8857594;6.742427;7.0823455;7.4709406;7.1717896;6.0786715;7.0256515
1346;2026-01-01;10.0;6;6.8906856;6.740937;5.6732078;6.2214756;6.597143;6.782318;6.679824;5.939105;7.4946866
1347;2026-01-04;6.0;6;6.1925592;5.613966;4.473232;4.6694927;5.721083;5.393526;5.299044;4.3072057;5.467551
1348;2026-01-05;6.0;6;4.9247923;4.940044;4.4183326;4.5721874;5.0920243;5.12327;5.3493886;4.3078647;5.3715687
1349;2026-01-06;4.0;6;5.2199273;5.051653;4.5939894;4.3977127;5.175444;5.1719546;5.1848035;4.50509;5.493827
1350;2026-01-07;2.0;6;4.8052697;5.246939;5.5026617;5.745894;4.8569784;5.201354;5.171751;5.3049545;6.951539
1351;2026-01-08;3.0;6;4.388843;4.5779057;4.1461587;4.393164;4.224945;4.0348945;4.144293;4.466161;4.9457703
1352;2026-01-09;6.0;6;6.2312727;5.879791;5.7488804;5.5778265;5.8244014;5.9833584;5.8697467;5.224237;5.732416
1353;2026-01-10;3.0;6;5.659682;5.7406883;5.5236845;5.340722;5.9921823;6.1423907;6.1869082;4.986734;6.062712
1354;2026-01-11;3.0;6;5.6263547;5.375882;5.0747104;4.861294;5.593063;5.604218;5.55402;4.986847;5.2575693
1355;2026-01-12;3.0;6;7.2105446;6.3466845;5.2705946;5.273728;6.8801208;6.8309507;6.7138996;5.209957;6.110015
1356;2026-01-13;2.0;6;7.62665;6.3766813;6.065981;6.8617563;6.700883;6.042244;5.2909813;5.968316;7.2032623
1357;2026-01-14;5.0;6;5.7451963;5.8056273;4.6945963;4.179116;5.7938747;5.8275175;5.8520193;4.554197;5.9641767
1358;2026-01-15;8.0;6;6.1744137;5.744432;5.5829186;5.5119205;5.9769816;5.8465776;5.791637;5.301;5.875381
1359;2026-01-16;7.0;6;7.463805;6.298159;5.840398;6.919234;6.9826384;6.646267;5.6547546;5.893345;6.994119
1360;2026-01-17;11.0;6;6.445811;6.11724;5.7917237;5.7128105;6.233816;6.359598;6.195239;5.674018;7.0435257
1361;2026-01-18;10.0;6;9.650113;7.7149477;7.2308865;8.110263;6.9989824;7.200215;6.603871;7.0203915;9.097062
1362;2026-01-19;4.0;6;8.343303;7.6368065;6.0037284;5.839511;7.873835;8.118464;8.23089;5.8080983;7.393892
1363;2026-01-20;8.0;6;4.9695983;5.0522876;4.866325;4.8987103;5.137567;5.124523;5.1496015;5.1813383;6.0166183
1364;2026-01-21;13.0;6;5.8835335;5.808152;5.206188;5.039396;5.691334;5.5576344;5.5773215;5.046135;5.4671183
1365;2026-01-22;8.0;6;5.5731835;5.7635446;5.5480113;6.0760174;5.7953577;5.6984386;5.7809544;5.7081857;6.2650046
1366;2026-01-23;3.0;6;5.736139;5.8054543;5.5370917;5.583408;5.5634484;5.503105;5.4596663;5.4692087;5.9667816
1367;2026-01-26;4.0;6;5.3204026;5.5999403;5.1119747;5.4161525;5.228045;5.2176433;5.2198763;4.8933897;5.6683364
1368;2026-01-27;3.0;6;5.2067285;5.05013;4.893793;5.1505795;5.1089516;5.091062;5.1664157;4.6772685;5.7368636
1369;2026-01-28;4.0;6;5.556233;5.5339117;5.0456843;4.894014;5.211745;5.065077;4.9703293;5.0423737;5.424955
1370;2026-01-29;6.0;6;6.656907;6.2140384;5.765978;5.8437896;6.680341;6.703995;6.351075;5.5882864;6.333818
1371;2026-01-30;9.0;6;5.9762425;5.7275414;4.752265;4.809573;6.287653;5.8881035;5.5243926;4.5487623;5.4437633
1372;2026-01-31;7.0;6;6.5355754;6.248697;6.1854186;5.896795;6.944776;6.466776;6.3206496;5.9410534;6.0809836
1373;2026-02-01;10.0;6;5.0681415;4.7230234;5.1787386;5.101459;4.42748;4.2927604;4.106772;5.0614457;5.863194
1374;2026-02-02;6.0;6;5.2893043;5.3559923;5.307009;5.2180657;5.743191;5.4981446;5.5087924;5.2070713;5.608991
1375;2026-02-03;1.0;6;6.274537;5.61947;5.7375546;6.1836348;6.3672585;6.054796;5.924869;5.73525;5.970642
1376;2026-02-04;2.0;6;5.4448566;5.0907545;4.6018996;4.388645;4.904621;4.9222193;4.763454;4.1764717;4.995149
1377;2026-02-05;2.0;6;3.8805325;4.1838217;4.265456;4.0211077;3.777835;3.6479647;3.6226022;4.140057;4.4120173
1378;2026-02-06;10.0;6;6.5460463;6.187279;5.2837453;5.84825;6.2266507;6.3594346;6.235235;5.6308975;6.0708666
1379;2026-02-07;3.0;6;5.048446;5.660465;4.5306687;3.746714;5.097822;5.12454;4.8388066;4.3266687;5.331788
1380;2026-02-08;7.0;6;5.883426;5.318352;5.3460093;5.5868287;5.72997;5.7981443;5.8905067;5.2368646;5.9937916
1381;2026-02-09;7.0;6;6.486338;6.055831;4.8762393;5.106081;6.2388487;6.4339275;6.3327413;4.8018394;5.261688
1382;2026-02-10;7.0;6;6.3378983;6.2531414;5.053343;5.3327336;6.6321554;6.727772;6.607776;5.111428;5.6866136
1383;2026-02-11;5.0;6;5.8660445;6.0264783;4.994379;5.309543;5.89121;6.046864;5.9280944;5.1542864;5.816292
1384;2026-02-12;6.0;6;6.20203;6.0850005;5.354565;5.5836797;6.0429554;6.2409253;6.230261;5.4682555;5.735615
1385;2026-02-13;7.0;6;6.246397;6.4264216;5.067666;4.819947;5.920392;6.17025;6.271767;5.0537996;5.2796984
1386;2026-02-14;3.0;6;6.1042995;5.918167;5.1470876;4.9441075;5.705891;5.834266;5.7923408;5.059394;5.423855
1387;2026-02-15;4.0;6;6.0107403;5.974022;4.9053893;4.884774;5.8535023;5.895067;5.894621;4.884359;5.7158227
1388;2026-02-16;2.0;6;5.2658296;5.1962075;4.6082835;4.7956343;5.3852673;5.3988447;5.4522576;4.8686876;5.6241527
1389;2026-02-17;6.0;6;5.315842;4.833228;4.403037;4.58352;5.160333;5.2642;5.1644373;4.1675963;5.057465
1390;2026-02-18;2.0;6;5.764475;5.649663;4.905153;4.799387;5.473682;5.5161386;5.451154;5.0270686;5.435942
1391;2026-02-19;3.0;6;5.671603;5.50279;5.1038656;4.9938917;5.142388;5.1207433;4.9711356;5.0237107;6.3300366
1392;2026-02-20;9.0;6;5.5823064;5.576392;5.23901;5.429268;6.2131925;5.851954;5.7283607;5.190192;5.8432527
1393;2026-02-21;10.0;6;4.6395407;4.7485867;4.2823887;4.4287457;4.4712467;4.6354575;4.4241776;4.380321;5.1549897
1394;2026-02-22;3.0;6;6.457344;6.751813;5.562646;5.464714;6.2518415;6.729422;6.55747;5.3909526;6.544826
1395;2026-02-23;9.0;6;6.3662934;6.2623057;5.295775;5.1589837;6.3132286;6.4852557;6.5544868;5.2002583;5.804641
1396;2026-02-24;3.0;6;5.7957044;5.8451414;5.3767934;5.2878537;6.263975;6.28435;6.3204117;5.2426076;6.7135544
1397;2026-02-25;4.0;6;4.913482;4.987298;4.4205565;4.561651;4.6791635;4.571596;4.7214165;4.6927967;5.9605384
1398;2026-02-26;8.0;6;5.8848104;5.9186993;5.284216;5.2690716;5.975586;5.972792;5.857033;5.3203287;5.84117
1399;2026-02-27;8.0;6;5.506695;5.3911986;5.32983;5.894357;5.4519067;5.4535375;5.3541603;5.494872;6.0062714
1400;2026-02-28;5.0;6;5.9160285;5.757978;5.3147497;5.5688505;5.7769322;5.7860456;5.711125;5.270088;6.1618366
1401;2026-03-01;5.0;6;6.1127415;5.7520795;5.6677437;5.767345;6.2096424;5.968983;5.97892;5.489829;6.1066074
1402;2026-03-02;1.0;6;5.3901486;5.2006874;4.8259134;5.165802;5.601051;5.6551433;5.4827595;4.9451866;5.2204146
1403;2026-03-03;2.0;6;5.274234;5.1768103;4.3343287;4.638714;5.1561446;5.1796975;5.1945825;4.322097;5.214596
1404;2026-03-04;4.0;6;5.3901653;5.277712;5.0018096;5.2763114;4.737225;4.8112373;4.687758;5.0357504;5.51886
1405;2026-03-05;8.0;6;5.4706516;5.54949;5.539166;5.6487923;5.5802755;5.5128374;5.7704926;5.4778867;6.0791507
1406;2026-03-06;5.0;6;4.7937517;5.24982;5.4083886;5.890209;4.650934;4.1677847;4.3389173;5.258607;5.707971
1407;2026-03-07;7.0;6;5.2466407;5.343263;4.7631717;5.064409;5.4615483;5.399565;5.4995832;4.8433166;6.158178
1408;2026-03-08;5.0;6;4.7556915;4.95273;4.718441;4.71362;4.892008;4.8749146;4.973316;4.613993;5.261559
1409;2026-03-09;10.0;6;5.4327445;5.31689;4.8839755;5.1486855;5.0805106;5.264282;5.191599;4.754497;5.3723636
1410;2026-03-10;4.0;6;5.5173736;5.4644456;4.789887;5.1089272;5.584518;5.6130757;5.580068;4.7889447;5.444934
1411;2026-03-11;4.0;6;5.205748;5.2034907;4.5407476;4.8837433;5.3276653;5.3959064;5.346448;4.739311;5.500947
1412;2026-03-12;2.0;6;6.5809197;6.063973;4.9788003;5.3205175;6.2116513;6.3397393;6.1203523;4.898407;5.214235
1413;2026-03-13;5.0;6;7.048084;6.4815755;5.7737007;5.909312;7.1248145;7.003293;6.6905727;5.865039;5.8860373
1414;2026-03-14;6.0;6;5.0909057;5.073213;4.7312913;4.736825;5.2073627;5.1003885;5.1674204;4.707719;5.1013803
1415;2026-03-15;12.0;6;6.7794623;6.8308735;5.836569;5.9722495;6.1771436;6.235378;5.9962053;5.661024;6.78782
1416;2026-03-18;4.0;6;4.841918;4.987084;4.5622816;4.8672943;4.7567544;4.8692265;4.6430383;4.3961196;5.160683
1417;2026-03-19;3.0;6;4.735022;4.8247247;4.653904;5.0735283;5.11057;5.165791;4.9980445;4.4659915;5.4937477
1418;2026-03-22;5.0;6;4.2297225;4.78826;4.3344407;4.262401;4.607725;4.6938124;4.5840592;4.250697;5.003304
1419;2026-03-23;4.0;6;5.094471;4.9034543;4.5913196;4.8980713;5.2825747;5.060998;5.1976724;4.480231;5.2344265
1420;2026-03-24;7.0;6;6.1535754;5.761343;4.911962;4.437074;6.0779753;5.7276998;5.447656;4.8795586;4.773779
1421;2026-03-25;4.0;6;5.1876554;4.7681623;4.147794;4.251133;5.018717;4.873927;4.717447;4.225353;5.066834
1422;2026-03-26;3.0;6;4.794262;4.5467677;4.290657;4.174072;4.797715;4.918037;4.689599;4.130216;4.6442337
1423;2026-03-27;2.0;6;4.7714467;4.6150074;4.3415604;4.586864;4.5602126;4.5562844;4.585626;4.2885084;5.1794577
1424;2026-03-28;3.0;6;4.5153155;4.409445;4.1855435;3.9615192;4.422553;4.535758;4.4334016;3.9835393;4.4072156
1425;2026-03-29;2.0;6;3.9926505;4.044662;3.8597295;3.9462647;3.9765089;3.9967194;3.9090354;3.976894;4.22408
1426;2026-03-30;1.0;6;4.6880946;4.465536;4.1312623;3.969938;4.5431857;4.226716;4.1438756;4.3352056;4.2197576
1427;2026-03-31;2.0;6;4.1445584;3.97276;3.2332706;3.5012565;3.7761273;3.5362291;3.4867976;3.6493087;3.6762848
1428;2026-04-01;4.0;6;4.243618;4.230506;3.751553;3.7150962;4.0441217;4.040956;3.9652975;3.9824212;4.6091275
1429;2026-04-02;8.0;6;4.2935953;4.3593087;3.877165;3.7595706;4.04843;3.920509;3.9333827;3.8325574;4.6080317
1430;2026-04-03;3.0;6;4.9444394;4.7459264;4.3880787;4.9415984;5.0065546;5.021844;4.845871;4.651888;4.9833117
1431;2026-04-04;3.0;6;4.8406734;4.5381947;4.0993686;4.191207;4.923009;4.871883;4.7246327;4.3477407;4.4198327
1432;2026-04-05;5.0;6;4.415484;4.283535;4.2754135;4.3376412;4.361412;4.323091;4.2626233;4.373145;4.392992
1433;2026-04-06;4.0;6;4.5485177;4.461075;4.3458977;4.633757;4.604461;4.645405;4.666491;4.3798246;4.7122
1434;2026-04-07;3.0;6;5.0082283;4.6587877;4.429452;4.623305;4.9916778;4.9560323;4.9016595;4.597252;4.752238
1435;2026-04-08;9.0;6;4.3600817;4.2842093;3.8545167;3.7927322;4.416687;4.2308917;4.2120094;3.964765;4.3140683
1436;2026-04-09;3.0;6;4.07796;4.3234262;3.8964908;3.86711;4.0368733;3.9211407;3.8487682;3.8405297;4.2756085
1437;2026-04-10;3.0;6;4.085176;4.100625;3.5823267;3.9995706;3.6610086;3.5170949;3.3107407;3.7408607;4.5758457
1438;2026-04-11;3.0;6;3.7415726;3.8727324;3.5154502;3.6365278;3.772596;3.6147983;3.6162891;3.6387177;3.493464
1439;2026-04-12;6.0;6;3.64808;3.8980415;3.2298129;3.2346594;3.8679216;3.7226138;3.6987233;3.3793101;3.954859
1440;2026-04-13;8.0;6;4.4119415;4.3372025;4.2086916;4.121127;4.414607;4.383292;4.314477;4.2346025;4.5841146
1441;2026-04-14;3.0;6;4.361136;4.5451283;3.911669;4.2376394;4.4479914;4.4060383;4.282876;4.055691;4.7968087
1442;2026-04-15;11.0;6;4.5595903;4.492283;4.03773;3.92119;4.564264;4.6305346;4.5976596;4.0101604;4.5095053
1443;2026-04-16;5.0;6;4.6023664;4.659135;4.373345;4.4161506;4.659646;4.6180444;4.599908;3.8996508;4.551975
