FECHA_DIA;EVENTOS;PRED_EVENTOS_ACTIVE;PRED_EVENTOS_HYDRO_ENSEMBLE_OOF;PROB_ALTA_HYDRO_ENSEMBLE_OOF;ALERTA_TARGET;fold
2024-03-18;7.0;6.6091485;6.700602958999999;0.18472222222222223;0;1
2024-03-19;4.0;6.9423275;6.716819799;0.18472222222222223;0;1
2024-03-20;4.0;6.488342;6.411815534;0.18472222222222223;0;1
2024-03-21;3.0;4.760658;5.253666674249999;0.18472222222222223;0;1
2024-03-22;4.0;4.2527003;4.6627514447500005;0.18472222222222223;0;1
2024-03-23;3.0;6.9772563;6.458080643499999;0.18472222222222223;0;1
2024-03-24;1.0;4.0074716;4.16073795425;0.18472222222222223;0;1
2024-03-25;4.0;5.921287;5.72926885075;0.18472222222222223;0;1
2024-03-26;5.0;7.0112343;6.641767038499999;0.18472222222222223;0;1
2024-03-27;4.0;6.018301;5.808065275250001;0.18472222222222223;0;1
2024-03-28;4.0;6.803862;6.613872276249999;0.18472222222222223;0;1
2024-03-29;3.0;6.0952706;5.773989659750001;0.18472222222222223;0;1
2024-03-30;1.0;5.8895364;5.87516105925;0.18472222222222223;0;1
2024-03-31;3.0;5.8578806;5.479436870749999;0.18472222222222223;0;1
2024-04-01;4.0;6.143358;5.98143722825;0.18472222222222223;0;1
2024-04-02;5.0;6.07315;5.9464553035000005;0.18472222222222223;0;1
2024-04-03;6.0;5.8144965;5.917160686499999;0.18472222222222223;0;1
2024-04-04;3.0;5.542271;5.695964471249999;0.18472222222222223;0;1
2024-04-05;7.0;5.991107;5.809295280749999;0.18472222222222223;0;1
2024-04-06;8.0;6.1014056;6.0948772589999995;0.18472222222222223;1;1
2024-04-07;3.0;4.3691363;4.458007917249999;0.18472222222222223;0;1
2024-04-08;4.0;5.22665;5.076176071000001;0.18472222222222223;0;1
2024-04-09;4.0;4.1428814;4.0189333805;0.18472222222222223;0;1
2024-04-10;3.0;4.300034;4.338307470499999;0.18472222222222223;0;1
2024-04-11;4.0;4.872168;4.90493587875;0.18472222222222223;0;1
2024-04-12;4.0;4.780567;4.78053399625;0.18472222222222223;0;1
2024-04-13;2.0;4.8423033;4.567592808750001;0.18472222222222223;0;1
2024-04-14;2.0;4.768505;4.7189362645;0.18472222222222223;0;1
2024-04-15;3.0;4.4487615;4.41440692075;0.18472222222222223;0;1
2024-04-16;2.0;5.090471;5.1805952545;0.18472222222222223;0;1
2024-04-17;7.0;6.154022;5.804487303249999;0.18472222222222223;0;1
2024-04-18;10.0;4.4629116;4.616257720999999;0.18472222222222223;1;1
2024-04-19;9.0;4.1308255;4.335322703;0.18472222222222223;1;1
2024-04-20;4.0;4.037166;4.2590180295;0.18472222222222223;0;1
2024-04-21;5.0;5.282034;5.067211717499999;0.18472222222222223;0;1
2024-04-22;4.0;5.4021635;5.38756514175;0.18472222222222223;0;1
2024-04-23;3.0;4.4447927;4.45035285025;0.18472222222222223;0;1
2024-04-24;5.0;4.335847;4.315982324999999;0.18472222222222223;0;1
2024-04-25;3.0;4.0743976;4.1972508395;0.18472222222222223;0;1
2024-04-26;4.0;5.5628514;5.513800204749999;0.18472222222222223;0;1
2024-04-27;4.0;5.255088;5.06878652175;0.18472222222222223;0;1
2024-04-28;8.0;4.2001057;4.30612847525;0.18472222222222223;1;1
2024-04-29;8.0;7.3878684;7.452757123999999;0.18472222222222223;1;1
2024-04-30;3.0;6.05855;5.776876815249999;0.18472222222222223;0;1
2024-05-01;7.0;4.27868;4.230793705999999;0.18472222222222223;0;1
2024-05-02;2.0;3.6160676;3.6800379139999997;0.18472222222222223;0;1
2024-05-03;7.0;4.0178137;4.245337192499999;0.18472222222222223;0;1
2024-05-04;7.0;4.681208;4.66492756675;0.18472222222222223;0;1
2024-05-05;6.0;4.0771933;4.2078333809999995;0.18472222222222223;0;1
2024-05-06;2.0;5.5240335;5.5505354655;0.18472222222222223;0;1
2024-05-07;2.0;4.3557653;4.304902425749999;0.18472222222222223;0;1
2024-05-08;2.0;4.058338;3.6507489550000005;0.18472222222222223;0;1
2024-05-09;3.0;4.10779;4.12403269125;0.18472222222222223;0;1
2024-05-10;1.0;3.8566184;4.00741641225;0.18472222222222223;0;1
2024-05-11;5.0;4.2885747;4.172629230249999;0.18472222222222223;0;1
2024-05-12;10.0;3.162472;3.0431525039999996;0.18472222222222223;1;1
2024-05-13;6.0;4.622291;4.6225892645;0.18472222222222223;0;1
2024-05-14;4.0;3.6999986;3.7829622815;0.18472222222222223;0;1
2024-05-17;5.0;4.393537;4.40276759825;0.18472222222222223;0;1
2024-05-18;10.0;3.6741326;3.6790378855;0.18472222222222223;1;1
2024-05-19;3.0;4.4984536;4.357905833749999;0.18472222222222223;0;1
2024-05-20;7.0;3.483578;3.4928671109999994;0.18472222222222223;0;1
2024-05-21;3.0;3.7656767;3.6146648184999997;0.18472222222222223;0;1
2024-05-22;3.0;3.1177254;3.1650225867499997;0.18472222222222223;0;1
2024-05-23;4.0;3.8100455;3.842090963250001;0.18472222222222223;0;1
2024-05-24;10.0;5.378913;5.095576295;0.18472222222222223;1;1
2024-05-25;4.0;3.804609;3.9934164099999996;0.18472222222222223;0;1
2024-05-26;9.0;3.7050784;3.76734628775;0.18472222222222223;1;1
2024-05-27;6.0;4.0423665;4.05070251;0.18472222222222223;0;1
2024-05-28;4.0;1.8938224;2.2374890632500004;0.18472222222222223;0;1
2024-05-29;10.0;3.6159859;3.7116381372500005;0.18472222222222223;1;1
2024-05-30;2.0;3.7872643;3.39968567575;0.18472222222222223;0;1
2024-05-31;11.0;2.822266;2.8001763985000006;0.18472222222222223;1;1
2024-06-01;3.0;3.8751612;3.9714985944999994;0.18472222222222223;0;1
2024-06-02;2.0;3.4651072;3.7880658089999995;0.18472222222222223;0;1
2024-06-03;11.0;4.8289847;4.83447817325;0.18472222222222223;1;1
2024-06-04;5.0;4.7201962;4.79709667575;0.18472222222222223;0;1
2024-06-05;9.0;5.283443;5.68767253425;0.18472222222222223;1;1
2024-06-06;6.0;3.7549386;3.72397162275;0.18472222222222223;0;1
2024-06-07;7.0;3.6529517;3.5476017175000005;0.18472222222222223;0;1
2024-06-08;4.0;4.866973;5.057247404499999;0.18472222222222223;0;1
2024-06-09;2.0;3.7541997;3.61895541675;0.18472222222222223;0;1
2024-06-10;8.0;7.036097;7.321989289999999;0.18472222222222223;1;1
2024-06-11;20.0;7.538676;7.381407116249999;0.18472222222222223;1;1
2024-06-12;20.0;8.896055;8.66366364825;0.18472222222222223;1;1
2024-06-13;20.0;7.880301;7.530653086999999;0.18472222222222223;1;1
2024-06-14;5.0;5.8756585;5.576635721749999;0.18472222222222223;0;1
2024-06-15;6.0;7.070839;7.004576778000001;0.18472222222222223;0;1
2024-06-16;3.0;6.6090693;6.342800124000001;0.18472222222222223;0;1
2024-06-17;5.0;6.2360845;6.128535229000001;0.18472222222222223;0;1
2024-06-18;8.0;6.1204925;5.63001460475;0.18472222222222223;1;1
2024-06-19;6.0;5.251117;5.1290997035000006;0.18472222222222223;0;1
2024-06-20;6.0;8.093669;7.96365171375;0.18472222222222223;0;1
2024-06-21;18.0;8.316716;8.191557350999998;0.18472222222222223;1;1
2024-06-22;3.0;6.780952;6.282570668;0.18472222222222223;0;1
2024-06-23;7.0;7.0858693;6.92240398225;0.18472222222222223;0;1
2024-06-24;6.0;6.8198905;6.2220062687499995;0.18472222222222223;0;1
2024-06-25;3.0;5.578827;5.562956327999999;0.18472222222222223;0;1
2024-06-26;10.0;5.8783355;6.4247187755;0.18472222222222223;1;1
2024-06-27;3.0;5.9978375;6.0453365125;0.18472222222222223;0;1
2024-06-28;2.0;5.599617;5.7379940962500005;0.18472222222222223;0;1
2024-06-29;10.0;6.250537;6.700037308499999;0.18472222222222223;1;1
2024-06-30;3.0;4.5838914;4.58404247775;0.18472222222222223;0;1
2024-07-01;4.0;5.6953793;5.47353435775;0.18472222222222223;0;1
2024-07-02;5.0;4.562953;4.35432706825;0.18472222222222223;0;1
2024-07-03;8.0;5.697822;5.430584083000001;0.18472222222222223;1;1
2024-07-04;4.0;5.0742736;4.6490597805;0.18472222222222223;0;1
2024-07-05;4.0;4.877105;4.9543257452499985;0.18472222222222223;0;1
2024-07-06;4.0;3.8878064;3.7915919389999995;0.18472222222222223;0;1
2024-07-07;2.0;3.664295;3.925383744000001;0.18472222222222223;0;1
2024-07-08;7.0;4.183225;4.301138205500001;0.18472222222222223;0;1
2024-07-09;11.0;4.329071;4.1374495399999995;0.18472222222222223;1;1
2024-07-10;7.0;5.5515313;5.366219870999999;0.18472222222222223;0;1
2024-07-11;6.0;4.779547;4.493271396499999;0.18472222222222223;0;1
2024-07-12;3.0;5.113158;4.947295179999999;0.18472222222222223;0;1
2024-07-13;5.0;5.826057;5.463481075;0.18472222222222223;0;1
2024-07-14;6.0;4.202788;3.8518974445;0.18472222222222223;0;1
2024-07-15;6.0;3.0098813;3.060202956;0.18472222222222223;0;1
2024-07-16;4.0;4.2296567;4.09941099;0.18472222222222223;0;1
2024-07-17;12.0;3.9495518;3.7505955602499994;0.18472222222222223;1;1
2024-07-18;3.0;4.7598915;5.2292086295;0.20402899218632958;0;2
2024-07-19;9.0;5.601449;5.880326565999998;0.2428137036458505;1;2
2024-07-20;4.0;3.8245087;3.990075752;0.14337154803840427;0;2
2024-07-21;4.0;4.498515;4.725212976;0.17731053974731426;0;2
2024-07-22;11.0;5.44952;5.4594886659999995;0.21719570988915332;1;2
2024-07-23;2.0;4.927094;5.11260515575;0.1975920674931102;0;2
2024-07-24;1.0;5.691178;5.659368095999999;0.22911326511354718;0;2
2024-07-25;2.0;6.118883;5.743335875;0.2342548318511014;0;2
2024-07-26;4.0;4.269605;4.07325901825;0.14692194686573049;0;2
2024-07-27;6.0;4.442016;4.104193650249999;0.14826073554991565;0;2
2024-07-28;3.0;4.857363;4.2841721865;0.15625051656531294;0;2
2024-07-29;6.0;3.24612;2.901931946250001;0.10322551429991912;0;2
2024-07-30;8.0;3.6939328;3.420769057;0.12095607641919204;1;2
2024-07-31;16.0;8.066942;8.2731436755;0.4220945133285491;1;2
2024-08-01;23.0;13.270958;14.208055429999996;0.8490846887501688;1;2
2024-08-02;17.0;7.8361936;7.797826089499998;0.38279744916211084;1;2
2024-08-03;8.0;5.060465;5.267471918249999;0.2061749503185806;1;2
2024-08-04;12.0;6.990723;7.5994581504999985;0.36680914478912097;1;2
2024-08-05;10.0;7.3093576;7.3144525694999984;0.34434906062887777;1;2
2024-08-06;10.0;4.381487;4.060145234749999;0.14635743584489655;1;2
2024-08-09;9.0;6.1472354;5.422384663499999;0.21503341268740714;1;2
2024-08-10;9.0;5.9830203;5.54766086225;0.22239692479309772;1;2
2024-08-11;7.0;4.520269;4.623898297999999;0.1722836050422081;0;2
2024-08-12;6.0;4.3649073;4.23371723025;0.15397591447318731;0;2
2024-08-13;6.0;4.5114107;4.425953305999999;0.1627888897955667;0;2
2024-08-14;8.0;4.4722257;4.3060747185;0.15724641355434096;1;2
2024-08-15;2.0;4.51228;4.59859754475;0.1710460054515548;0;2
2024-08-16;3.0;4.8415656;4.94448041125;0.18858241121509692;0;2
2024-08-17;6.0;5.218165;4.904179661750001;0.18647017865696563;0;2
2024-08-18;9.0;4.915047;4.8344260955;0.18285745772367965;1;2
2024-08-19;2.0;5.6074085;5.21367058275;0.20316231191080383;0;2
2024-08-20;3.0;5.057788;4.7637893235;0.17925460042871594;0;2
2024-08-21;2.0;5.136118;4.6139807325;0.1717976391729965;0;2
2024-08-22;7.0;4.814376;4.35604630675;0.1595379201027671;0;2
2024-08-23;6.0;5.040519;4.591805817249999;0.1707149881708204;0;2
2024-08-24;4.0;3.6377194;3.5579933245000004;0.1260657027608954;0;2
2024-08-25;6.0;3.773611;3.8164575495000004;0.13619142198525314;0;2
2024-08-26;11.0;5.318095;5.0728213255;0.19543118192891376;1;2
2024-08-27;4.0;5.018511;4.9799216;0.1904550819676071;0;2
2024-08-28;4.0;5.0307007;4.9911873909999995;0.19105332391966445;0;2
2024-08-29;8.0;5.010529;5.02604916375;0.19291366126683815;1;2
2024-08-30;4.0;4.7432437;4.505326553249999;0.1665445371329465;0;2
2024-08-31;9.0;4.7497835;4.642005985249999;0.17317369816836262;1;2
2024-09-01;4.0;3.955252;3.931688446500001;0.14092236896522398;0;2
2024-09-02;5.0;4.499001;4.393305795;0.16126404887167936;0;2
2024-09-03;6.0;4.505524;4.54945258225;0.1686622349503123;0;2
2024-09-04;11.0;4.0458736;4.099592201250001;0.14806095808199674;1;2
2024-09-05;4.0;5.152548;5.376330855;0.21237135006966337;0;2
2024-09-06;9.0;4.5015407;4.817753958999999;0.18200205180731494;1;2
2024-09-07;4.0;4.1405196;4.199564852250001;0.15245168466385722;0;2
2024-09-08;1.0;3.8805823;3.95839508625;0.14203826693730223;0;2
2024-09-09;6.0;5.2591586;5.124282342;0.19822973035850197;0;2
2024-09-10;5.0;4.522923;4.361583631499999;0.15979349874301021;0;2
2024-09-11;3.0;4.0321608;3.9193785015000002;0.1404104881685781;0;2
2024-09-12;2.0;4.5710974;4.72501768875;0.17730074042914257;0;2
2024-09-13;7.0;4.8654017;4.776896511749999;0.17991891992925968;0;2
2024-09-14;10.0;4.427913;4.187354537499999;0.15190974582301342;1;2
2024-09-15;4.0;3.9931178;4.387131030999999;0.16097694996006404;0;2
2024-09-16;8.0;4.553021;4.6181021485;0.1719994586450918;1;2
2024-09-17;1.0;3.8866723;3.6900373135;0.1311557208835705;0;2
2024-09-18;1.0;7.309953;6.99738083125;0.32015795882955506;0;2
2024-09-19;6.0;6.4107566;6.070615927499998;0.2550504910471455;0;2
2024-09-20;2.0;4.588606;4.334173778249999;0.15853161706229862;0;2
2024-09-21;6.0;4.1667175;4.0652842397499995;0.14657844093490127;0;2
2024-09-22;3.0;4.2295923;3.7471502925;0.13341083993854044;0;2
2024-09-23;3.0;4.24804;4.2931131835;0.1566564369853651;0;2
2024-09-24;2.0;3.841588;3.7417830584999994;0.1331975247280152;0;2
2024-09-25;6.0;3.7564034;3.6181887405;0.1283648157837244;0;2
2024-09-26;1.0;4.8193674;4.80301438025;0.18124839460948478;0;2
2024-09-27;4.0;4.4378963;4.1254530965;0.14918663181211372;0;2
2024-09-28;3.0;3.2093692;2.994800961;0.10622056959903717;0;2
2024-09-29;4.0;3.069568;2.697861393;0.09690566523460409;0;2
2024-10-02;1.0;4.3271084;4.2279470075;0.15371751557193622;0;2
2024-10-03;4.0;3.909491;3.5847153915;0.1270819491447292;0;2
2024-10-04;5.0;3.8151255;3.8732803260000006;0.1385074092825771;0;2
2024-10-05;5.0;3.2754717;2.986063146;0.10593554085582126;0;2
2024-10-06;4.0;2.9129953;2.818341769750001;0.10059385356355162;0;2
2024-10-07;5.0;2.489172;2.534598446;0.09210062642723088;0;2
2024-10-08;2.0;2.9356158;2.8325080275;0.10103561581766847;0;2
2024-10-09;2.0;2.4667196;2.3845391320000004;0.08787413358670791;0;2
2024-10-10;1.0;3.9369142;3.89369819075;0.1393476390818395;0;2
2024-10-11;4.0;4.082043;3.9567863972499997;0.14197084204835306;0;2
2024-10-12;5.0;3.6979692;3.370085567;0.1191144816921815;0;2
2024-10-13;6.0;3.659109;3.5175555524999997;0.12454107550732522;0;2
2024-10-14;2.0;3.5062103;3.3484707305000003;0.11833650484900232;0;2
2024-10-15;5.0;3.597235;3.1760105895000006;0.11228556647193066;0;2
2024-10-16;2.0;4.052904;4.000313994999999;0.1438046470416479;0;2
2024-10-19;5.0;3.6571176;3.4327415919999997;0.12139467091976398;0;2
2024-10-20;6.0;4.115161;3.965494042000001;0.14233612423418524;0;2
2024-10-21;1.0;4.312417;4.200255139749999;0.15248236947408775;0;2
2024-10-22;1.0;3.3325753;3.0730960487499996;0.10880484357690452;0;2
2024-10-23;3.0;3.9104111;3.7895880294999995;0.13510767719931216;0;2
2024-10-24;4.0;3.144096;2.95908511775;0.10505976463195042;0;2
2024-10-25;2.0;4.6274467;5.12605602725;0.1983267224110392;0;2
2024-10-26;2.0;3.6989968;3.7381893199999996;0.13305485667918807;0;2
2024-10-27;0.0;3.8390176;3.74313553325;0.13325125022912498;0;2
2024-10-28;2.0;3.1616051;2.9445881775000005;0.10459180080936903;0;2
2024-10-29;4.0;4.4393263;4.1749027975;0.15135872129610758;0;2
2024-10-30;3.0;4.5681553;4.19914962175;0.1524332291867295;0;2
2024-10-31;2.0;3.2747362;3.1736971747500005;0.11220626566432193;0;2
2024-11-01;8.0;4.392764;4.419483101249999;0.1624857711515215;1;2
2024-11-02;6.0;4.35768;4.195085033000001;0.15225266982771796;0;2
2024-11-03;3.0;3.4960158;3.438356495750001;0.12160083559123394;0;2
2024-11-04;4.0;4.427848;4.2575743655;0.15504804416467463;0;2
2024-11-05;6.0;3.7380362;3.5969807797500004;0.12755074393608215;0;2
2024-11-06;5.0;4.5165668;4.561397844999999;0.16923919143952526;0;2
2024-11-07;1.0;4.3130536;4.320073380999999;0.15788562622852634;0;2
2024-11-08;5.0;4.80949;4.80314880375;0.18125525689576472;0;2
2024-11-09;5.0;3.4198368;3.2805633397500005;0.1159209046474214;0;2
2024-11-10;2.0;3.7434783;3.5911349100000005;0.1273271253493914;0;2
2024-11-11;3.0;3.5487301;3.887868329000001;0.13910729558009532;0;2
2024-11-12;12.0;4.809112;5.1047702805;0.19716509134846874;1;2
2024-11-13;3.0;5.5290174;5.444830001250001;0.21633957945069784;0;2
2024-11-14;4.0;4.4856625;4.5752603475;0.1699107195712387;0;2
2024-11-15;6.0;4.9280086;4.956997614999999;0.18924218629252612;0;2
2024-11-16;10.0;4.183239;4.23231166575;0.15391293855126392;1;2
2024-11-17;0.0;4.106924;4.395000756999999;0.16134292933540792;0;2
2024-11-18;3.0;3.9871244;3.9825891485000002;0.1430555369944063;0;2
2024-11-21;3.0;5.0722556;4.9808420369999995;0.1905039057079882;0;2
2024-11-22;7.0;4.56133;4.50735314075;0.1666413292527821;0;2
2024-11-23;2.0;4.3633857;4.293249941499999;0.1466659743788384;0;3
2024-11-24;5.0;4.07894;4.0447607647499995;0.12969621046622795;0;3
2024-11-25;10.0;4.6976967;4.63733457025;0.17315083065590967;1;3
2024-11-26;7.0;4.789108;4.7213654095;0.18016672680246093;0;3
2024-11-27;6.0;5.1327395;5.005994238999999;0.20557348470905593;0;3
2024-11-28;4.0;5.399907;5.189222036999999;0.22328431675706603;0;3
2024-11-29;5.0;4.848558;5.0886968685000005;0.2134357564452005;0;3
2024-11-30;7.0;4.5751195;4.4314470112499995;0.1568762640063074;0;3
2024-12-01;6.0;4.3849797;4.727547809499999;0.18069156675252984;0;3
2024-12-02;10.0;4.257327;4.354596289;0.15112876680667106;1;3
2024-12-03;1.0;4.400754;4.44999083025;0.1582894839379874;0;3
2024-12-04;2.0;4.6040306;4.788183595;0.1859023270747006;0;3
2024-12-05;3.0;5.216801;5.346222244999999;0.23930440876866144;0;3
2024-12-06;4.0;6.5230303;6.35560633425;0.35961772033492717;0;3
2024-12-07;5.0;5.6023517;5.633257898000001;0.2705737142978802;0;3
2024-12-08;8.0;4.7868204;4.7442660035;0.18211678427982622;1;3
2024-12-09;3.0;5.8651705;5.78297895675;0.28786804991093823;0;3
2024-12-10;4.0;5.603213;5.403038455;0.24529239168511863;0;3
2024-12-11;7.0;5.8960614;5.8034709965;0.2902857148163568;0;3
2024-12-12;5.0;5.0020266;5.063357515499999;0.21100377948243904;0;3
2024-12-13;9.0;5.774195;5.957776512999999;0.3088689888428883;1;3
2024-12-14;11.0;6.214693;6.780858078;0.4175369456885289;1;3
2024-12-15;3.0;4.3550057;4.502628198999999;0.1623572900581941;0;3
2024-12-16;6.0;4.6989055;4.9186785225;0.19750786516953117;0;3
2024-12-17;3.0;5.2735353;5.224517049249999;0.22681807985810176;0;3
2024-12-18;4.0;5.1085362;5.2516570090000005;0.22956211097192936;0;3
2024-12-19;5.0;6.0976877;6.22631714725;0.3427086236833079;0;3
2024-12-20;11.0;5.973728;6.376037107749999;0.3623232526485531;1;3
2024-12-21;8.0;5.9761353;6.38749032575;0.3638437753434126;1;3
2024-12-22;4.0;7.2751904;6.921648139;0.43731477027271687;0;3
2024-12-23;9.0;6.097856;6.103294684;0.3269808279741331;1;3
2024-12-24;11.0;6.60065;6.664675078749999;0.4014104327997722;1;3
2024-12-25;5.0;5.4641566;5.982619284499998;0.31192172761807335;0;3
2024-12-26;5.0;5.919423;5.71608214575;0.2800596965039716;0;3
2024-12-27;5.0;5.899054;5.5474317074999995;0.26095991591980366;0;3
2024-12-28;1.0;6.028483;5.7160526654999995;0.28005628415464123;0;3
2024-12-29;6.0;4.4820533;4.88602808475;0.19455378072903556;0;3
2024-12-30;9.0;6.4588656;6.664620373249999;0.40140288666974167;1;3
2024-12-31;8.0;6.594966;7.036077399749999;0.4535406738544432;1;3
2025-01-01;7.0;6.9162955;7.0377546632499985;0.45377932944535726;0;3
2025-01-02;8.0;7.137895;7.09839105825;0.46242061697291614;1;3
2025-01-03;7.0;6.130977;6.197429911999999;0.3389827812682599;0;3
2025-01-04;3.0;6.3038564;5.868066680499999;0.29798463958844174;0;3
2025-01-05;7.0;4.7896137;4.844722103;0.19086475653087384;0;3
2025-01-06;11.0;4.3873534;4.517546832749999;0.16352542101363604;1;3
2025-01-07;5.0;4.5177383;4.690170567;0.1775366538513949;0;3
2025-01-08;5.0;5.3195395;5.25694187425;0.23009914864244013;0;3
2025-01-09;4.0;5.8138113;5.755431850999999;0.28463700329592556;0;3
2025-01-10;3.0;6.8602324;6.987151817;0.4465889571850787;0;3
2025-01-11;8.0;6.1014214;5.78837751675;0.288503811051865;1;3
2025-01-12;7.0;5.192511;5.368888169999999;0.24168114760615061;0;3
2025-01-13;4.0;6.026644;5.984565969999999;0.3121616370667858;0;3
2025-01-14;10.0;5.411984;5.50319254725;0.25609165649527954;1;3
2025-01-15;2.0;4.595311;4.3296351479999995;0.1492995841007506;0;3
2025-01-16;5.0;6.5069933;7.046249937500001;0.4549884347604684;0;3
2025-01-17;7.0;6.901381;7.3930170849999985;0.5046346412963537;0;3
2025-01-18;6.0;5.203436;5.551991974999998;0.261465135966755;0;3
2025-01-19;5.0;6.2712846;6.183381132499999;0.33717793643881916;0;3
2025-01-20;6.0;5.9451365;6.180841512750001;0.3368521758974349;0;3
2025-01-21;6.0;5.317887;5.444068390749999;0.24967904896697599;0;3
2025-01-22;3.0;5.817747;6.138352980250001;0.331425273904221;0;3
2025-01-23;3.0;5.512225;5.7017748059999995;0.2784066063383706;0;3
2025-01-24;2.0;7.3956003;7.196773104;0.4764869069583363;0;3
2025-01-25;11.0;6.1634455;5.892620249999999;0.30094172050661605;1;3
2025-01-26;3.0;5.3268304;5.444957179749999;0.2497746494635321;0;3
2025-01-27;3.0;8.277009;7.91152675625;0.5783998744173492;0;3
2025-01-28;7.0;8.651556;8.169075328249999;0.6139776240655359;0;3
2025-01-29;3.0;5.94791;5.999878789249999;0.3140522944896226;0;3
2025-01-30;4.0;4.7564545;4.704211727749999;0.1787167364755679;0;3
2025-01-31;2.0;5.6609697;5.7808010637499985;0.2876118068663521;0;3
2025-02-01;9.0;6.2975435;6.06740999775;0.32246356693804396;1;3
2025-02-02;8.0;6.2268195;6.180466848499999;0.3368041303044154;1;3
2025-02-03;5.0;5.5556283;5.382824479499999;0.2431504643208991;0;3
2025-02-04;5.0;6.210379;6.177253823249998;0.33639224209304336;0;3
2025-02-05;10.0;3.9028673;3.921074349;0.12188987055093163;1;3
2025-02-08;10.0;7.1792483;7.42860793475;0.5097415918980903;1;3
2025-02-09;13.0;8.316521;8.1570660795;0.6123423242655492;1;3
2025-02-10;1.0;5.5684524;6.24874294075;0.34561453235390405;0;3
2025-02-11;4.0;8.369938;8.29051969825;0.6303649201553048;0;3
2025-02-12;2.0;6.242684;6.440531148999998;0.3709205674694367;0;3
2025-02-13;5.0;5.0057034;5.3366283354999995;0.23830323415643181;0;3
2025-02-14;12.0;6.572956;6.9304439025;0.43855770009713413;1;3
2025-02-15;6.0;5.346105;5.873403491249999;0.2986259490915804;0;3
2025-02-16;6.0;5.7992983;6.0535361965;0.3207258875558804;0;3
2025-02-17;4.0;5.4771433;5.692977075999999;0.27739308512314237;0;3
2025-02-18;4.0;5.9401255;5.55871461625;0.2622110710230969;0;3
2025-02-19;3.0;5.2194567;5.242449671999999;0.22862858299541544;0;3
2025-02-20;3.0;4.474238;4.6822735975;0.17687564586410917;0;3
2025-02-21;2.0;5.773443;5.8456703155;0.29530200001771173;0;3
2025-02-22;4.0;4.7147045;4.678450135;0.17655630163502614;0;3
2025-02-23;2.0;4.599272;4.173652966;0.13827970260331174;0;3
2025-02-24;5.0;4.647423;4.506865563749999;0.16268839063416157;0;3
2025-02-25;7.0;6.2820396;5.821512834749999;0.2924242052569527;0;3
2025-02-26;7.0;4.8039913;4.7080283535000005;0.17903856183993835;0;3
2025-02-27;11.0;4.5406528;4.52166102675;0.16384875004801364;1;3
2025-02-28;7.0;6.2591543;6.0393172342499994;0.3189501191289528;0;3
2025-03-01;3.0;4.692777;4.270698418499999;0.14505305378657107;0;3
2025-03-02;6.0;3.8279974;4.012515230499999;0.127620984716034;0;3
2025-03-03;5.0;5.5847692;5.462959843249999;0.2517163149117736;0;3
2025-03-04;6.0;4.5702724;4.7602935305;0.18349131256312262;0;3
2025-03-05;6.0;5.978634;5.861492567499999;0.29719573771247887;0;3
2025-03-06;12.0;6.2769275;6.31302281175;0.3540073779417149;1;3
2025-03-07;2.0;5.2930083;5.54123083275;0.26027395127138725;0;3
2025-03-08;4.0;7.5527654;7.253721661749999;0.48464771865644024;0;3
2025-03-09;6.0;7.0208845;6.5135477425;0.38075336519135555;0;3
2025-03-10;17.0;4.923736;4.6678930659999995;0.17567690358555127;1;3
2025-03-11;4.0;6.448224;6.794824845249998;0.41948823178113587;0;3
2025-03-12;9.0;4.8717227;5.020746260749999;0.20696001979704667;1;3
2025-03-13;4.0;6.6094866;7.052148563499999;0.45582828057368896;0;3
2025-03-14;8.0;5.537148;5.916318765749998;0.3038116075034871;1;3
2025-03-15;1.0;4.983963;5.07436443;0.21205768080463605;0;3
2025-03-16;4.0;4.921153;5.114604379;0.2159433135085561;0;3
2025-03-17;6.0;5.344286;5.499459952;0.2556836420831154;0;3
2025-03-18;10.0;5.25678;5.302115662499999;0.2347255061210512;1;3
2025-03-19;8.0;5.6187177;5.71361631575;0.27977436363495006;1;3
2025-03-20;5.0;5.9403157;5.73069227475;0.2817539459023356;0;3
2025-03-21;4.0;6.7178154;6.4542821762500004;0.37276447395424556;0;3
2025-03-22;5.0;5.6782007;5.8020029179999995;0.2901121112876458;0;3
2025-03-23;11.0;7.9343467;8.239957251499998;0.6235762286801626;1;3
2025-03-24;16.0;7.047444;6.994341214499999;0.44760923928547064;1;3
2025-03-25;10.0;7.7887254;7.5880737830000005;0.4732996996747129;1;4
2025-03-26;11.0;7.3251677;7.268996691999999;0.43387572846982897;1;4
2025-03-29;7.0;6.4599648;6.572649629249999;0.35128704637439456;0;4
2025-03-30;5.0;4.310994;4.58465318525;0.16728673508275638;0;4
2025-03-31;2.0;5.4985166;5.7805457695;0.26727734630652694;0;4
2025-04-01;3.0;5.387798;5.5948365245;0.24953190327202573;0;4
2025-04-02;2.0;4.9105926;5.091599641000001;0.20552398466152114;0;4
2025-04-03;5.0;4.874085;4.983150190500001;0.19683195903845907;0;4
2025-04-04;2.0;5.943786;6.210268736250001;0.31128069566115774;0;4
2025-04-05;9.0;4.998326;4.99964801;0.19813611329381478;1;4
2025-04-06;7.0;4.898719;4.911089413749999;0.19121157601525476;0;4
2025-04-07;5.0;4.7474356;4.57244799375;0.16644040554552775;0;4
2025-04-08;4.0;4.5342383;4.454224187249999;0.15841927658002455;0;4
2025-04-09;5.0;4.773214;4.902653450749999;0.1905616899252406;0;4
2025-04-10;3.0;4.9660454;4.956470426250001;0.1947366549848994;0;4
2025-04-11;5.0;5.1968694;5.258524630749999;0.219452551864617;0;4
2025-04-12;4.0;4.7110257;4.632700329;0.17065183850965807;0;4
2025-04-13;6.0;3.8528745;4.070700078500001;0.1345475359352552;0;4
2025-04-14;1.0;4.9236884;4.797390713499999;0.1825943250819701;0;4
2025-04-15;2.0;4.50121;4.62014353075;0.16976723541720398;0;4
2025-04-16;6.0;4.880824;4.969086438;0.19572534322593055;0;4
2025-04-17;7.0;4.758284;4.66304056625;0.17280435522541035;0;4
2025-04-18;3.0;5.312259;5.25390460925;0.21905807540378763;0;4
2025-04-19;1.0;5.0628643;4.946288286;0.19394146845497923;0;4
2025-04-20;3.0;3.9269676;3.7068962962499996;0.1147822611373808;0;4
2025-04-21;5.0;5.7332697;5.848926994750001;0.2740098295540818;0;4
2025-04-22;6.0;4.6472216;4.776559441;0.18104862611694636;0;4
2025-04-23;3.0;4.560342;4.7676280982499994;0.18038904111940815;0;4
2025-04-24;4.0;3.5051193;3.46020393125;0.10285987302141525;0;4
2025-04-25;11.0;3.6466506;3.7196182115000007;0.11542859490611529;1;4
2025-04-26;3.0;3.763615;3.9076638195;0.1253563794837957;0;4
2025-04-27;7.0;4.11284;3.962434162249999;0.12838246791065824;0;4
2025-04-28;2.0;4.428876;4.520610277499999;0.1628840450614879;0;4
2025-04-29;2.0;3.812113;3.83650763275;0.12151642053886737;0;4
2025-04-30;7.0;4.190095;4.3589039015;0.15218293036138328;0;4
2025-05-01;5.0;4.708382;4.658205994999999;0.17245992902946522;0;4
2025-05-02;3.0;4.6272717;4.51279893125;0.16235348144006742;0;4
2025-05-03;5.0;4.4005027;4.257012326;0.14574090212239618;0;4
2025-05-04;6.0;3.9404662;3.8098935852500007;0.12010643499756718;0;4
2025-05-05;4.0;4.6836286;4.453818311999999;0.15839228773080194;0;4
2025-05-06;4.0;4.9327316;4.87674550325;0.18857636685330678;0;4
2025-05-07;3.0;5.0651703;5.108183560999999;0.20687794273828744;0;4
2025-05-08;9.0;3.6252568;3.4822031437500005;0.10387687959715873;1;4
2025-05-09;8.0;3.9316192;4.18408488625;0.1412702377737719;1;4
2025-05-10;4.0;3.7516506;3.64710842875;0.11178680130946637;0;4
2025-05-11;5.0;4.1511245;4.23186944475;0.14418646460048196;0;4
2025-05-12;5.0;3.4985442;3.55028151075;0.10708058676680923;0;4
2025-05-13;5.0;4.410424;4.4465163064999995;0.15790737517483347;0;4
2025-05-14;6.0;3.7263477;3.6248871225;0.11069101408523249;0;4
2025-05-15;2.0;4.011947;4.1207733785;0.13748249925730588;0;4
2025-05-16;3.0;4.8621287;4.732740278;0.17783051347831091;0;4
2025-05-17;4.0;5.511126;5.472816797999999;0.23830903377315454;0;4
2025-05-18;5.0;4.999592;5.229493047499999;0.21698219111842254;0;4
2025-05-19;5.0;4.4898605;4.30096939125;0.148491877439296;0;4
2025-05-20;3.0;5.0303783;4.7672650605;0.1803622702433199;0;4
2025-05-21;7.0;4.98164;4.870471431;0.18809798020090113;0;4
2025-05-22;2.0;4.582463;4.53595649275;0.1639304589189344;0;4
2025-05-23;5.0;5.6282625;5.82907091075;0.27204405363200945;0;4
2025-05-24;1.0;4.1044555;4.216416871749999;0.14323797860735635;0;4
2025-05-25;2.0;5.1768994;5.04657056875;0.20188086660075738;0;4
2025-05-26;9.0;3.503996;3.3750839730000006;0.09900748708251313;1;4
2025-05-27;7.0;3.9919033;4.0827264450000005;0.13524757654588884;0;4
2025-05-28;3.0;4.463671;4.284769203250001;0.14747306224637038;0;4
2025-05-29;6.0;5.16572;5.0005422845;0.19820699132420394;0;4
2025-05-30;5.0;5.329875;5.301772192;0.22316994853547453;0;4
2025-05-31;9.0;5.4198685;5.1574752749999995;0.21094111578446242;1;4
2025-06-01;4.0;3.2909184;3.4920022994999997;0.10433274230685993;0;4
2025-06-02;2.0;4.0221777;4.2545571795;0.14558850453856834;0;4
2025-06-03;6.0;4.9168515;4.94347851975;0.19372247095348882;0;4
2025-06-04;4.0;5.1487207;4.73301889425;0.1778508329096393;0;4
2025-06-05;2.0;4.6511455;4.86429983525;0.18762831744128652;0;4
2025-06-06;4.0;4.7916894;4.678977042;0.17394356041563372;0;4
2025-06-07;2.0;5.152788;4.957353068499999;0.19480570229075234;0;4
2025-06-08;7.0;4.5190773;4.3408263155;0.1510231821626327;0;4
2025-06-09;7.0;4.7805247;4.654275939;0.17218034323373183;0;4
2025-06-10;6.0;4.4799943;4.02117194175;0.1316967553492175;0;4
2025-06-11;12.0;6.3530765;6.647816257;0.3598778713934643;1;4
2025-06-12;6.0;4.691288;4.678150404749999;0.17388432346620694;0;4
2025-06-13;4.0;5.8057404;5.600394785000001;0.25005144045667954;0;4
2025-06-14;16.0;8.366885;8.14665199575;0.5428224643223157;1;4
2025-06-15;23.0;13.023963;14.613036899999999;0.9676131777917547;1;4
2025-06-16;7.0;7.656653;7.08192236825;0.41111296927314767;0;4
2025-06-17;6.0;8.195539;7.577153773999999;0.47194208479930955;0;4
2025-06-18;3.0;6.303991;6.274927561;0.3182366028953239;0;4
2025-06-19;11.0;6.0705557;6.308376731250001;0.32186735089634094;1;4
2025-06-20;10.0;6.2370267;6.2869058632499994;0.3195342831590934;1;4
2025-06-21;5.0;5.2183056;5.14289505175;0.20973319365347315;0;4
2025-06-22;3.0;4.0228043;4.444377674499999;0.15776558116977182;0;4
2025-06-23;4.0;5.0763974;5.2870545495;0.221899858888827;0;4
2025-06-24;5.0;3.9808254;4.1842527920000006;0.14128039801065453;0;4
2025-06-25;5.0;4.8427024;4.609284627;0.16900519046687212;0;4
2025-06-26;6.0;5.624126;5.451934224;0.2364234958626179;0;4
2025-06-27;4.0;5.6117287;5.451629002499999;0.23639601319335476;0;4
2025-06-28;3.0;5.529286;5.1431653995;0.2097555447428028;0;4
2025-06-29;6.0;5.8094196;5.096354902499999;0.205911544683894;0;4
2025-06-30;4.0;5.0299706;4.938118576749999;0.19330522990610732;0;4
2025-07-01;6.0;4.9601493;4.67120134575;0.1733869824778393;0;4
2025-07-02;6.0;4.991578;4.90110137625;0.1904423059891082;0;4
2025-07-03;5.0;5.2628045;5.124951233749999;0.20825359444838595;0;4
2025-07-04;7.0;6.0954723;6.345166225999999;0.3258856581357898;0;4
2025-07-05;3.0;6.1895537;6.4643956615;0.3390831509839202;0;4
2025-07-06;4.0;7.2723765;7.46248113875;0.4577144248895341;0;4
2025-07-07;3.0;4.6717935;4.5585326315;0.16547967430727512;0;4
2025-07-08;4.0;4.0747895;4.027354560249999;0.13204980043816317;0;4
2025-07-11;9.0;5.3299394;5.557638957999999;0.24607358532169746;1;4
2025-07-12;6.0;5.38473;5.4561327015;0.23680175782581356;0;4
2025-07-13;6.0;5.1603384;5.0336977505;0.20084828939007643;0;4
2025-07-14;3.0;4.9642806;4.927270391;0.19246285231614838;0;4
2025-07-15;4.0;4.1704683;4.2231332972499995;0.14364959587311962;0;4
2025-07-16;7.0;4.2659483;4.2493486455;0.14526563448884036;0;4
2025-07-17;2.0;4.3996525;4.411544076249999;0.15560164342692837;0;4
2025-07-20;5.0;3.9339674;3.9914124314999997;0.13000859167538673;0;4
2025-07-21;10.0;4.2845597;4.322564487999999;0.14985900148987197;1;4
2025-07-22;2.0;3.7924278;3.8241482262500006;0.1208598660945086;0;4
2025-07-23;7.0;4.670021;4.554331428499999;0.16519049395733243;0;4
2025-07-24;9.0;5.2123737;4.90053612825;0.19039884191914536;1;4
2025-07-25;7.0;5.1823483;5.149539251499999;0.21028301195875204;0;4
2025-07-26;6.0;3.3893712;3.3216740055000002;0.09665628822861433;0;4
2025-07-27;3.0;2.6415992;2.4967118282500005;0.06620969451077446;0;4
2025-07-28;7.0;3.9578843;3.8009028335;0.11963331590477921;0;4
2025-07-29;4.0;4.7883105;4.642223375499999;0.15167970410202133;0;5
2025-07-30;5.0;4.918602;5.286334931249999;0.20180511904113738;0;5
2025-07-31;5.0;8.64029;8.81994926925;0.6284358159785756;0;5
2025-08-01;4.0;9.234739;8.444146996499999;0.5801492643029561;0;5
2025-08-02;4.0;4.588541;4.397737895;0.13552289114705302;0;5
2025-08-03;4.0;4.375889;4.28473724475;0.12855880952854776;0;5
2025-08-04;4.0;4.2819314;3.994459983250001;0.11205816108749803;0;5
2025-08-05;3.0;4.3656893;4.5497856395;0.1453925353504723;0;5
2025-08-06;4.0;4.0312233;4.060870671999999;0.11566180843248873;0;5
2025-08-07;1.0;3.7920887;3.6870831475000005;0.09663274221435779;0;5
2025-08-08;6.0;4.80655;4.7125087075;0.15660825505565476;0;5
2025-08-09;3.0;4.3584003;4.3959152945;0.1354080849079017;0;5
2025-08-12;7.0;3.3392694;3.3637053957500003;0.08247829901190816;0;5
2025-08-13;1.0;4.8562264;4.780546818749999;0.16150268616210137;0;5
2025-08-14;3.0;4.2430024;4.201822819749999;0.12364489913485742;0;5
2025-08-15;4.0;4.9379606;4.8487402490000004;0.16653147484336728;0;5
2025-08-16;2.0;4.801631;4.82607760725;0.1648465053624053;0;5
2025-08-17;0.0;4.0573053;4.234149337000001;0.12554124899339988;0;5
2025-08-18;2.0;4.0863;3.9584708367500006;0.11014654775861957;0;5
2025-08-19;4.0;4.8347864;4.743534983;0.15882503384325702;0;5
2025-08-20;2.0;3.4244514;3.2793855960000005;0.07911063317598815;0;5
2025-08-21;5.0;4.1425753;4.15578902125;0.12098695391430467;0;5
2025-08-22;7.0;3.8054771;3.5112834985000014;0.08868759044902806;0;5
2025-08-23;5.0;4.016425;3.5427542547500006;0.09006519349072621;0;5
2025-08-24;4.0;3.6628196;3.5967171940000005;0.09247228859858174;0;5
2025-08-25;4.0;4.1115656;4.00356118675;0.11254615511938729;0;5
2025-08-26;3.0;4.179216;3.981386007;0.11136038863112041;0;5
2025-08-27;5.0;3.7759426;3.75179328525;0.09971394158545435;0;5
2025-08-28;3.0;3.934045;3.9803624782499996;0.11130592249571264;0;5
2025-08-29;1.0;4.2662325;4.00755818425;0.11276105445322235;0;5
2025-08-30;3.0;3.6415606;3.4959788787500004;0.0880245418991982;0;5
2025-08-31;6.0;3.1749494;2.997777149500001;0.06875606135409686;0;5
2025-09-01;2.0;3.8305542;3.7467014187500003;0.09946835743333272;0;5
2025-09-02;6.0;3.986549;3.8084414630000003;0.10248267163598951;0;5
2025-09-03;3.0;4.251205;4.041245484999999;0.11458652522092033;0;5
2025-09-04;5.0;3.8585925;3.7596088405;0.10009194003030365;0;5
2025-09-05;2.0;4.2246547;4.3524880285;0.132696776393024;0;5
2025-09-06;6.0;3.5837414;3.5699142015;0.09126956357373527;0;5
2025-09-09;6.0;3.9015908;4.0497162125;0.11504957313214208;0;5
2025-09-10;8.0;3.5075324;3.4738477727500006;0.08707366684083222;1;5
2025-09-11;3.0;3.386455;3.361713084;0.08239724359180003;0;5
2025-09-14;11.0;3.8765612;3.66578981075;0.09563759114662726;1;5
2025-09-15;7.0;4.3762956;4.1526825894999995;0.1208093781577457;0;5
2025-09-16;11.0;4.0433974;3.9023221155;0.10722120762016529;1;5
2025-09-17;0.0;4.2429123;4.189878200999999;0.12295044854313383;0;5
2025-09-18;4.0;4.6374373;4.227146308499999;0.12512833265339726;0;5
2025-09-19;3.0;4.611183;4.262748278749999;0.12723964471683302;0;5
2025-09-20;5.0;3.8376637;3.52868825975;0.08944710041572958;0;5
2025-09-21;2.0;3.3596358;3.4333701475000002;0.08535853764842151;0;5
2025-09-22;5.0;2.9327593;2.8731716882500002;0.06458695736803405;0;5
2025-09-23;6.0;3.3516536;3.106668269;0.07260208896940841;0;5
2025-09-26;3.0;3.8006;3.746247335499999;0.09944648284192768;0;5
2025-09-27;7.0;4.441569;4.3063132054999995;0.1298645120876031;0;5
2025-09-28;2.0;3.6101034;3.2666614785;0.07861348921727089;0;5
2025-09-29;1.0;4.0230055;4.049861986499999;0.11505755602242936;0;5
2025-09-30;1.0;3.6875606;3.6585170900000006;0.0952998032174001;0;5
2025-10-01;7.0;4.1219125;3.902530846250001;0.10723195476671026;0;5
2025-10-02;3.0;3.4795325;3.1794476462500003;0.07528222935165732;0;5
2025-10-03;2.0;4.3414125;4.40483026125;0.1359704231034491;0;5
2025-10-04;3.0;3.5312428;3.4971769315000003;0.08807628365756365;0;5
2025-10-05;5.0;3.9666533;3.5824178352500002;0.09182887551482977;0;5
2025-10-06;1.0;3.8740413;3.7796905545000006;0.10106903498318984;0;5
2025-10-07;1.0;3.8633347;3.421764888;0.08487247554996413;0;5
2025-10-08;6.0;4.0541124;3.7404206362500005;0.09916617231830199;0;5
2025-10-09;2.0;4.4924045;4.320348075749999;0.13071989754795213;0;5
2025-10-10;2.0;5.0250397;4.721547914499999;0.15725147892746702;0;5
2025-10-11;3.0;4.06981;3.6295180632500004;0.09396351032918836;0;5
2025-10-12;2.0;4.0156283;3.5431747005000003;0.09008372797550636;0;5
2025-10-13;5.0;4.240862;4.06208959725;0.11572888300120454;0;5
2025-10-14;2.0;3.9232225;3.7824010297500004;0.10120156233026976;0;5
2025-10-15;4.0;3.8912084;3.54064249825;0.08997215301553994;0;5
2025-10-16;6.0;4.1103797;3.6404300912500003;0.09446436110699777;0;5
2025-10-17;7.0;4.8387456;4.5416277695;0.14484819227769016;0;5
2025-10-18;3.0;3.8605542;3.6691240575;0.09579281084086239;0;5
2025-10-19;6.0;4.044471;3.7519496105;0.09972148978172438;0;5
2025-10-20;1.0;3.9856806;3.9496769420000004;0.10968381229092611;0;5
2025-10-21;3.0;4.0040865;3.9206696179999994;0.10816951169525428;0;5
2025-10-22;9.0;4.018595;3.9251211817500002;0.10840070232454556;1;5
2025-10-23;1.0;4.274392;4.37064272775;0.13382459790669146;0;5
2025-10-24;6.0;5.452536;5.354600892;0.20778428019956993;0;5
2025-10-25;2.0;4.910312;4.7685214700000005;0.16062872760785396;0;5
2025-10-26;3.0;3.255199;3.22536054525;0.07701945450087946;0;5
2025-10-27;3.0;3.8907795;3.922891188;0.10828483406057782;0;5
2025-10-28;2.0;4.163176;4.36885134975;0.13371295302251673;0;5
2025-10-29;2.0;3.8081353;3.9442811190000002;0.10940072814202949;0;5
2025-10-30;4.0;4.696546;4.6724856369999985;0.15378596092227506;0;5
2025-11-02;4.0;3.3519003;3.32291375725;0.08083312149284656;0;5
2025-11-03;6.0;3.5335517;3.60547742825;0.09286846094384969;0;5
2025-11-04;4.0;4.048909;4.04603329725;0.11484804878321424;0;5
2025-11-05;3.0;4.1344075;3.9004049160000003;0.10712253901423711;0;5
2025-11-06;7.0;3.8931882;3.6634215927500002;0.09552747978120477;0;5
2025-11-07;9.0;4.849457;4.676278107;0.15405159803794835;1;5
2025-11-08;5.0;4.1013923;4.0175470094999985;0.11329967211299513;0;5
2025-11-09;4.0;4.109939;4.047044958;0.1149033749261193;0;5
2025-11-10;0.0;4.481112;4.370133456;0.13379285031060872;0;5
2025-11-11;3.0;4.116233;4.1345816815;0.11977912642528804;0;5
2025-11-12;6.0;5.6236773;5.23602938875;0.19748193459403526;0;5
2025-11-13;5.0;4.7662683;4.9643510025;0.17534204368431686;0;5
2025-11-14;10.0;5.7590947;5.7428850865;0.2442545386383648;1;5
2025-11-15;5.0;5.692452;5.616595778;0.23193472475989912;0;5
2025-11-16;5.0;5.9702387;5.580330648750001;0.22847821656650846;0;5
2025-11-17;3.0;5.3889327;5.26639766875;0.20008333363148698;0;5
2025-11-18;4.0;5.1654553;5.143883695249999;0.18974498742592344;0;5
2025-11-19;5.0;5.692539;5.7573248774999985;0.24569103128897818;0;5
2025-11-20;5.0;4.421803;4.6446910685;0.15185056482817164;0;5
2025-11-21;7.0;5.985814;6.1907835559999995;0.2914007771168835;0;5
2025-11-24;6.0;4.545063;4.48468818175;0.14109585435634295;0;5
2025-11-25;3.0;4.5368643;4.40635501175;0.13606679813158487;0;5
2025-11-26;3.0;3.9747155;4.15228109;0.12078644329374592;0;5
2025-11-27;8.0;3.9310548;4.05619750325;0.11540496806321288;1;5
2025-11-28;3.0;5.2370253;5.464413357;0.21767444073710834;0;5
2025-11-29;3.0;4.5286083;4.284458525;0.12854201582377667;0;5
2025-11-30;6.0;4.1533117;4.237396770249999;0.12573312163902622;0;5
2025-12-03;10.0;5.8720217;5.573238581499999;0.2278065112803178;1;5
2025-12-04;5.0;6.0295978;5.8593239665;0.25599938172852865;0;5
2025-12-05;9.0;6.54896;6.1816111962499996;0.2903831518008468;1;5
2025-12-06;5.0;3.859607;4.145714216249999;0.12041185645538402;0;5
2025-12-07;4.0;3.741174;3.73440014475;0.09887727766547341;0;5
2025-12-08;3.0;4.4921064;4.41321537125;0.13650113363202246;0;5
2025-12-09;8.0;4.2246547;4.108606286500001;0.11831394945863549;1;5
2025-12-10;6.0;4.936666;4.796684619250001;0.15181790271330495;0;6
2025-12-11;1.0;5.37415;5.210007470499999;0.18341455275389743;0;6
2025-12-12;8.0;5.239403;5.12615603125;0.17661658679608508;1;6
2025-12-13;6.0;5.7121296;5.7932577085;0.23631068504823685;0;6
2025-12-14;6.0;5.125005;5.3463914042499985;0.19490164907636662;0;6
2025-12-15;1.0;5.4696093;5.4958449615;0.2081064594028984;0;6
2025-12-16;10.0;5.244342;5.0085009515;0.1674140179028579;1;6
2025-12-17;5.0;5.587432;6.0709332585;0.264931693008795;0;6
2025-12-18;2.0;6.241268;6.545842951;0.31872618230180433;0;6
2025-12-19;3.0;5.718254;5.8771537275;0.2447279083435927;0;6
2025-12-20;4.0;4.979218;4.92705986625;0.16127109790092692;0;6
2025-12-21;6.0;4.3591905;4.249513181749999;0.11701923299870223;0;6
2025-12-22;4.0;3.842094;3.77502732175;0.09265904065756389;0;6
2025-12-23;9.0;5.709861;5.5987622450000005;0.21757634449319133;1;6
2025-12-24;8.0;5.3914957;5.625302474;0.22006828643541448;1;6
2025-12-25;1.0;5.675181;5.642227811750001;0.2216681226470477;0;6
2025-12-26;11.0;5.9906096;6.1664307879999996;0.2752720819768234;1;6
2025-12-27;8.0;6.2355;6.73258690275;0.34140107061269226;1;6
2025-12-28;4.0;5.784718;5.911101974749998;0.24819096369559335;0;6
2025-12-29;7.0;7.724853;7.528639586499999;0.44527036522455143;0;6
2025-12-30;2.0;8.363479;8.01247425075;0.5114886278935519;0;6
2025-12-31;2.0;8.054651;8.014618828249999;0.5117829629839576;0;6
2026-01-01;10.0;7.986142;7.462241611;0.43628074163194486;1;6
2026-01-04;6.0;4.986921;5.630467095249999;0.22055558239499948;0;6
2026-01-05;6.0;4.8793683;4.89405077225;0.1588336441206822;0;6
2026-01-06;4.0;5.3410444;5.2423650434999995;0.18609153830785277;0;6
2026-01-07;2.0;5.494458;5.2762137007500005;0.18892403053623522;0;6
2026-01-08;3.0;4.4936085;4.47926421825;0.13070189994374468;0;6
2026-01-09;6.0;6.1078625;6.2390428345;0.2832998259740699;0;6
2026-01-10;3.0;6.047225;5.890226691749999;0.2460576017477528;0;6
2026-01-11;3.0;5.5686965;5.646894207;0.2221106650084273;0;6
2026-01-12;3.0;7.049885;7.092581499749999;0.38714758852625125;0;6
2026-01-13;2.0;8.046822;7.763924624249999;0.47737513672457643;0;6
2026-01-14;5.0;5.9210567;5.82262455125;0.2392341281409355;0;6
2026-01-15;8.0;6.420604;6.310675701999998;0.2913564680268999;1;6
2026-01-16;7.0;7.934783;7.623884875;0.4582269393367714;0;6
2026-01-17;11.0;6.999289;6.7638197700000005;0.3452688875083357;1;6
2026-01-18;10.0;10.213775;9.854650367;0.7422770220649316;1;6
2026-01-19;4.0;9.64306;8.834021157999999;0.6218066767613885;0;6
2026-01-20;8.0;5.414414;5.2692885157500005;0.18834184479915858;1;6
2026-01-21;13.0;5.1155863;5.693667191000001;0.2265812621967299;1;6
2026-01-22;8.0;6.008876;5.965600106749999;0.25381857464461555;1;6
2026-01-23;3.0;6.303415;6.108181482499999;0.26893520634677004;0;6
2026-01-26;4.0;5.064642;5.354786110999999;0.1956262121231978;0;6
2026-01-27;3.0;5.3619127;5.2729312327499995;0.18864790843557877;0;6
2026-01-28;4.0;5.2148085;5.5293853440000005;0.21115888683079742;0;6
2026-01-29;6.0;7.252969;6.950352552999999;0.3687828404606892;0;6
2026-01-30;9.0;6.7945795;6.21586386575;0.2807218962165815;1;6
2026-01-31;7.0;6.496997;6.700560593;0.33745679546218466;0;6
2026-02-01;10.0;5.2292976;5.17327368175;0.18041181983639493;1;6
2026-02-02;6.0;5.4559026;5.487494846;0.2073516129712459;0;6
2026-02-03;1.0;6.0424037;6.279605496499999;0.2878454100701855;0;6
2026-02-04;2.0;5.4755974;5.342311658499999;0.19455025365085135;0;6
2026-02-05;2.0;4.2139287;4.02471942725;0.10485189712021595;0;6
2026-02-06;10.0;6.345277;6.58893730925;0.3238879991475485;1;6
2026-02-07;3.0;5.6116905;5.331098945750001;0.19358695956942681;0;6
2026-02-08;7.0;5.829777;5.888423888499998;0.24587394384649058;0;6
2026-02-09;7.0;6.4514346;6.432408560999999;0.3053521273901626;0;6
2026-02-10;7.0;6.4432592;6.448745863499999;0.3072588956434339;0;6
2026-02-11;5.0;5.8771276;6.00467140275;0.2579046377254077;0;6
2026-02-12;6.0;6.26919;6.35874101;0.29683738643739854;0;6
2026-02-13;7.0;5.676987;6.162241291999999;0.27481323299237126;0;6
2026-02-14;3.0;6.213032;6.1951030825;0.27842509656034986;0;6
2026-02-15;4.0;5.916244;6.029115440499999;0.26048270841891363;0;6
2026-02-16;2.0;5.2020307;5.303176612250001;0.1912038926312454;0;6
2026-02-17;6.0;5.3324194;5.18761420475;0.18157947242181857;0;6
2026-02-18;2.0;5.903266;5.880021471;0.24501917943300108;0;6
2026-02-19;3.0;5.561525;5.693484875749999;0.22656371348053286;0;6
2026-02-20;9.0;6.411441;5.987043829;0.2560558512592707;1;6
2026-02-21;10.0;4.930948;4.7601023602499986;0.14924847882011558;1;6
2026-02-22;3.0;6.827897;6.770629770999999;0.3461149727006883;0;6
2026-02-23;9.0;6.399603;6.463650288999999;0.30900419376304356;1;6
2026-02-24;3.0;6.0071588;6.0011305125;0.2575325697279942;0;6
2026-02-25;4.0;5.0521603;5.02301335925;0.1685280727304141;0;6
2026-02-26;8.0;6.231133;6.145485999;0.27298288820194155;1;6
2026-02-27;8.0;5.910146;5.799927248499999;0.23697246067803115;1;6
2026-02-28;5.0;5.653765;5.924263420000001;0.2495423579664427;0;6
2026-03-01;5.0;6.240542;6.254077296249999;0.28497956835113664;0;6
2026-03-02;1.0;5.655059;5.530626976;0.21127251157154442;0;6
2026-03-03;2.0;5.1850123;5.20353839275;0.18288295317938005;0;6
2026-03-04;4.0;5.354309;5.455784906999999;0.20450348201711638;0;6
2026-03-05;8.0;5.352646;5.615385086749999;0.21913472253918773;1;6
2026-03-06;5.0;5.2257457;5.170711706;0.18020383297339704;0;6
2026-03-07;7.0;5.287505;5.344828928;0.1947670135390051;0;6
2026-03-08;5.0;4.5145106;4.7453839645;0.1482248640223479;0;6
2026-03-09;10.0;5.092802;5.3433934175;0.19464338055114014;1;6
2026-03-10;4.0;5.3759527;5.51140536425;0.2095185122539374;0;6
2026-03-11;4.0;5.419548;5.329521433249999;0.19345172532041344;0;6
2026-03-12;2.0;6.702412;6.580565752;0.3228818485448441;0;6
2026-03-13;5.0;6.9957957;7.135459157750001;0.39275025531459773;0;6
2026-03-14;6.0;5.00572;5.106000792000001;0.1750123789360915;0;6
2026-03-15;12.0;7.7876153;7.310132255249998;0.41585286456060405;1;6
2026-03-18;4.0;4.887331;4.882014095999999;0.15795229809036526;0;6
2026-03-19;3.0;4.973151;4.846495759499999;0.155374739004726;0;6
2026-03-22;5.0;4.6273174;4.4513169354999995;0.12896760799714796;0;6
2026-03-23;4.0;4.951689;5.02047507925;0.16833279433239384;0;6
2026-03-24;7.0;6.783218;6.35641042;0.29657025634317047;0;6
2026-03-25;4.0;4.679521;4.902137618249999;0.15942801437216392;0;6
2026-03-26;3.0;4.8370852;4.720934602249999;0.14653731748369847;0;6
2026-03-27;2.0;5.0888596;4.8363785195;0.1546468418342904;0;6
2026-03-28;3.0;4.6094403;4.465091825249999;0.12981995707624713;0;6
2026-03-29;2.0;4.2179055;4.0255150375;0.10489292150879792;0;6
2026-03-30;1.0;4.8632817;4.7024836285;0.14527435356569146;0;6
2026-03-31;2.0;4.197599;4.01947536975;0.10458184980812638;0;6
2026-04-01;4.0;4.3158145;4.2077502245;0.11466972129805476;0;6
2026-04-02;8.0;4.2364974;4.19974234325;0.11422393050295523;1;6
2026-04-03;3.0;4.91041;4.939656558;0.1622091944449635;0;6
2026-04-04;3.0;4.8472238;4.7818258315;0.15076991492307112;0;6
2026-04-05;5.0;4.299296;4.35765706;0.12329792972931901;0;6
2026-04-06;4.0;4.4875026;4.515561719999999;0.13298391201410756;0;6
2026-04-07;3.0;4.957724;4.9608666462499995;0.16379868022549404;0;6
2026-04-08;9.0;4.137223;4.205927583749999;0.11456812376295517;1;6
2026-04-09;3.0;4.1766524;4.07508907075;0.10747721407055852;0;6
2026-04-10;3.0;4.174514;4.02204457325;0.1047140763444998;0;6
2026-04-11;3.0;3.65879;3.6291310882500003;0.08613791578351233;0;6
2026-04-12;6.0;3.587742;3.5212309410000002;0.08158547335238434;0;6
2026-04-13;8.0;4.4037313;4.377416751;0.12447596567007702;1;6
2026-04-14;3.0;4.2685013;4.31239683775;0.12063567481003673;0;6
2026-04-15;11.0;4.585118;4.495948734499999;0.13174669016332405;1;6
2026-04-16;5.0;4.757823;4.5849280295;0.13743876257086143;0;6
