candidate;family;feature_set;calibration;feature_count;mae;rmse;r2;high_auc;actual_mean;prediction_mean;actual_std;prediction_std;std_ratio;p05;p95;p05_p95_width;width_ratio;boring_4_5_share;min_prediction;max_prediction;mae_vs_official_pct;rmse_vs_official_pct;passes_accuracy_gate;resolution_score
xgb_squared__all_operational;xgb_squared;all_operational;raw;108;2.249420020315382;2.9297296690927994;0.13441091634115632;0.6528800707048712;5.215277777777778;4.953501584132512;3.1511818531385956;1.1705219803907037;0.37145491277339543;3.496789789199829;7.0282772302627565;3.5314874410629273;0.3531487441062927;0.6763888888888889;2.354330539703369;14.091686248779297;-0.7923014409635831;-2.8992191024448166;True;0.35547899340745265
xgb_squared__all_base_operational;xgb_squared;all_base_operational;raw;88;2.2688453694184623;2.9720086330732944;0.10924800097105858;0.6446183602105776;5.215277777777778;4.891791190041436;3.1511818531385956;1.1259564767880585;0.35731243998711126;3.461437666416168;6.937007927894591;3.4755702614784227;0.3475570261478423;0.6833333333333333;2.144273042678833;13.810452461242676;0.06442792074639048;-1.497956569128256;True;0.3457688904792782
xgb_squared__official_plus_history;xgb_squared;official_plus_history;raw;66;2.2764657100041705;3.001708721659527;0.0913559928222113;0.663485801385918;5.215277777777778;5.024208129776849;3.1511818531385956;1.1132056791399447;0.3532660858754265;3.584755337238312;6.979242849349974;3.3944875121116618;0.3394487512111662;0.6902777777777778;2.5965423583984375;11.988468170166016;0.400512975967926;-0.5135989251880968;True;0.3397212460122946
xgb_squared__official_plus_history;xgb_squared;official_plus_history;round;66;2.2583333333333333;3.0064744949673012;0.08846841817048223;0.6573951915564037;5.215277777777778;5.009722222222222;3.1511818531385956;1.1342020927798824;0.3599291141037165;4.0;7.0;3.0;0.3;0.6861111111111111;3.0;12.0;-0.3991915446076022;-0.35564567965575833;True;0.3297458791244502
gradient_huber__all_base_operational;gradient_huber;all_base_operational;raw;88;2.2311352295190217;2.9685404838230998;0.11132569237176271;0.6595278656607447;5.215277777777778;4.708482863915657;3.1511818531385956;1.01125490621005;0.3209128997753126;3.4085380660988966;6.456020398374111;3.0474823322752145;0.3047482332275214;0.6861111111111111;2.4821825985047767;12.56411082357597;-1.598727985209425;-1.612902328122956;True;0.313850464306301
gradient_huber__official_plus_history;gradient_huber;official_plus_history;raw;66;2.266652586217315;3.037947195491715;0.06928414114683501;0.6608087510086972;5.215277777777778;4.808068763317162;3.1511818531385956;1.0327573293288332;0.32773650568601775;3.4204588063945227;6.452135404503287;3.0316765981087643;0.30316765981087646;0.7138888888888889;2.415207673426586;10.678214755816388;-0.032281885719298575;0.6874620958209565;True;0.31081233071473696
official_temporal;official_xgb;official_50;raw;50;2.2673845407035618;3.017205054389593;0.08195001983697014;0.652534231660924;5.215277777777778;5.0294021642870375;3.1511818531385956;0.9538906849102964;0.302708865868917;3.770619547367096;6.654313540458678;2.883693993091582;0.28836939930915817;0.7388888888888889;2.857672691345215;10.50148868560791;0.0;0.0;True;0.28937050162144023
xgb_poisson__all_base_operational;xgb_poisson;all_base_operational;raw;88;2.254716541038619;3.0040215334972213;0.0899552358394885;0.6458352012911325;5.215277777777778;4.827942052483559;3.1511818531385956;0.864489742489687;0.27433825871669393;3.6976046442985533;6.430969834327697;2.7333651900291436;0.27333651900291434;0.7513888888888889;3.1092541217803955;10.179320335388184;-0.5587053910587225;-0.43694481000525753;True;0.2688422202957545
xgb_squared__official_plus_history;xgb_squared;official_plus_history;isotonic;66;2.5324715657366648;3.567277811944957;-0.28330692427327975;0.6420245673809738;5.215277777777778;5.7022811356518;3.1511818531385956;2.380235906150185;0.755347046626159;4.115384578704834;8.0;3.884615421295166;0.3884615421295166;0.7583333333333333;2.5965423583984375;21.43071746826172;11.691313064648812;18.231202309405138;False;0.5242010440604357
xgb_squared__all_base_operational;xgb_squared;all_base_operational;isotonic;88;2.387003815174103;3.186468255992913;-0.02394319739870454;0.5996720933509241;5.215277777777778;5.487889713711208;3.1511818531385956;2.0962347561412864;0.6652217656221345;4.085038065910339;8.384614944458008;4.2995768785476685;0.42995768785476685;0.8347222222222223;2.144273042678833;21.71504783630371;5.275650085954253;5.609933648926746;False;0.48289054083468447
gradient_huber__official_plus_history;gradient_huber;official_plus_history;isotonic;66;2.4406587562341486;3.433718197002006;-0.189011273785614;0.6344993659617527;5.215277777777778;5.547117850362457;3.1511818531385956;2.2323486681722295;0.7084163251158601;4.169491525423729;7.206896551724138;3.0374050263004087;0.3037405026300409;0.7763888888888889;2.415207673426586;23.0;7.642030384348497;13.80460177893601;False;0.46981874444487354
xgb_squared__official_plus_history;xgb_squared;official_plus_history;spread;66;2.4003231536219887;3.125502715549485;0.0148634472108653;0.6607959421552176;5.215277777777778;5.556539300188974;3.1511818531385956;1.5646047141117334;0.49651362156499407;3.6979247387250256;8.423437836964922;4.7255130982398965;0.47255130982398963;0.6333333333333333;2.5965423583984375;13.721646957927284;5.86308191362972;3.5893371251759953;False;0.46215742147597705
xgb_squared__all_operational;xgb_squared;all_operational;spread;108;2.3389293548336;2.9792131046264525;0.10492420756047627;0.6537510727414789;5.215277777777778;5.4599145728404865;3.1511818531385956;1.475578928032079;0.4682620669963537;3.683255822526084;8.192849683761597;4.509593861235514;0.45095938612355135;0.5916666666666667;2.354330539703369;16.21713576846653;3.1553895179967206;-1.2591769229561511;False;0.45022038195826874
official_temporal;official_xgb;official_50;spread;50;2.3977580154475606;3.113888359090114;0.0221713713542665;0.652534231660924;5.215277777777778;5.514494218301994;3.1511818531385956;1.479174347564031;0.46940304193830157;3.798305938045184;8.284562290906898;4.486256352861714;0.4486256352861714;0.5958333333333333;2.857672691345215;13.045303588443335;5.7499498829406415;3.2043995339282816;False;0.44908367455572895
xgb_poisson__all_base_operational;xgb_poisson;all_base_operational;isotonic;88;2.4021174755361345;3.232618303672529;-0.05381779460863889;0.6133967798542354;5.215277777777778;5.533979375494851;3.1511818531385956;1.973712837735227;0.626340506425993;4.156058979034424;8.102608728408807;3.946549749374383;0.3946549749374383;0.8569444444444444;3.1786959171295166;21.719017028808594;5.942218111391262;7.139496500893805;False;0.4485935802309114
gradient_huber__all_base_operational;gradient_huber;all_base_operational;spread;88;2.3143357744996966;3.0002801820437113;0.0922206503945242;0.6568892418439625;5.215277777777778;5.379828653137214;3.1511818531385956;1.4899169267699184;0.47281210549177044;3.618062572238193;8.034286741286492;4.416224169048299;0.44162241690482984;0.6125;2.1644891212957673;17.98987467555375;2.070722144977055;-0.5609453796074804;False;0.44483329338798716
xgb_squared__all_operational;xgb_squared;all_operational;isotonic;108;2.344620993733406;3.0871317967081007;0.03890345900579939;0.6057755120339178;5.215277777777778;5.394805121752951;3.1511818531385956;1.8942830626046594;0.6011341620027236;4.11874635219574;8.199999809265137;4.081253457069397;0.4081253457069397;0.8666666666666667;2.354330539703369;21.9161376953125;3.406411733136294;2.317599932983483;False;0.44002091056532117
official_temporal;official_xgb;official_50;isotonic;50;2.453945027126206;3.2702140196396225;-0.07847237344632885;0.6319952351065056;5.215277777777778;5.544808716575305;3.1511818531385956;1.81359642066043;0.5755289618890377;4.167905998229981;7.547618865966797;3.3797128677368162;0.3379712867736816;0.7027777777777777;2.857672691345215;23.0;8.228003811155716;8.385540945648962;False;0.43672242766529995
xgb_squared__all_base_operational;xgb_squared;all_base_operational;spread;88;2.3498244332494562;3.0209461724870192;0.0796719760044502;0.6427866941630056;5.215277777777778;5.443975895367287;3.1511818531385956;1.414602184425878;0.4489116307321096;3.6666999765237174;8.170939691066744;4.504239714543027;0.4504239714543027;0.6180555555555556;2.144273042678833;15.5427487426334;3.6359025593565075;0.12399283542174899;False;0.43604751272734416
gradient_huber__all_base_operational;gradient_huber;all_base_operational;isotonic;88;2.3050883760551995;3.0406512459727195;0.06762655952911156;0.5953555097283242;5.215277777777778;5.301518984700412;3.1511818531385956;1.8874266562531457;0.5989583414150654;4.033872679426461;7.756097560975611;3.72222488154915;0.372222488154915;0.8513888888888889;2.4821825985047767;23.0;1.6628778522031595;0.7770831335780715;False;0.4295313467132219
xgb_poisson__all_base_operational;xgb_poisson;all_base_operational;spread;88;2.364212112687988;3.0576426343965806;0.057177098518746305;0.6415442353754915;5.215277777777778;5.493121874751868;3.1511818531385956;1.38064049392303;0.43813418528921266;3.8208249243100485;8.145697301493751;4.324872377183702;0.4324872377183702;0.6180555555555556;3.1786959171295166;13.561132388644753;4.270452155168214;1.340233072596675;False;0.4249198054704642
xgb_squared__all_operational;xgb_squared;all_operational;affine;108;2.324030927154753;2.959828745546627;0.11653400130208258;0.6536870284740813;5.215277777777778;5.436137947771284;3.1511818531385956;1.3521456035744501;0.42909158106115175;3.8089705109596252;7.894788432121276;4.0858179211616505;0.4085817921161651;0.625;2.354330539703369;15.163326263427734;2.498314045733685;-1.901637701404879;False;0.41109483871817604
gradient_huber__official_plus_history;gradient_huber;official_plus_history;spread;66;2.357831380262224;3.0941802409080337;0.034509756922926904;0.649998078671978;5.215277777777778;5.43910226889;3.1511818531385956;1.3681032575834733;0.4341556029909332;3.7587242314026414;7.807725834952717;4.049001603550076;0.40490016035500764;0.6597222222222222;2.415207673426586;13.392114502739592;3.9890383803444562;2.5512083246199246;False;0.4051406330257281
xgb_squared__official_plus_history;xgb_squared;official_plus_history;affine;66;2.376935883363088;3.0856010148409068;0.03985635929861353;0.6583110245801898;5.215277777777778;5.532108612855276;3.1511818531385956;1.3125982459292405;0.4165415730043904;3.980490791797638;8.01260232925415;4.032111537456512;0.4032111537456512;0.6972222222222222;2.5965423583984375;11.96678638458252;4.831617252957576;2.2668648374364775;False;0.38912316721850915
gradient_huber__all_base_operational;gradient_huber;all_base_operational;affine;88;2.2984011408818747;2.9733936776930183;0.10841757354375925;0.6551600466242267;5.215277777777778;5.367615260636151;3.1511818531385956;1.2746049158241672;0.40448472199554375;3.7690401551696633;7.711338783264647;3.942298628094984;0.3942298628094984;0.6791666666666667;2.4821825985047767;15.154562930570563;1.3679461785819802;-1.4520516805059502;False;0.38416524354798576
official_temporal;official_xgb;official_50;affine;50;2.3750125408172607;3.0904985560026956;0.036806013634569146;0.6477181027526226;5.215277777777778;5.501644437842899;3.1511818531385956;1.2601046293690377;0.39988318291245745;3.997968077659607;7.894850397109978;3.896882319450371;0.3896882319450371;0.6694444444444444;2.857672691345215;11.645513534545898;4.746790770669285;2.429185298707859;False;0.38244942460248
xgb_squared__all_base_operational;xgb_squared;all_base_operational;affine;88;2.339271131489012;3.008833548937036;0.08703737603413542;0.640455482829732;5.215277777777778;5.428093931410047;3.1511818531385956;1.216786562356895;0.3861365732177495;3.7863410234451296;7.81056661605835;4.02422559261322;0.40242255926132203;0.6722222222222223;2.144273042678833;13.642693519592285;3.1704631259038107;-0.27745894964539275;False;0.3801649092450055
xgb_squared__all_operational;xgb_squared;all_operational;round;108;2.234722222222222;2.9427405971682625;0.1267056833578606;0.639104148787642;5.215277777777778;4.947222222222222;3.1511818531385956;1.208451027791716;0.38349136422834235;3.0;7.0;4.0;0.4;0.6833333333333333;2.0;14.0;-1.4405284103773952;-2.4679945803814496;False;0.3759044472360874
xgb_poisson__all_base_operational;xgb_poisson;all_base_operational;affine;88;2.3516155554188622;3.0410736802729574;0.0673674743202266;0.6399047021301123;5.215277777777778;5.4749608854452765;3.1511818531385956;1.21678337918777;0.3861355630668686;3.978172492980957;7.787944602966306;3.8097721099853485;0.3809772109985349;0.6777777777777778;3.1786959171295166;12.049097061157227;3.7148976366030872;0.7910839818009441;False;0.37154747167402247
xgb_squared__all_base_operational;xgb_squared;all_base_operational;round;88;2.2583333333333333;2.980958086104384;0.10387537483938925;0.6321809634819587;5.215277777777778;4.904166666666667;3.1511818531385956;1.1569392140140746;0.36714454066234115;3.0;7.0;4.0;0.4;0.7097222222222223;2.0;14.0;-0.3991915446076022;-1.2013425548414447;False;0.363270598853609
gradient_huber__official_plus_history;gradient_huber;official_plus_history;affine;66;2.3571838618914613;3.087088641431611;0.03893032931765528;0.6429019738443212;5.215277777777778;5.44263490445736;3.1511818531385956;1.1466859495074395;0.3638907568490005;4.067645214397056;7.615455413365404;3.5478101989683477;0.35478101989683475;0.7263888888888889;2.415207673426586;11.364246321663588;3.9604804379602454;2.3161696266002174;False;0.3426464197681646
gradient_huber__official_plus_history;gradient_huber;official_plus_history;round;66;2.2666666666666666;3.052321520853704;0.06045576968156041;0.6436448873461336;5.215277777777778;4.8069444444444445;3.1511818531385956;1.0937712622389701;0.3470987436505981;3.0;6.0499999999999545;3.0499999999999545;0.30499999999999544;0.7277777777777777;2.0;11.0;-0.03166088610061513;1.1638740433972616;False;0.31738887908721203
official_temporal;official_xgb;official_50;round;50;2.25;3.024896692450835;0.07726335877491353;0.6333914001357738;5.215277777777778;5.029166666666667;3.1511818531385956;1.014764098322065;0.32202651119971193;4.0;7.0;3.0;0.3;0.7027777777777777;3.0;11.0;-0.7667222031145782;0.2549259305413054;False;0.30935637448431486
gradient_huber__all_base_operational;gradient_huber;all_base_operational;round;88;2.223611111111111;2.9839850312403824;0.10205455268760932;0.6406348067784453;5.215277777777778;4.708333333333333;3.1511818531385956;1.0500347699389139;0.3332193503504322;3.0;6.0499999999999545;3.0499999999999545;0.30499999999999544;0.7819444444444444;2.0;13.0;-1.9305692883866965;-1.1010197368216734;False;0.30030981876880397
xgb_poisson__all_base_operational;xgb_poisson;all_base_operational;round;88;2.2555555555555555;3.026732745240503;0.0761428528353566;0.6248158727312317;5.215277777777778;4.8375;3.1511818531385956;0.9104458703805003;0.28892203395805;4.0;6.0;2.0;0.2;0.7861111111111111;3.0;10.0;-0.5217017641099275;0.31577869846959317;False;0.24279269305890025
