candidate;fold;mae;rmse;r2;high_auc;actual_mean;prediction_mean;actual_std;prediction_std;std_ratio;p05;p95;p05_p95_width;width_ratio;boring_4_5_share;min_prediction;max_prediction
d3_base;1;2.500011744101842;3.4466377105561476;0.09074820893125024;0.5651041666666666;5.541666666666667;5.061733784278234;3.6296996966629598;1.2790963563718387;0.3523972954423207;3.4826544284820558;7.100969266891479;3.618314838409423;0.40203498204549143;0.5666666666666667;1.893822431564331;8.896055221557617
d3_base;2;2.3354183197021485;3.014878835232442;0.2825617371707344;0.76953125;5.075;4.539768465360006;3.5743307536005187;1.2622925705396828;0.35315494215753307;3.1607296586036684;6.439754915237425;3.2790252566337568;0.3279025256633757;0.6;2.466719627380371;13.270957946777344
d3_base;3;2.4570095241069794;3.1317056855285252;-0.01604442629883951;0.6005799202609641;5.925;5.695327947537105;3.1199076155251397;0.9853383344950969;0.31582292039414944;4.3839000225067135;7.403458571434021;3.019558548927307;0.33550650543636745;0.6416666666666667;3.8279974460601807;8.651556015014648
d3_base;4;2.0273684759934745;2.6288113200751715;0.25370961592274655;0.6508413461538461;5.3;4.959284363190333;3.055783880782543;1.2285081376500566;0.40202716735826655;3.619249904155731;7.275016093254089;3.6557661890983577;0.4541324458507278;0.7083333333333334;2.641599178314209;13.02396297454834
d3_base;5;1.8859864473342896;2.348697581857439;-0.02472783145720303;0.5786363636363636;4.241666666666666;4.348352877298991;2.329914462069418;0.8961527710591294;0.3846290435328562;3.3592490553855896;5.876932525634765;2.5176834702491755;0.31471043378114694;0.6083333333333333;2.9327592849731445;9.234739303588867
d3_base;6;2.3176813503106435;2.8562393037050375;-0.03508244966231011;0.5978260869565217;5.208333333333333;5.625939053297043;2.8191894458607534;1.1305255827595393;0.4010108594934697;4.1965516090393065;7.937350940704346;3.7407993316650394;0.4646955691509365;0.675;3.5877420902252197;10.213774681091309
d3_wx2_top;1;2.485483090082804;3.4834566358354486;0.07121816819867255;0.5677083333333334;5.541666666666667;5.001131057739258;3.6296996966629598;1.1348847409808598;0.31266629082958014;3.5261200070381165;7.024753856658935;3.498633849620819;0.3887370944023132;0.5916666666666667;2.140665292739868;7.992372989654541
d3_wx2_top;2;2.3353713274002077;3.001566968653082;0.28888329003528157;0.7521701388888888;5.075;4.532978582382202;3.5743307536005187;1.2964987439769482;0.3627248940716945;3.195428717136383;6.638988804817199;3.443560087680816;0.3443560087680816;0.6333333333333333;2.190548896789551;13.708616256713867
d3_wx2_top;3;2.4200133264064787;3.110353579035792;-0.0022367870800437117;0.6223269300471185;5.925;5.678006941080094;3.1199076155251397;0.995327382674435;0.31902463320437213;4.179329085350036;7.604702281951904;3.4253731966018677;0.38059702184465194;0.6;3.7805817127227783;8.669507026672363
d3_wx2_top;4;2.013359036048253;2.5949355396650047;0.2728196052897939;0.6652644230769231;5.3;4.95357150832812;3.055783880782543;1.2148525400175034;0.39755839660571707;3.639491069316864;6.986022162437438;3.346531093120574;0.41571814821373604;0.7333333333333333;2.6413326263427734;13.485591888427734
d3_wx2_top;5;1.9118723471959431;2.3569609827285896;-0.03195109672610341;0.5763636363636364;4.241666666666666;4.360822904109955;2.329914462069418;0.8408626962663397;0.3608985265147845;3.313379466533661;5.792892074584961;2.4795126080512997;0.30993907600641246;0.6833333333333333;2.9257700443267822;8.620405197143555
d3_wx2_top;6;2.291634060939153;2.825244638263351;-0.01273980907454697;0.5815217391304348;5.208333333333333;5.544549757242203;2.8191894458607534;1.0956351630182992;0.38863481296971886;4.055417859554291;7.6157188415527335;3.5603009819984424;0.44227341391284997;0.6583333333333333;3.59692120552063;10.205582618713379
d3_wx2_hydro;1;2.478248808781306;3.473126797225569;0.07671841818730551;0.572482638888889;5.541666666666667;4.977115307251612;3.6296996966629598;1.1486618121541343;0.3164619412482472;3.4389520406723024;7.084756517410278;3.6458044767379754;0.4050893863042195;0.6083333333333333;2.0753467082977295;8.051748275756836
d3_wx2_hydro;2;2.3607128957907357;3.042723297199762;0.26924847805655816;0.7552083333333333;5.075;4.542290808757146;3.5743307536005187;1.2807524885509811;0.3583195224059343;3.1024764657020567;6.809682774543761;3.7072063088417044;0.37072063088417045;0.575;2.255657434463501;13.021939277648926
d3_wx2_hydro;3;2.4216307600339255;3.108162778538346;-0.0008254185543310477;0.6172526277636825;5.925;5.626478207111359;3.1199076155251397;0.9682607616661997;0.31034917727947625;4.315708446502685;7.363672947883606;3.0479645013809202;0.3386627223756578;0.6583333333333333;3.908337116241455;8.27012825012207
d3_wx2_hydro;4;2.051438691218694;2.641351659455655;0.2465725065972847;0.6376201923076923;5.3;4.966551504532496;3.055783880782543;1.2209826287165628;0.3995644575505407;3.5096659779548647;7.054974794387817;3.5453088164329527;0.4404110330972614;0.75;2.5251643657684326;13.480979919433594
d3_wx2_hydro;5;1.9170119027296701;2.370439996140516;-0.043787912180989874;0.540909090909091;4.241666666666666;4.3409668465455375;2.329914462069418;0.8422092718048886;0.361476477147939;3.444629800319672;5.852838110923767;2.4082083106040955;0.30102603882551193;0.6166666666666667;3.092211961746216;8.24644947052002
d3_wx2_hydro;6;2.3222238183021546;2.8536348403720995;-0.03319562933584019;0.5768633540372671;5.208333333333333;5.643254586060842;2.8191894458607534;1.105130925231956;0.39200307267557116;4.27886598110199;7.785058403015136;3.5061924219131466;0.435551853653807;0.6583333333333333;3.6739132404327393;9.82239818572998
d3_wx2_cloud;1;2.52561381260554;3.507035247305552;0.058602250234424;0.5407986111111112;5.541666666666667;5.030034077167511;3.6296996966629598;1.1594772753399172;0.31944165419687665;3.5816061019897463;6.904980087280273;3.3233739852905266;0.36926377614339184;0.6166666666666667;2.1875174045562744;8.294238090515137
d3_wx2_cloud;2;2.3819764137268065;3.064407019094994;0.2587960827839836;0.7573784722222222;5.075;4.520897527535756;3.5743307536005187;1.2710816385407944;0.3556138830354186;3.2035311698913573;6.90942542552948;3.7058942556381225;0.37058942556381225;0.6166666666666667;2.235391139984131;13.203697204589844
d3_wx2_cloud;3;2.433494049310684;3.1040497287150477;0.0018216250186127159;0.6067415730337078;5.925;5.632123285531998;3.1199076155251397;1.0251051048094724;0.3285690575286242;4.190089297294617;7.537952089309693;3.347862792015076;0.37198475466834174;0.6666666666666666;3.8068883419036865;8.812565803527832
d3_wx2_cloud;4;2.0149974783261615;2.6296617732653704;0.25322666935494875;0.634014423076923;5.3;4.939716637134552;3.055783880782543;1.2088515979392322;0.3955945986696096;3.4984708547592165;7.1739466190338135;3.675475764274597;0.4565808402825588;0.7416666666666667;2.554107427597046;12.877996444702148
d3_wx2_cloud;5;1.8850611845652263;2.3181624311744664;0.001743706378494858;0.6490909090909092;4.241666666666666;4.307530045509338;2.329914462069418;0.8113439540790226;0.3482290733361907;3.4034050703048706;5.793632817268371;2.3902277469635003;0.29877846837043753;0.6;3.029744863510132;8.116874694824219
d3_wx2_cloud;6;2.33149493932724;2.8721167087439072;-0.046622170108828076;0.5912267080745341;5.208333333333333;5.591310648123423;2.8191894458607534;1.147517996275106;0.40703827050712676;4.1124225616455075;7.904405570030212;3.7919830083847046;0.47105378986145396;0.6833333333333333;3.5797715187072754;10.340578079223633
d3_wx2_wind_pressure;1;2.537824096282323;3.4961396540478824;0.06444259855568024;0.5503472222222222;5.541666666666667;4.951317212978998;3.6296996966629598;1.227829702236485;0.33827308175530774;3.375183641910553;6.965527367591857;3.590343725681304;0.39892708063125604;0.5666666666666667;2.1970772743225098;9.430140495300293
d3_wx2_wind_pressure;2;2.3557804306348165;2.9956829570793744;0.2916685803888648;0.77734375;5.075;4.547070348262787;3.5743307536005187;1.2987346227806464;0.36335043181787147;3.096346044540405;6.2001648187637315;3.1038187742233263;0.31038187742233264;0.6;2.6828620433807373;13.829076766967773
d3_wx2_wind_pressure;3;2.4222538352012633;3.1351566497882426;-0.018284908160812074;0.6042044218919899;5.925;5.609522004922231;3.1199076155251397;0.9268975922778466;0.297091358624038;4.2314084529876705;7.584174275398254;3.352765822410584;0.3725295358233982;0.6666666666666666;3.7864866256713867;7.894035816192627
d3_wx2_wind_pressure;4;1.9909420251846313;2.576977554426548;0.28284953390731815;0.6412259615384615;5.3;4.939329516887665;3.055783880782543;1.2696169087002767;0.41547994172125347;3.6055763006210326;7.3792428970336905;3.773666596412658;0.4687784591816968;0.725;2.644735813140869;13.442813873291016
d3_wx2_wind_pressure;5;1.9216095447540282;2.370953772153292;-0.04424042843052822;0.6145454545454545;4.241666666666666;4.34280131260554;2.329914462069418;0.8912579587762508;0.38252818860338766;3.3187610030174257;5.684225583076477;2.3654645800590517;0.29568307250738146;0.625;2.857055425643921;9.001236915588379
d3_wx2_wind_pressure;6;2.3096142252286276;2.834505335580494;-0.019389886453621497;0.5807453416149069;5.208333333333333;5.566172480583191;2.8191894458607534;1.0601642623500194;0.37605286296264867;4.124333119392395;7.67434663772583;3.5500135183334356;0.4409954681159547;0.6916666666666667;3.5355308055877686;9.977043151855469
d3_wx2_all;1;2.520403955380122;3.5109053373796963;0.05652339783775551;0.5234375;5.541666666666667;5.0450288911660515;3.6296996966629598;1.1814459108803395;0.32549412062009603;3.432353365421295;6.920603561401366;3.488250195980071;0.3875833551088968;0.6083333333333333;2.1850199699401855;9.8721284866333
d3_wx2_all;2;2.3466815253098807;3.0391664371984572;0.2709559364219968;0.7964409722222222;5.075;4.500792175531387;3.5743307536005187;1.2242805259704461;0.34252021157728496;3.0678303718566893;6.139131236076353;3.0713008642196638;0.3071300864219664;0.6416666666666667;2.535306930541992;12.668583869934082
d3_wx2_all;3;2.415318524837494;3.123878377477744;-0.01097182057950774;0.6165277274374773;5.925;5.6735015670458475;3.1199076155251397;0.9462612708470269;0.30329784963448453;4.325158739089966;7.366784381866455;3.0416256427764887;0.3379584047529432;0.6666666666666666;3.861900806427002;8.367835998535156
d3_wx2_all;4;2.016629495223363;2.600555931433957;0.2696661822336568;0.6334134615384615;5.3;4.911878635485967;3.055783880782543;1.2363064163619382;0.4045791406051064;3.530577373504639;6.76123399734497;3.230656623840331;0.401323804203768;0.7666666666666667;2.4836182594299316;14.020670890808105
d3_wx2_all;5;1.9058510661125183;2.3631367866514825;-0.03736610125165596;0.6172727272727273;4.241666666666666;4.344357049465179;2.329914462069418;0.893618627462737;0.38354138832591717;3.387250077724457;5.692077469825744;2.304827392101287;0.28810342401266087;0.5833333333333334;3.043389320373535;9.51296615600586
d3_wx2_all;6;2.3390934646129606;2.8761618783924083;-0.04957243024217406;0.5683229813664596;5.208333333333333;5.607241187493006;2.8191894458607534;1.0872542946862775;0.3856620193732024;4.137200498580933;7.679961943626404;3.542761445045471;0.44009458944664237;0.625;3.5329089164733887;9.247269630432129
d3_history_wx2_top;1;2.485073188940684;3.4647932929222747;0.08114379088112145;0.5559895833333334;5.541666666666667;5.075491257508596;3.6296996966629598;1.3274509564884909;0.36571922401980267;3.5311381578445435;7.585671997070311;4.054533839225767;0.4505037599139741;0.5416666666666666;2.2682712078094482;8.650984764099121
d3_history_wx2_top;2;2.4073236684004464;3.0517992375386727;0.2648825544873661;0.7899305555555556;5.075;4.783265540997188;3.5743307536005187;1.221993917705363;0.3418804811150775;3.463182544708252;6.805288243293762;3.34210569858551;0.334210569858551;0.7166666666666667;3.16707706451416;13.518153190612793
d3_history_wx2_top;3;2.3841313242912294;3.108531935187844;-0.0010631688428741626;0.5744835085175788;5.925;5.582626918951671;3.1199076155251397;1.0012567093146416;0.32092511468359974;4.110881757736206;7.199276685714722;3.0883949279785154;0.34315499199761285;0.675;3.8366565704345703;8.729026794433594
d3_history_wx2_top;4;1.9943737228711447;2.6112449732727856;0.2636500744662643;0.6676682692307693;5.3;5.045010407765706;3.055783880782543;1.2445698505841505;0.4072833351897366;3.6826706647872927;6.828051328659057;3.145380663871764;0.39073051725115093;0.775;2.863783121109009;14.155661582946777
d3_history_wx2_top;5;1.957514117161433;2.425073740603604;-0.09245668961233044;0.52;4.241666666666666;4.426569455862046;2.329914462069418;0.9531950325130584;0.40911159960200233;3.5173587083816527;5.972857713699341;2.455499005317688;0.306937375664711;0.6166666666666667;3.065345048904419;10.697630882263184
d3_history_wx2_top;6;2.3223418096701303;2.81308863504135;-0.004043653269507841;0.5582298136645962;5.208333333333333;5.489718268314998;2.8191894458607534;0.9655599116403155;0.34249557547755055;4.044873976707459;7.337316727638244;3.2924427509307854;0.40899909949450747;0.7166666666666667;3.5370516777038574;8.636994361877441
d3_history_wx2_all;1;2.4932067533334097;3.5283426294900466;0.047128367185770625;0.5247395833333334;5.541666666666667;4.910600274801254;3.6296996966629598;1.1636140303869493;0.32058135042321606;3.468777227401733;6.85733118057251;3.388553953170777;0.376505994796753;0.5833333333333334;2.4613027572631836;9.11728286743164
d3_history_wx2_all;2;2.35449604789416;2.9834003754213345;0.29746512357048716;0.8285590277777778;5.075;4.775900616248449;3.5743307536005187;1.273328288145183;0.3562424341570868;3.445906329154968;6.765772342681884;3.319866013526916;0.3319866013526916;0.675;2.9792981147766113;13.441781044006348
d3_history_wx2_all;3;2.415573827425639;3.1076640946568412;-0.000504292859360822;0.5868068140630663;5.925;5.611594223976136;3.1199076155251397;0.9983727537289283;0.32000074257355315;4.089097261428833;7.306139874458313;3.21704261302948;0.35744917922549774;0.65;3.816951274871826;8.716963768005371
d3_history_wx2_all;4;1.9760072787602743;2.611092454837491;0.2637360898802077;0.6454326923076923;5.3;4.96458838780721;3.055783880782543;1.1395817276159437;0.372926153182048;3.73008371591568;6.759893059730529;3.029809343814849;0.37637383152979503;0.8;3.054682731628418;13.449042320251465
d3_history_wx2_all;5;1.938561475276947;2.395781799314229;-0.06622497956532802;0.5645454545454545;4.241666666666666;4.392780431111654;2.329914462069418;0.9347763829970915;0.40120630959422776;3.3713537573814394;5.870521330833435;2.499167573451996;0.3123959466814995;0.6083333333333333;2.990208625793457;9.846270561218262
d3_history_wx2_all;6;2.320699914296468;2.825346110274756;-0.012812557883286502;0.5430900621118012;5.208333333333333;5.481990400950114;2.8191894458607534;0.9486225491527667;0.3364876917177638;4.093704390525818;7.408249092102051;3.3145447015762333;0.411744683425619;0.725;3.482012987136841;9.065046310424805
d2_base;1;2.4439055800437925;3.4073541561747978;0.11135675033000758;0.5815972222222222;5.541666666666667;5.0165015657742815;3.6296996966629598;1.21554198162726;0.33488775469353393;3.3139734745025633;7.327028965950012;4.0130554914474486;0.44589505460527207;0.6333333333333333;2.466663360595703;8.735979080200195
d2_base;2;2.3591036438941955;3.032043414409744;0.2743693144400967;0.7877604166666666;5.075;4.456939995288849;3.5743307536005187;1.2472068477965306;0.3489343694732744;3.08410382270813;5.828802776336667;2.7446989536285376;0.27446989536285377;0.5916666666666667;2.5433340072631836;13.13520336151123
d2_base;3;2.450696094830831;3.1336010362132587;-0.017274646147512396;0.572671257702066;5.925;5.614649756749471;3.1199076155251397;0.9396529852658716;0.3011797466662198;4.239264559745789;7.404407238960266;3.165142679214477;0.35168251991271965;0.6916666666666667;3.7256922721862793;8.113886833190918
d2_base;4;2.0267748475074767;2.617813371367503;0.25994094521484956;0.6370192307692307;5.3;4.949229629834493;3.055783880782543;1.2339576337065368;0.4038105055356656;3.709773588180542;6.639875602722166;2.9301020145416246;0.36398782789336964;0.775;2.40927791595459;14.19432258605957
d2_base;5;1.8866527299086253;2.3636944246662255;-0.0378557411480287;0.59;4.241666666666666;4.33156595826149;2.329914462069418;0.8646331228899027;0.3711008008946131;3.338588905334473;5.558221864700317;2.2196329593658444;0.27745411992073055;0.6;2.9628214836120605;9.279413223266602
d2_base;6;2.302264972527822;2.827026143042075;-0.014017411459396945;0.5718167701863354;5.208333333333333;5.517692335446676;2.8191894458607534;1.0423717398500452;0.3697416437836404;4.060242629051208;7.310501146316528;3.25025851726532;0.4037588220205366;0.6583333333333333;3.6281049251556396;10.20828914642334
d2_wx2_top;1;2.45069534778595;3.4246424745626625;0.10231623285655012;0.5794270833333333;5.541666666666667;4.97260635693868;3.6296996966629598;1.1380553161860576;0.31353979978904384;3.403622555732727;7.016848182678222;3.6132256269454954;0.40146951410505505;0.65;2.3484530448913574;8.569210052490234
d2_wx2_top;2;2.37367865840594;3.024612225544896;0.27792183001011117;0.7486979166666666;5.075;4.513811459143956;3.5743307536005187;1.2786224048328805;0.35772358323159936;3.032694470882416;5.947112464904783;2.914417994022367;0.2914417994022367;0.6583333333333333;2.644866943359375;13.868593215942383
d2_wx2_top;3;2.393094563484192;3.114603203592774;-0.004977337016506267;0.6045668720550925;5.925;5.634754761060079;3.1199076155251397;1.0022373668638838;0.32123943730788584;4.257854056358338;7.328008842468261;3.0701547861099234;0.3411283095677693;0.6833333333333333;3.9553656578063965;8.682182312011719
d2_wx2_top;4;2.031415802240372;2.6074678573129026;0.26577876599136707;0.6484375000000001;5.3;4.9363525370756784;3.055783880782543;1.2033422160446567;0.3937916629550706;3.711075210571289;6.572207832336425;2.8611326217651363;0.3554202014615077;0.7416666666666667;2.6005055904388428;14.086328506469727
d2_wx2_top;5;1.9138482093811036;2.389099449896004;-0.06028541407274046;0.5881818181818181;4.241666666666666;4.311256988843282;2.329914462069418;0.8536854385662633;0.3664020514332635;3.372471022605896;5.619139885902404;2.2466688632965086;0.2808336079120636;0.6083333333333333;2.8807053565979004;9.077343940734863
d2_wx2_top;6;2.3006057778994244;2.8217323777015246;-0.010223357889907358;0.5659937888198758;5.208333333333333;5.517272333304088;2.8191894458607534;1.026301882658237;0.36404147446178;4.055262494087219;7.263123703002929;3.20786120891571;0.3984920756417031;0.6666666666666666;3.629936695098877;9.970562934875488
d2_wx2_hydro;1;2.4303732852141064;3.405285647765817;0.11243536323666514;0.5898437499999999;5.541666666666667;5.038431801398596;3.6296996966629598;1.1265138446050997;0.3103600679804954;3.449780583381653;7.130951380729675;3.681170797348022;0.40901897748311355;0.6666666666666666;2.4942467212677;8.492483139038086
d2_wx2_hydro;2;2.364727093776067;3.018002826609451;0.281074160215272;0.7834201388888888;5.075;4.490699205795924;3.5743307536005187;1.292859687726803;0.36170678564776665;2.962838280200958;5.8572665452957136;2.8944282650947555;0.28944282650947556;0.6666666666666666;2.5750770568847656;13.815073013305664
d2_wx2_hydro;3;2.3880142052968343;3.1105708591544974;-0.002376818577288775;0.6031170714026821;5.925;5.624727483590444;3.1199076155251397;0.9648274380610933;0.30924872046209434;4.280778455734253;7.4034381866455075;3.1226597309112547;0.34696219232347275;0.6916666666666667;3.9414350986480713;8.200559616088867
d2_wx2_hydro;4;2.0339412689208984;2.597084515791994;0.2716146887509139;0.6490384615384616;5.3;4.953641796112061;3.055783880782543;1.2291239142876913;0.40222867919996036;3.6575061082839966;6.669943308830261;3.0124372005462643;0.3742158013100951;0.7666666666666667;2.5277886390686035;14.482873916625977
d2_wx2_hydro;5;1.8929458061854045;2.3745223980501375;-0.047386257708710966;0.5836363636363636;4.241666666666666;4.2831984758377075;2.329914462069418;0.8376927006616528;0.35953796343133493;3.3176899909973145;5.5542138576507565;2.236523866653442;0.27956548333168024;0.6;2.8777554035186768;8.822504043579102
d2_wx2_hydro;6;2.297252490123113;2.8141815755911495;-0.004823986446206963;0.5725931677018633;5.208333333333333;5.514488846063614;2.8191894458607534;1.0090328203124073;0.35791593282030393;4.084815192222595;7.305635094642638;3.2208199024200432;0.40010185123230346;0.675;3.6480801105499268;9.650113105773926
d2_wx2_cloud;1;2.491772796710332;3.4382333507028373;0.09517708313738649;0.5516493055555555;5.541666666666667;5.10048898657163;3.6296996966629598;1.2807861402933283;0.35286283916844297;3.473355221748352;7.596505928039551;4.123150706291199;0.45812785625457764;0.6083333333333333;2.391601800918579;8.667780876159668
d2_wx2_cloud;2;2.393019990126292;3.0531660742839377;0.26422391971518777;0.7712673611111112;5.075;4.490786250432333;3.5743307536005187;1.276194651534812;0.3570443642489624;3.063823091983795;6.105561900138852;3.041738808155057;0.3041738808155057;0.675;2.600111484527588;13.604897499084473
d2_wx2_cloud;3;2.4071476459503174;3.12649932961708;-0.012668954716099856;0.5976803189561435;5.925;5.545457943280538;3.1199076155251397;0.9968461372819986;0.3195114279415002;4.234918570518493;7.496901798248291;3.2619832277297975;0.3624425808588664;0.7166666666666667;3.4370155334472656;8.393630027770996
d2_wx2_cloud;4;2.025272959470749;2.6245142949623492;0.2561473774879355;0.6370192307692307;5.3;4.924739982684454;3.055783880782543;1.2264286405950808;0.4013466555367161;3.693587076663971;6.714639830589293;3.0210527539253222;0.3752860563882389;0.7583333333333333;2.491086959838867;13.997227668762207
d2_wx2_cloud;5;1.8845984240372975;2.3391571757626126;-0.01641985343042074;0.6527272727272728;4.241666666666666;4.312400891383489;2.329914462069418;0.7892894043212312;0.33876325383215505;3.3782814264297487;5.5744141101837155;2.1961326837539668;0.27451658546924584;0.625;2.8905444145202637;8.339117050170898
d2_wx2_cloud;6;2.312746646006902;2.823071526285121;-0.011182456780597816;0.5729813664596273;5.208333333333333;5.485869874556859;2.8191894458607534;0.9983555606729039;0.3541285819364603;4.220231890678406;7.392197155952453;3.1719652652740473;0.39403295220795614;0.7333333333333333;3.5613348484039307;9.825944900512695
d2_wx2_wind_pressure;1;2.486064867178599;3.454179251255449;0.08676481294191607;0.5659722222222223;5.541666666666667;4.894488147894541;3.6296996966629598;1.2204578935632382;0.3362421124494932;3.2949889063835145;7.2446084976196286;3.949619591236114;0.43884662124845714;0.5666666666666667;2.5543832778930664;9.185981750488281
d2_wx2_wind_pressure;2;2.375794670979182;3.0117051912877137;0.2840713800618132;0.7565104166666666;5.075;4.484839735428492;3.5743307536005187;1.3185750127570512;0.36890123037125633;3.0483001947402952;6.039692401885984;2.9913922071456884;0.29913922071456883;0.65;2.50298810005188;13.875685691833496
d2_wx2_wind_pressure;3;2.4237727423508963;3.1122347752723294;-0.0034494943731067096;0.6100036245016311;5.925;5.689441225926081;3.1199076155251397;0.9685096465832328;0.3104289504483338;4.204827785491943;7.508394241333008;3.3035664558410645;0.36706293953789604;0.6666666666666666;3.8965609073638916;8.354195594787598
d2_wx2_wind_pressure;4;2.006757978598277;2.5844884471940857;0.27866300932184707;0.6436298076923077;5.3;4.942682941754659;3.055783880782543;1.241304579711495;0.4062147809332689;3.691690814495087;6.832025742530822;3.1403349280357356;0.3901037177684145;0.75;2.4690053462982178;14.180657386779785
d2_wx2_wind_pressure;5;1.8845522860685984;2.3476056869028277;-0.023775273687358878;0.6045454545454545;4.241666666666666;4.301210524638494;2.329914462069418;0.8599642654020646;0.36909692583231096;3.291952741146088;5.53462221622467;2.242669475078582;0.28033368438482276;0.5916666666666667;2.7273051738739014;8.540046691894531
d2_wx2_wind_pressure;6;2.281797909736633;2.811647614393821;-0.0030152625964234847;0.5842391304347826;5.208333333333333;5.509511697292328;2.8191894458607534;1.0490432799680318;0.3721081183487967;4.0099546074867245;7.313862299919128;3.3039076924324036;0.4104233158301122;0.675;3.6001334190368652;10.195953369140625
d2_wx2_all;1;2.481847792863846;3.481796272575564;0.0721033508619674;0.5325520833333334;5.541666666666667;5.019623357057571;3.6296996966629598;1.1334392604318184;0.3122680538761566;3.4579244375228884;7.080430197715759;3.6225057601928707;0.4025006400214301;0.6833333333333333;2.4574334621429443;8.915213584899902
d2_wx2_all;2;2.3715219179789226;3.037602033020078;0.27170629087798626;0.7912326388888888;5.075;4.474938921133677;3.5743307536005187;1.249160020587392;0.3494808138080338;2.97250896692276;6.283841133117675;3.311332166194915;0.33113321661949147;0.6416666666666667;2.6089484691619873;13.3596830368042
d2_wx2_all;3;2.393226041396459;3.118542709544376;-0.007521236052304481;0.6208771293947082;5.925;5.58582830230395;3.1199076155251397;0.9191043672303698;0.29459345611926624;4.255777812004089;7.472220873832702;3.2164430618286133;0.35738256242540145;0.6916666666666667;3.828430414199829;8.384146690368652
d2_wx2_all;4;2.015365912516912;2.593662901406319;0.27353269480221964;0.6466346153846154;5.3;4.884007829427719;3.055783880782543;1.1953800325253672;0.3911860521429439;3.6710600018501283;6.858583164215088;3.18752316236496;0.39596561023167215;0.7583333333333333;2.645569086074829;13.984672546386719
d2_wx2_all;5;1.9142006397247315;2.373508962822858;-0.04649240922930287;0.6463636363636364;4.241666666666666;4.35534831682841;2.329914462069418;0.859458584531218;0.36887988744782135;3.3649702787399294;5.461636090278625;2.0966658115386956;0.26208322644233695;0.65;3.0095973014831543;9.402374267578125
d2_wx2_all;6;2.29638801018397;2.8055632738120453;0.0013210442713190718;0.5753105590062112;5.208333333333333;5.533188919226329;2.8191894458607534;0.9943621420399488;0.35271206888913087;4.152259254455567;7.377486801147461;3.225227546691894;0.4006493846822228;0.6583333333333333;3.62725830078125;9.024091720581055
d2_history_wx2_top;1;2.4356727242469787;3.3807209717687727;0.12519440954110828;0.5768229166666666;5.541666666666667;5.090132606029511;3.6296996966629598;1.3135388397479855;0.3618863678875734;3.4763139128684997;7.487261152267456;4.010947239398956;0.44566080437766176;0.5666666666666667;2.5346932411193848;9.268902778625488
d2_history_wx2_top;2;2.379603890577952;3.0100649379893865;0.28485099455079277;0.790798611111111;5.075;4.777132209142049;3.5743307536005187;1.2747440718813268;0.35663853172995896;3.4570298194885254;6.6715540885925275;3.214524269104002;0.3214524269104002;0.7166666666666667;2.9317777156829834;13.566727638244629
d2_history_wx2_top;3;2.40438955227534;3.0849311656955667;0.01407978274700361;0.5875317143892714;5.925;5.589060437679291;3.1199076155251397;0.992885580614036;0.31824198116421293;4.191417837142945;7.303005194664001;3.1115873575210564;0.3457319286134507;0.6833333333333333;3.8635473251342773;9.074039459228516
d2_history_wx2_top;4;1.990359858671824;2.619230139498868;0.2591396842700583;0.6730769230769231;5.3;4.945944412549337;3.055783880782543;1.1763429703048842;0.3849562063936405;3.776247024536133;6.827735233306885;3.0514882087707518;0.37906685823239167;0.7666666666666667;3.078827381134033;13.99491024017334
d2_history_wx2_top;5;1.9434974332650503;2.4107743193833446;-0.07961135455274815;0.5654545454545454;4.241666666666666;4.395904523134232;2.329914462069418;0.920644792282863;0.3951410265358631;3.489364278316498;5.683782458305358;2.19441817998886;0.2743022724986075;0.6;3.144529342651367;10.081609725952148
d2_history_wx2_top;6;2.294590010245641;2.8063465747973426;0.000763312838225727;0.5640527950310559;5.208333333333333;5.433741066853205;2.8191894458607534;0.9041381364981573;0.32070854189158843;4.154085850715637;7.185287141799927;3.0312012910842903;0.3765467442340733;0.75;3.5812058448791504;9.027416229248047
d2_history_wx2_all;1;2.460450361172358;3.423822568909646;0.10274601663379657;0.5434027777777777;5.541666666666667;5.001004260778427;3.6296996966629598;1.2164507860119547;0.33513813474164933;3.5230528116226196;7.126038455963134;3.6029856443405146;0.4003317382600572;0.625;2.65059232711792;9.56190013885498
d2_history_wx2_all;2;2.338502901792526;2.960775698543523;0.30808009573590744;0.822048611111111;5.075;4.768734751145045;3.5743307536005187;1.356373433947118;0.3794761949718299;3.3917855978012086;6.687062573432922;3.295276975631713;0.3295276975631713;0.6833333333333333;2.863095998764038;14.216094017028809
d2_history_wx2_all;3;2.4161263048648833;3.1199083666476244;-0.00840384689386986;0.5799202609641174;5.925;5.647436139980952;3.1199076155251397;1.0514724071465418;0.3370203662166961;4.170341658592224;7.539693546295166;3.3693518877029422;0.3743724319669936;0.6666666666666666;3.8609843254089355;9.087408065795898
d2_history_wx2_all;4;1.9973173260688781;2.625609495928971;0.2555264335731763;0.6520432692307693;5.3;4.940090354283651;3.055783880782543;1.1378939182439065;0.3723738204785962;3.7246386051177978;6.77886176109314;3.054223155975342;0.3794066032267507;0.7916666666666666;3.005753755569458;13.45596981048584
d2_history_wx2_all;5;1.9277288317680359;2.39890645167783;-0.06900800010554664;0.5818181818181818;4.241666666666666;4.385932473341624;2.329914462069418;0.9104412636122203;0.39076166890846764;3.3850600957870483;5.635234665870667;2.2501745700836184;0.2812718212604523;0.6166666666666667;3.0605688095092773;9.409197807312012
d2_history_wx2_all;6;2.314438696702321;2.8360671357601714;-0.02051355477298733;0.547360248447205;5.208333333333333;5.428348350524902;2.8191894458607534;0.9287529758324033;0.3294397179288662;4.174082517623901;6.93778805732727;2.763705539703369;0.34331745834824456;0.7416666666666667;3.4894943237304688;9.110608100891113
