FECHA_DIA;EVENTOS;PRED_EVENTOS_OFFICIAL_TEMPORAL;PRED_EVENTOS_SIGNAL_OOF;PROB_ALTA_SIGNAL_OOF;ALERTA_TARGET;fold
2024-03-18;7.0;6.1598215;6.6091485;0.1505524861878453;0;1
2024-03-19;4.0;5.8633595;6.9423275;0.1505524861878453;0;1
2024-03-20;4.0;7.1681905;6.488342;0.1505524861878453;0;1
2024-03-21;3.0;5.1052375;4.760658;0.1505524861878453;0;1
2024-03-22;4.0;4.761067;4.2527003;0.1505524861878453;0;1
2024-03-23;3.0;5.661231;6.9772563;0.1505524861878453;0;1
2024-03-24;1.0;4.9137883;4.0074716;0.1505524861878453;0;1
2024-03-25;4.0;4.8298283;5.921287;0.1505524861878453;0;1
2024-03-26;5.0;5.724599;7.0112343;0.1505524861878453;0;1
2024-03-27;4.0;5.5467205;6.018301;0.1505524861878453;0;1
2024-03-28;4.0;5.5040884;6.803862;0.1505524861878453;0;1
2024-03-29;3.0;5.3229456;6.0952706;0.1505524861878453;0;1
2024-03-30;1.0;5.564387;5.8895364;0.1505524861878453;0;1
2024-03-31;3.0;4.533385;5.8578806;0.1505524861878453;0;1
2024-04-01;4.0;5.278458;6.143358;0.1505524861878453;0;1
2024-04-02;5.0;5.0852346;6.07315;0.1505524861878453;0;1
2024-04-03;6.0;5.322477;5.8144965;0.1505524861878453;0;1
2024-04-04;3.0;4.77538;5.542271;0.1505524861878453;0;1
2024-04-05;7.0;5.5873117;5.991107;0.1505524861878453;0;1
2024-04-06;8.0;5.493636;6.1014056;0.1505524861878453;1;1
2024-04-07;3.0;4.8298526;4.3691363;0.1505524861878453;0;1
2024-04-08;4.0;5.456831;5.22665;0.1505524861878453;0;1
2024-04-09;4.0;4.6759095;4.1428814;0.1505524861878453;0;1
2024-04-10;3.0;5.002155;4.300034;0.1505524861878453;0;1
2024-04-11;4.0;4.682506;4.872168;0.1505524861878453;0;1
2024-04-12;4.0;4.4280515;4.780567;0.1505524861878453;0;1
2024-04-13;2.0;4.2653265;4.8423033;0.1505524861878453;0;1
2024-04-14;2.0;4.268711;4.768505;0.1505524861878453;0;1
2024-04-15;3.0;3.485563;4.4487615;0.1505524861878453;0;1
2024-04-16;2.0;4.1395693;5.090471;0.1505524861878453;0;1
2024-04-17;7.0;4.3630266;6.154022;0.1505524861878453;0;1
2024-04-18;10.0;4.5840974;4.4629116;0.1505524861878453;1;1
2024-04-19;9.0;4.601169;4.1308255;0.1505524861878453;1;1
2024-04-20;4.0;5.018549;4.037166;0.1505524861878453;0;1
2024-04-21;5.0;4.8306713;5.282034;0.1505524861878453;0;1
2024-04-22;4.0;5.3566403;5.4021635;0.1505524861878453;0;1
2024-04-23;3.0;4.5210238;4.4447927;0.1505524861878453;0;1
2024-04-24;5.0;4.4722977;4.335847;0.1505524861878453;0;1
2024-04-25;3.0;4.8788247;4.0743976;0.1505524861878453;0;1
2024-04-26;4.0;4.5892425;5.5628514;0.1505524861878453;0;1
2024-04-27;4.0;4.744567;5.255088;0.1505524861878453;0;1
2024-04-28;8.0;3.998168;4.2001057;0.1505524861878453;1;1
2024-04-29;8.0;5.368028;7.3878684;0.1505524861878453;1;1
2024-04-30;3.0;5.50791;6.05855;0.1505524861878453;0;1
2024-05-01;7.0;4.5401607;4.27868;0.1505524861878453;0;1
2024-05-02;2.0;4.1706862;3.6160676;0.1505524861878453;0;1
2024-05-03;7.0;4.866101;4.0178137;0.1505524861878453;0;1
2024-05-04;7.0;4.861221;4.681208;0.1505524861878453;0;1
2024-05-05;6.0;4.4812;4.0771933;0.1505524861878453;0;1
2024-05-06;2.0;4.4999795;5.5240335;0.1505524861878453;0;1
2024-05-07;2.0;5.0374913;4.3557653;0.1505524861878453;0;1
2024-05-08;2.0;4.208263;4.058338;0.1505524861878453;0;1
2024-05-09;3.0;4.0347066;4.10779;0.1505524861878453;0;1
2024-05-10;1.0;4.23564;3.8566184;0.1505524861878453;0;1
2024-05-11;5.0;4.3684025;4.2885747;0.1505524861878453;0;1
2024-05-12;10.0;4.044156;3.162472;0.1505524861878453;1;1
2024-05-13;6.0;3.8853307;4.622291;0.1505524861878453;0;1
2024-05-14;4.0;3.941701;3.6999986;0.1505524861878453;0;1
2024-05-17;5.0;4.4251633;4.393537;0.1505524861878453;0;1
2024-05-18;10.0;3.9896183;3.6741326;0.1505524861878453;1;1
2024-05-19;3.0;3.8152027;4.4984536;0.1505524861878453;0;1
2024-05-20;7.0;4.5809894;3.483578;0.1505524861878453;0;1
2024-05-21;3.0;4.3869615;3.7656767;0.1505524861878453;0;1
2024-05-22;3.0;3.9717321;3.1177254;0.1505524861878453;0;1
2024-05-23;4.0;4.3321013;3.8100455;0.1505524861878453;0;1
2024-05-24;10.0;4.6649966;5.378913;0.1505524861878453;1;1
2024-05-25;4.0;4.462192;3.804609;0.1505524861878453;0;1
2024-05-26;9.0;4.352001;3.7050784;0.1505524861878453;1;1
2024-05-27;6.0;4.3181853;4.0423665;0.1505524861878453;0;1
2024-05-28;4.0;2.8576727;1.8938224;0.1505524861878453;0;1
2024-05-29;10.0;3.8761885;3.6159859;0.1505524861878453;1;1
2024-05-30;2.0;4.031351;3.7872643;0.1505524861878453;0;1
2024-05-31;11.0;3.7070417;2.822266;0.1505524861878453;1;1
2024-06-01;3.0;4.550911;3.8751612;0.1505524861878453;0;1
2024-06-02;2.0;3.9723902;3.4651072;0.1505524861878453;0;1
2024-06-03;11.0;4.491572;4.8289847;0.1505524861878453;1;1
2024-06-04;5.0;4.8834686;4.7201962;0.1505524861878453;0;1
2024-06-05;9.0;6.2167335;5.283443;0.1505524861878453;1;1
2024-06-06;6.0;4.327414;3.7549386;0.1505524861878453;0;1
2024-06-07;7.0;4.48296;3.6529517;0.1505524861878453;0;1
2024-06-08;4.0;4.169141;4.866973;0.1505524861878453;0;1
2024-06-09;2.0;4.116602;3.7541997;0.1505524861878453;0;1
2024-06-10;8.0;4.668902;7.036097;0.1505524861878453;1;1
2024-06-11;20.0;5.200663;7.538676;0.1505524861878453;1;1
2024-06-12;20.0;6.438374;8.896055;0.1505524861878453;1;1
2024-06-13;20.0;6.6086435;7.880301;0.1505524861878453;1;1
2024-06-14;5.0;5.7761984;5.8756585;0.1505524861878453;0;1
2024-06-15;6.0;5.6561346;7.070839;0.1505524861878453;0;1
2024-06-16;3.0;5.063333;6.6090693;0.1505524861878453;0;1
2024-06-17;5.0;5.8772106;6.2360845;0.1505524861878453;0;1
2024-06-18;8.0;6.549158;6.1204925;0.1505524861878453;1;1
2024-06-19;6.0;5.7628818;5.251117;0.1505524861878453;0;1
2024-06-20;6.0;6.1273837;8.093669;0.1505524861878453;0;1
2024-06-21;18.0;6.4220347;8.316716;0.1505524861878453;1;1
2024-06-22;3.0;6.460927;6.780952;0.1505524861878453;0;1
2024-06-23;7.0;5.568452;7.0858693;0.1505524861878453;0;1
2024-06-24;6.0;5.5071487;6.8198905;0.1505524861878453;0;1
2024-06-25;3.0;6.3787694;5.578827;0.1505524861878453;0;1
2024-06-26;10.0;6.2397017;5.8783355;0.1505524861878453;1;1
2024-06-27;3.0;6.368218;5.9978375;0.1505524861878453;0;1
2024-06-28;2.0;6.3214273;5.599617;0.1505524861878453;0;1
2024-06-29;10.0;6.6035614;6.250537;0.1505524861878453;1;1
2024-06-30;3.0;4.7538886;4.5838914;0.1505524861878453;0;1
2024-07-01;4.0;6.5870447;5.6953793;0.1505524861878453;0;1
2024-07-02;5.0;5.57388;4.562953;0.1505524861878453;0;1
2024-07-03;8.0;6.19675;5.697822;0.1505524861878453;1;1
2024-07-04;4.0;6.1904473;5.0742736;0.1505524861878453;0;1
2024-07-05;4.0;5.895042;4.877105;0.1505524861878453;0;1
2024-07-06;4.0;4.430007;3.8878064;0.1505524861878453;0;1
2024-07-07;2.0;4.7525835;3.664295;0.1505524861878453;0;1
2024-07-08;7.0;5.167825;4.183225;0.1505524861878453;0;1
2024-07-09;11.0;5.377916;4.329071;0.1505524861878453;1;1
2024-07-10;7.0;5.9186563;5.5515313;0.1505524861878453;0;1
2024-07-11;6.0;4.884248;4.779547;0.1505524861878453;0;1
2024-07-12;3.0;5.6508317;5.113158;0.1505524861878453;0;1
2024-07-13;5.0;5.364434;5.826057;0.1505524861878453;0;1
2024-07-14;6.0;3.8415458;4.202788;0.1505524861878453;0;1
2024-07-15;6.0;3.9941697;3.0098813;0.1505524861878453;0;1
2024-07-16;4.0;4.3504057;4.2296567;0.1505524861878453;0;1
2024-07-17;12.0;4.033131;3.9495518;0.1505524861878453;1;1
2024-07-18;3.0;5.263271;4.7598915;0.1814633800121947;0;2
2024-07-19;9.0;6.21084;5.601449;0.21863455511336696;1;2
2024-07-20;4.0;4.1313972;3.8245087;0.14613469985672528;0;2
2024-07-21;4.0;4.73581;4.498515;0.17096890618304314;0;2
2024-07-22;11.0;5.1708684;5.44952;0.21153899860187717;1;2
2024-07-23;2.0;5.498645;4.927094;0.18843574516034564;0;2
2024-07-24;1.0;5.033146;5.691178;0.22290496340763316;0;2
2024-07-25;2.0;5.1376348;6.118883;0.24407078068993676;0;2
2024-07-26;4.0;4.399699;4.269605;0.16217876258557115;0;2
2024-07-27;6.0;4.675759;4.442016;0.16876479229929486;0;2
2024-07-28;3.0;4.205135;4.857363;0.18550324432898477;0;2
2024-07-29;6.0;4.971443;3.24612;0.12727614915863383;0;2
2024-07-30;8.0;3.5084596;3.6939328;0.14168444825551685;1;2
2024-07-31;16.0;5.3847995;8.066942;0.3562804555071056;1;2
2024-08-01;23.0;10.134915;13.270958;0.7001859695868307;1;2
2024-08-02;17.0;6.5049157;7.8361936;0.34177748837174204;1;2
2024-08-03;8.0;5.555428;5.060465;0.19414344814764903;1;2
2024-08-04;12.0;5.6347966;6.990723;0.2912566443034193;1;2
2024-08-05;10.0;5.525919;7.3093576;0.30978254737396993;1;2
2024-08-06;10.0;5.0850983;4.381487;0.16642865221049669;1;2
2024-08-09;9.0;5.3894687;6.1472354;0.24552088490768725;1;2
2024-08-10;9.0;5.493871;5.9830203;0.23720277439616053;1;2
2024-08-11;7.0;5.058308;4.520269;0.17182363551071056;0;2
2024-08-12;6.0;5.32211;4.3649073;0.16579328503134189;0;2
2024-08-13;6.0;5.7203965;4.5114107;0.17147517887695785;0;2
2024-08-14;8.0;4.9468718;4.4722257;0.169940489801982;1;2
2024-08-15;2.0;4.5853844;4.51228;0.17150934948937796;0;2
2024-08-16;3.0;4.8803983;4.8415656;0.18484381046121956;0;2
2024-08-17;6.0;5.510401;5.218165;0.20106046214480264;0;2
2024-08-18;9.0;4.7012887;4.915047;0.18792658320097377;1;2
2024-08-19;2.0;5.430935;5.6074085;0.21891634553504652;0;2
2024-08-20;3.0;5.399536;5.057788;0.19402760444033687;0;2
2024-08-21;2.0;5.373138;5.136118;0.19743895152020258;0;2
2024-08-22;7.0;4.781751;4.814376;0.1837130772417532;0;2
2024-08-23;6.0;5.0954022;5.040519;0.19328157212026553;0;2
2024-08-24;4.0;4.6371703;3.6377194;0.13980370755768254;0;2
2024-08-25;6.0;4.2338586;3.773611;0.1443863954034463;0;2
2024-08-26;11.0;5.1777816;5.318095;0.20553815961957503;1;2
2024-08-27;4.0;4.441307;5.018511;0.1923339758224923;0;2
2024-08-28;4.0;5.237652;5.0307007;0.1928583885847889;0;2
2024-08-29;8.0;4.930761;5.010529;0.19199117142260105;1;2
2024-08-30;4.0;4.7550397;4.7432437;0.18078027339765135;0;2
2024-08-31;9.0;4.9762225;4.7497835;0.18104838071903034;1;2
2024-09-01;4.0;4.757547;3.955252;0.15070611746289672;0;2
2024-09-02;5.0;5.239839;4.499001;0.1709879645382482;0;2
2024-09-03;6.0;4.883351;4.505524;0.17124392539670238;0;2
2024-09-04;11.0;4.7846236;4.0458736;0.15394324332673476;1;2
2024-09-05;4.0;4.9517226;5.152548;0.1981602041341144;0;2
2024-09-06;9.0;5.0569305;4.5015407;0.1710875856008179;1;2
2024-09-07;4.0;4.3297405;4.1405196;0.15738462274515566;0;2
2024-09-08;1.0;4.3573475;3.8805823;0.1480810682274027;0;2
2024-09-09;6.0;4.768139;5.2591586;0.20288843129486633;0;2
2024-09-10;5.0;4.883938;4.522923;0.17192814441106793;0;2
2024-09-11;3.0;4.846074;4.0321608;0.1534497765211797;0;2
2024-09-12;2.0;4.923488;4.5710974;0.17383391203517232;0;2
2024-09-13;7.0;4.5277786;4.8654017;0.18583950212114686;0;2
2024-09-14;10.0;4.6033697;4.427913;0.16821815683278646;1;2
2024-09-15;4.0;4.8123198;3.9931178;0.15205187268142828;0;2
2024-09-16;8.0;6.33284;4.553021;0.17311686595008893;1;2
2024-09-17;1.0;4.4485908;3.8866723;0.14829374230683262;0;2
2024-09-18;1.0;4.5223784;7.309953;0.30981776882975764;0;2
2024-09-19;6.0;4.20737;6.4107566;0.25927492646706857;0;2
2024-09-20;2.0;4.24147;4.588606;0.17453066866388658;0;2
2024-09-21;6.0;3.7728934;4.1667175;0.15834818110622345;0;2
2024-09-22;3.0;4.451209;4.2295923;0.16068025238269779;0;2
2024-09-23;3.0;4.347494;4.24804;0.16136973920021808;0;2
2024-09-24;2.0;4.3819566;3.841588;0.1467252825655487;0;2
2024-09-25;6.0;4.555628;3.7564034;0.14379927008368712;0;2
2024-09-26;1.0;4.6425576;4.8193674;0.18392025203945084;0;2
2024-09-27;4.0;4.469217;4.4378963;0.16860496558177976;0;2
2024-09-28;3.0;3.6931312;3.2093692;0.12615106185815825;0;2
2024-09-29;4.0;3.4690294;3.069568;0.1219487126478353;0;2
2024-10-02;1.0;4.792205;4.3271084;0.16435202400608245;0;2
2024-10-03;4.0;3.8277647;3.909491;0.1490928575911634;0;2
2024-10-04;5.0;4.4628386;3.8151255;0.14581107887994188;0;2
2024-10-05;5.0;3.8583834;3.2754717;0.12818086703451703;0;2
2024-10-06;4.0;3.2978933;2.9129953;0.11738588668239062;0;2
2024-10-07;5.0;3.6050148;2.489172;0.10577197829653202;0;2
2024-10-08;2.0;3.5325966;2.9356158;0.11803582277609476;0;2
2024-10-09;2.0;3.3627052;2.4667196;0.10518589402827945;0;2
2024-10-10;1.0;4.339293;3.9369142;0.15005791863197307;0;2
2024-10-11;4.0;4.3070703;4.082043;0.15525105821242663;0;2
2024-10-12;5.0;4.189698;3.6979692;0.14182030434464374;0;2
2024-10-13;6.0;3.7800918;3.659109;0.14051686646977343;0;2
2024-10-14;2.0;3.9137576;3.5062103;0.13548541262661268;0;2
2024-10-15;5.0;3.9140556;3.597235;0.138462200783172;0;2
2024-10-16;2.0;3.989889;4.052904;0.154196741261572;0;2
2024-10-19;5.0;3.6854067;3.6571176;0.1404503421742145;0;2
2024-10-20;6.0;3.8489625;4.115161;0.15645648056530098;0;2
2024-10-21;1.0;4.0831723;4.312417;0.1637945675947034;0;2
2024-10-22;1.0;3.7984333;3.3325753;0.12995671005292586;0;2
2024-10-23;3.0;4.147251;3.9104111;0.14912515404303933;0;2
2024-10-24;4.0;3.411029;3.144096;0.12417377202066696;0;2
2024-10-25;2.0;4.0832834;4.6274467;0.1760841966236031;0;2
2024-10-26;2.0;4.2667704;3.6989968;0.14185490839602705;0;2
2024-10-27;0.0;3.9353342;3.8390176;0.14663627489842615;0;2
2024-10-28;2.0;4.404337;3.1616051;0.12470154133104587;0;2
2024-10-29;4.0;4.1863;4.4393263;0.16866042978053414;0;2
2024-10-30;3.0;4.3034563;4.5681553;0.17371704662888582;0;2
2024-10-31;2.0;3.7720695;3.2747362;0.12815812960313172;0;2
2024-11-01;8.0;4.575252;4.392764;0.1668619218806205;1;2
2024-11-02;6.0;4.074213;4.35768;0.16551692933470613;0;2
2024-11-03;3.0;3.7163649;3.4960158;0.1351554032857311;0;2
2024-11-04;4.0;4.357613;4.427848;0.1682156406913288;0;2
2024-11-05;6.0;3.9404178;3.7380362;0.14317477228054923;0;2
2024-11-06;5.0;4.5490665;4.5165668;0.1716779348233379;0;2
2024-11-07;1.0;4.2205443;4.3130536;0.16381869145529138;0;2
2024-11-08;5.0;5.021129;4.80949;0.18351045241772204;0;2
2024-11-09;5.0;3.9000006;3.4198368;0.13271081260543244;0;2
2024-11-10;2.0;3.8849392;3.7434783;0.14335957167530486;0;2
2024-11-11;3.0;4.3931446;3.5487301;0.13686916780661446;0;2
2024-11-12;12.0;4.14037;4.809112;0.1834947837942976;1;2
2024-11-13;3.0;4.4684305;5.5290174;0.21523057628538733;0;2
2024-11-14;4.0;3.9745429;4.4856625;0.17046551073363014;0;2
2024-11-15;6.0;4.4126;4.9280086;0.18847444361436455;0;2
2024-11-16;10.0;5.098167;4.183239;0.15895830070726874;1;2
2024-11-17;0.0;4.331714;4.106924;0.15615596148950278;0;2
2024-11-18;3.0;4.4173455;3.9871244;0.15183821145564627;0;2
2024-11-21;3.0;5.141386;5.0722556;0.1946542959037807;0;2
2024-11-22;7.0;4.8844295;4.56133;0.17344617261836637;0;2
2024-11-23;2.0;4.580073;4.3633857;0.15257658097030644;0;3
2024-11-24;5.0;4.4645157;4.07894;0.13466285585077006;0;3
2024-11-25;10.0;4.287677;4.6976967;0.17607621713520963;1;3
2024-11-26;7.0;4.8809147;4.789108;0.18297767144977742;0;3
2024-11-27;6.0;4.82951;5.1327395;0.21079305416025124;0;3
2024-11-28;4.0;4.985106;5.399907;0.23447772824520186;0;3
2024-11-29;5.0;4.5775795;4.848558;0.1875776656651751;0;3
2024-11-30;7.0;4.110151;4.5751195;0.16714526429335097;0;3
2024-12-01;6.0;4.4495506;4.3849797;0.1540133320157187;0;3
2024-12-02;10.0;4.6910567;4.257327;0.14567904230267628;1;3
2024-12-03;1.0;4.6933603;4.400754;0.15506985124305922;0;3
2024-12-04;2.0;4.797045;4.6040306;0.1692185481008324;0;3
2024-12-05;3.0;5.4558554;5.216801;0.21805099974819836;0;3
2024-12-06;4.0;5.856167;6.5230303;0.3526369737778809;0;3
2024-12-07;5.0;5.2808623;5.6023517;0.2536154972538005;0;3
2024-12-08;8.0;5.40709;4.7868204;0.18280242801495628;1;3
2024-12-09;3.0;5.328135;5.8651705;0.2799525965906366;0;3
2024-12-10;4.0;5.0633345;5.603213;0.25369908280427517;0;3
2024-12-11;7.0;5.487314;5.8960614;0.2831557231303218;0;3
2024-12-12;5.0;5.2794943;5.0020266;0.19986200185772607;0;3
2024-12-13;9.0;5.4886336;5.774195;0.27064903489760983;1;3
2024-12-14;11.0;6.7148695;6.214693;0.3174476381232116;1;3
2024-12-15;3.0;4.9817386;4.3550057;0.15202198700401365;0;3
2024-12-16;6.0;5.376265;4.6989055;0.1761661297183594;0;3
2024-12-17;3.0;5.078845;5.2735353;0.22305040464376022;0;3
2024-12-18;4.0;5.532725;5.1085362;0.208736444795549;0;3
2024-12-19;5.0;6.265101;6.0976877;0.3045963512709927;0;3
2024-12-20;11.0;5.886117;5.973728;0.2913062064338188;1;3
2024-12-21;8.0;6.16263;5.9761353;0.29156103112473924;1;3
2024-12-22;4.0;8.101666;7.2751904;0.44475158357718486;0;3
2024-12-23;9.0;5.331984;6.097856;0.3046146257169196;1;3
2024-12-24;11.0;7.385571;6.60065;0.36177253298139994;1;3
2024-12-25;5.0;6.26794;5.4641566;0.24044115661189985;0;3
2024-12-26;5.0;6.031236;5.919423;0.2855927926414256;0;3
2024-12-27;5.0;6.549766;5.899054;0.2834672061413012;0;3
2024-12-28;1.0;6.4675255;6.028483;0.297134561773505;0;3
2024-12-29;6.0;5.208781;4.4820533;0.1606090971057905;0;3
2024-12-30;9.0;6.85111;6.4588656;0.3451651932269142;1;3
2024-12-31;8.0;8.182491;6.594966;0.36110005033092724;1;3
2025-01-01;7.0;7.2854724;6.9162955;0.39990173750925556;0;3
2025-01-02;8.0;8.065709;7.137895;0.4274459303374854;1;3
2025-01-03;7.0;6.242983;6.130977;0.3082229327334252;0;3
2025-01-04;3.0;6.8115773;6.3038564;0.3274326471173597;0;3
2025-01-05;7.0;5.2939234;4.7896137;0.18301642859543296;0;3
2025-01-06;11.0;5.984746;4.3873534;0.15417193874351273;1;3
2025-01-07;5.0;6.391433;4.5177383;0.16309053662899783;0;3
2025-01-08;5.0;5.6174865;5.3195395;0.22716388992069508;0;3
2025-01-09;4.0;6.416435;5.8138113;0.2746763961931211;0;3
2025-01-10;3.0;7.5256143;6.8602324;0.39302525183803905;0;3
2025-01-11;8.0;7.6450515;6.1014214;0.30500191071743704;1;3
2025-01-12;7.0;5.8470826;5.192511;0.21593542895793313;0;3
2025-01-13;4.0;6.6898346;6.026644;0.2969377209703274;0;3
2025-01-14;10.0;6.6529794;5.411984;0.23559079883738837;1;3
2025-01-15;2.0;5.438553;4.595311;0.16859109672612124;0;3
2025-01-16;5.0;5.1741266;6.5069933;0.35076257609599026;0;3
2025-01-17;7.0;6.7008615;6.901381;0.3980684054623198;0;3
2025-01-18;6.0;5.6968293;5.203436;0.21688511184042955;0;3
2025-01-19;5.0;6.6347303;6.2712846;0.3237663214617427;0;3
2025-01-20;6.0;5.7571993;5.9451365;0.28828971341158394;0;3
2025-01-21;6.0;5.7690535;5.317887;0.2270152077467439;0;3
2025-01-22;3.0;5.527865;5.817747;0.275078523514482;0;3
2025-01-23;3.0;6.472556;5.512225;0.24496998049909535;0;3
2025-01-24;2.0;7.1240063;7.3956003;0.46004143841687417;0;3
2025-01-25;11.0;6.2110825;6.1634455;0.3117830380068154;1;3
2025-01-26;3.0;5.139813;5.3268304;0.2278207026113429;0;3
2025-01-27;3.0;5.640406;8.277009;0.5723993694444706;0;3
2025-01-28;7.0;6.85986;8.651556;0.6186083641152679;0;3
2025-01-29;3.0;5.810082;5.94791;0.28858151143545846;0;3
2025-01-30;4.0;5.0352316;4.7564545;0.18048856030438265;0;3
2025-01-31;2.0;5.2922173;5.6609697;0.25934550021682806;0;3
2025-02-01;9.0;5.888223;6.2975435;0.32672039302849193;1;3
2025-02-02;8.0;5.384631;6.2268195;0.3187960618185508;1;3
2025-02-03;5.0;5.57107;5.5556283;0.2491084926468444;0;3
2025-02-04;5.0;5.654729;6.210379;0.3169686730249847;0;3
2025-02-05;10.0;4.757017;3.9028673;0.1244876907573512;1;3
2025-02-08;10.0;5.7116504;7.1792483;0.43264171526279593;1;3
2025-02-09;13.0;5.6564584;8.316521;0.5773493831855213;1;3
2025-02-10;1.0;7.2887354;5.5684524;0.2503401759533564;0;3
2025-02-11;4.0;6.6344786;8.369938;0.5840166046712028;0;3
2025-02-12;2.0;5.6368756;6.242684;0.32056472716062817;0;3
2025-02-13;5.0;5.1373982;5.0057034;0.200163581397224;0;3
2025-02-14;12.0;5.877997;6.572956;0.3585011663697871;1;3
2025-02-15;6.0;5.778667;5.346105;0.22956352765605284;0;3
2025-02-16;6.0;5.2025166;5.7992983;0.2731967016829708;0;3
2025-02-17;4.0;6.1888604;5.4771433;0.2416590510094576;0;3
2025-02-18;4.0;5.829584;5.9401255;0.2877629549051089;0;3
2025-02-19;3.0;6.0006256;5.2194567;0.21828320567728682;0;3
2025-02-20;3.0;4.846952;4.474238;0.16006973492536952;0;3
2025-02-21;2.0;5.840351;5.773443;0.27057294734687964;0;3
2025-02-22;4.0;5.334956;4.7147045;0.17734460614697212;0;3
2025-02-23;2.0;4.674701;4.599272;0.1688758950708416;0;3
2025-02-24;5.0;4.9661684;4.647423;0.17236868014683362;0;3
2025-02-25;7.0;5.6386185;6.2820396;0.32497455550596815;0;3
2025-02-26;7.0;5.227998;4.8039913;0.18412100240421536;0;3
2025-02-27;11.0;5.2796073;4.5406528;0.16470016581219732;1;3
2025-02-28;7.0;6.060398;6.2591543;0.32240639924475534;0;3
2025-03-01;3.0;4.5500565;4.692777;0.17571065381352563;0;3
2025-03-02;6.0;4.4245777;3.8279974;0.12036462616303742;0;3
2025-03-03;5.0;5.668586;5.5847692;0.25191316685182724;0;3
2025-03-04;6.0;5.284873;4.5702724;0.16679966155089987;0;3
2025-03-05;6.0;5.4594083;5.978634;0.2918256696461434;0;3
2025-03-06;12.0;5.478282;6.2769275;0.32439996219583545;1;3
2025-03-07;2.0;7.1324944;5.2930083;0.22478508124149135;0;3
2025-03-08;4.0;5.3474336;7.5527654;0.480107835651711;0;3
2025-03-09;6.0;6.7106476;7.0208845;0.4128343183581494;0;3
2025-03-10;17.0;5.282693;4.923736;0.19352128623528117;1;3
2025-03-11;4.0;6.189802;6.448224;0.34393325463396324;0;3
2025-03-12;9.0;5.337537;4.8717227;0.1893939750833505;1;3
2025-03-13;4.0;4.93816;6.6094866;0.3628190798149538;0;3
2025-03-14;8.0;6.3858786;5.537148;0.24734069874409814;1;3
2025-03-15;1.0;5.3293014;4.983963;0.19838533627310057;0;3
2025-03-16;4.0;5.3113136;4.921153;0.1933147192503373;0;3
2025-03-17;6.0;5.223023;5.344286;0.2293986529593305;0;3
2025-03-18;10.0;6.0987744;5.25678;0.22156547907860094;1;3
2025-03-19;8.0;5.236111;5.6187177;0.25520685617923394;1;3
2025-03-20;5.0;6.1356792;5.9403157;0.2877829383363966;0;3
2025-03-21;4.0;6.0552425;6.7178154;0.3757519977340134;0;3
2025-03-22;5.0;5.7363696;5.6782007;0.2610457679136496;0;3
2025-03-23;11.0;7.298187;7.9343467;0.5289659141022544;1;3
2025-03-24;16.0;6.3790016;7.047444;0.41613844326218075;1;3
2025-03-25;10.0;6.0528035;7.7887254;0.4650060645683841;1;4
2025-03-26;11.0;6.9126453;7.3251677;0.41382236048254095;1;4
2025-03-29;7.0;5.67842;6.4599648;0.3237983291646855;0;4
2025-03-30;5.0;5.2924504;4.310994;0.15439555516360043;0;4
2025-03-31;2.0;5.875056;5.4985166;0.23726435378409588;0;4
2025-04-01;3.0;6.006919;5.387798;0.22839223033284284;0;4
2025-04-02;2.0;5.543818;4.9105926;0.192862548671405;0;4
2025-04-03;5.0;5.501708;4.874085;0.19032561118268052;0;4
2025-04-04;2.0;8.059983;5.943786;0.2752871583154277;0;4
2025-04-05;9.0;5.577507;4.998326;0.1990641840590017;1;4
2025-04-06;7.0;5.0303326;4.898719;0.19203463150177388;0;4
2025-04-07;5.0;5.639204;4.7474356;0.18172279932995514;0;4
2025-04-08;4.0;5.403007;4.5342383;0.16792957075929232;0;4
2025-04-09;5.0;5.3565373;4.773214;0.18344896598856691;0;4
2025-04-10;3.0;5.406846;4.9660454;0.19676509264550082;0;4
2025-04-11;5.0;5.1602364;5.1968694;0.21364804496060558;0;4
2025-04-12;4.0;4.697221;4.7110257;0.17930629443958296;0;4
2025-04-13;6.0;4.437776;3.8528745;0.12942244326888777;0;4
2025-04-14;1.0;4.715464;4.9236884;0.1937788340063024;0;4
2025-04-15;2.0;4.7641573;4.50121;0.1658691598118627;0;4
2025-04-16;6.0;4.782126;4.880824;0.19079198020560365;0;4
2025-04-17;7.0;4.7232018;4.758284;0.18244768266541136;0;4
2025-04-18;3.0;5.3804216;5.312259;0.22247458969990466;0;4
2025-04-19;1.0;5.2627726;5.0628643;0.20372110471641405;0;4
2025-04-20;3.0;4.3340235;3.9269676;0.1332143510428846;0;4
2025-04-21;5.0;4.819936;5.7332697;0.2568488695673615;0;4
2025-04-22;6.0;4.6917424;4.6472216;0.17513234519796245;0;4
2025-04-23;3.0;4.144286;4.560342;0.169572416484862;0;4
2025-04-24;4.0;3.8055787;3.5051193;0.11283545349284778;0;4
2025-04-25;11.0;4.023205;3.6466506;0.1193499867816922;1;4
2025-04-26;3.0;4.1152477;3.763615;0.12497677998707715;0;4
2025-04-27;7.0;4.30325;4.11284;0.14314161809311035;0;4
2025-04-28;2.0;4.592581;4.428876;0.16142754715688573;0;4
2025-04-29;2.0;4.209315;3.812113;0.12737580099555146;0;4
2025-04-30;7.0;4.4975758;4.190095;0.14744572493477726;0;4
2025-05-01;5.0;4.478906;4.708382;0.1791318152238366;0;4
2025-05-02;3.0;4.930437;4.6272717;0.1738430642583212;0;4
2025-05-03;5.0;4.4855714;4.4005027;0.1597117159825058;0;4
2025-05-04;6.0;4.372351;3.9404662;0.1339152187268348;0;4
2025-05-05;4.0;4.7462454;4.6836286;0.17750457452702414;0;4
2025-05-06;4.0;4.8144217;4.9327316;0.19441349543631847;0;4
2025-05-07;3.0;4.2987185;5.0651703;0.2038889904329886;0;4
2025-05-08;9.0;3.3837757;3.6252568;0.11834480051469128;1;4
2025-05-09;8.0;3.8988962;3.9316192;0.13345551789314664;1;4
2025-05-10;4.0;4.077862;3.7516506;0.12439093125437953;0;4
2025-05-11;5.0;4.2162995;4.1511245;0.14526133372821215;0;4
2025-05-12;5.0;3.9368563;3.4985442;0.11254048463024321;0;4
2025-05-13;5.0;4.5887923;4.410424;0.16031000550325863;0;4
2025-05-14;6.0;4.0519238;3.7263477;0.1231597080257911;0;4
2025-05-15;2.0;4.46756;4.011947;0.13767871291211825;0;4
2025-05-16;3.0;4.743336;4.8621287;0.18950032864297459;0;4
2025-05-17;4.0;4.3258133;5.511126;0.23828968911556075;0;4
2025-05-18;5.0;4.454739;4.999592;0.19915476125842632;0;4
2025-05-19;5.0;4.2716737;4.4898605;0.16516583258012413;0;4
2025-05-20;3.0;5.065115;5.0303783;0.20136693088503935;0;4
2025-05-21;7.0;4.864866;4.98164;0.19787326063659386;0;4
2025-05-22;2.0;4.6520667;4.582463;0.1709745999848007;0;4
2025-05-23;5.0;5.0332255;5.6282625;0.24795956508396405;0;4
2025-05-24;1.0;4.8120203;4.1044555;0.14268084287007693;0;4
2025-05-25;2.0;4.7820206;5.1768994;0.21214663826729707;0;4
2025-05-26;9.0;3.8586414;3.503996;0.11278501281863428;1;4
2025-05-27;7.0;4.5090117;3.9919033;0.1366145252318685;0;4
2025-05-28;3.0;4.722604;4.463671;0.16355200387601038;0;4
2025-05-29;6.0;5.1889405;5.16572;0.21130950874802143;0;4
2025-05-30;5.0;5.212504;5.329875;0.22384475765467232;0;4
2025-05-31;9.0;4.7060604;5.4198685;0.2309378694555939;1;4
2025-06-01;4.0;3.9254508;3.2909184;0.10356708749488344;0;4
2025-06-02;2.0;4.394434;4.0221777;0.1382245756866065;0;4
2025-06-03;6.0;4.69756;4.9168515;0.1933000586585645;0;4
2025-06-04;4.0;4.3580256;5.1487207;0.21004121602223744;0;4
2025-06-05;2.0;4.8977036;4.6511455;0.1753868154523611;0;4
2025-06-06;4.0;4.721313;4.7916894;0.18469391377677324;0;4
2025-06-07;2.0;4.674591;5.152788;0.21034416187508317;0;4
2025-06-08;7.0;4.438124;4.5190773;0.16698125345871978;0;4
2025-06-09;7.0;4.4358606;4.7805247;0.18394081119848327;0;4
2025-06-10;6.0;4.43839;4.4799943;0.16455637074026605;0;4
2025-06-11;12.0;4.591475;6.3530765;0.3133880063661602;1;4
2025-06-12;6.0;4.7362523;4.691288;0.17800684661906463;0;4
2025-06-13;4.0;4.8422446;5.8057404;0.2631041386444059;0;4
2025-06-14;16.0;7.609468;8.366885;0.5297632132202688;1;4
2025-06-15;23.0;10.501489;13.023963;0.901023746318682;1;4
2025-06-16;7.0;6.5496373;7.656653;0.4502994318435218;0;4
2025-06-17;6.0;5.6325674;8.195539;0.5105777178442398;0;4
2025-06-18;3.0;5.7291822;6.303991;0.3086688058404104;0;4
2025-06-19;11.0;5.133377;6.0705557;0.286778093851045;1;4
2025-06-20;10.0;6.0604186;6.2370267;0.3022946820269794;1;4
2025-06-21;5.0;5.569341;5.2183056;0.2152682805056873;0;4
2025-06-22;3.0;5.015474;4.0228043;0.13825806714356076;0;4
2025-06-23;4.0;5.3880253;5.0763974;0.2047078368415035;0;4
2025-06-24;5.0;5.481961;3.9808254;0.1360293383321667;0;4
2025-06-25;5.0;5.387395;4.8427024;0.1881652816943091;0;4
2025-06-26;6.0;5.545892;5.624126;0.24761364803008598;0;4
2025-06-27;4.0;5.9930005;5.6117287;0.24657885774236007;0;4
2025-06-28;3.0;5.7109375;5.529286;0.23977171464319585;0;4
2025-06-29;6.0;5.8953705;5.8094196;0.2634243060142127;0;4
2025-06-30;4.0;5.5906963;5.0299706;0.20133751563550567;0;4
2025-07-01;6.0;5.9819484;4.9601493;0.19634733241966118;0;4
2025-07-02;6.0;5.7092032;4.991578;0.19858191412600315;0;4
2025-07-03;5.0;5.791419;5.2628045;0.21866009421481286;0;4
2025-07-04;7.0;6.0302715;6.0954723;0.2890700771115826;0;4
2025-07-05;3.0;5.559667;6.1895537;0.2978213822398028;0;4
2025-07-06;4.0;9.617594;7.2723765;0.40808887094224744;0;4
2025-07-07;3.0;5.513033;4.6717935;0.17673066356833234;0;4
2025-07-08;4.0;4.594599;4.0747895;0.1410604499469608;0;4
2025-07-11;9.0;5.055823;5.3299394;0.2238497776691016;1;4
2025-07-12;6.0;4.8247137;5.38473;0.2281497419283651;0;4
2025-07-13;6.0;4.2860193;5.1603384;0.21090738998376396;0;4
2025-07-14;3.0;4.972132;4.9642806;0.19663997978652908;0;4
2025-07-15;4.0;4.9111996;4.1704683;0.1463422241816581;0;4
2025-07-16;7.0;4.573457;4.2659483;0.15177533421762496;0;4
2025-07-17;2.0;4.6832695;4.3996525;0.15966053013248732;0;4
2025-07-20;5.0;4.360599;3.9339674;0.1335774029023937;0;4
2025-07-21;10.0;4.3471274;4.2845597;0.15285346980439377;1;4
2025-07-22;2.0;3.9425304;3.7924278;0.12639733805507217;0;4
2025-07-23;7.0;4.5845537;4.670021;0.1766149861615868;0;4
2025-07-24;9.0;4.4519277;5.2123737;0.2148190327212624;1;4
2025-07-25;7.0;5.0486784;5.1823483;0.21255553722847853;0;4
2025-07-26;6.0;3.717308;3.3893712;0.10774047104112813;0;4
2025-07-27;3.0;3.3085642;2.6415992;0.0794729796711212;0;4
2025-07-28;7.0;3.7430713;3.9578843;0.13482419650996028;0;4
2025-07-29;4.0;4.3330464;4.7883105;0.16393120563239175;0;5
2025-07-30;5.0;4.7275686;4.918602;0.17287996349284634;0;5
2025-07-31;5.0;5.184385;8.64029;0.564695799189821;0;5
2025-08-01;4.0;6.2100415;9.234739;0.6345615251539612;0;5
2025-08-02;4.0;5.556701;4.588541;0.15093881548246624;0;5
2025-08-03;4.0;5.4130645;4.375889;0.13805151677394184;0;5
2025-08-04;4.0;4.916307;4.2819314;0.13265817322505025;0;5
2025-08-05;3.0;4.3235993;4.3656893;0.13745724163635126;0;5
2025-08-06;4.0;4.05624;4.0312233;0.11913606122019525;0;5
2025-08-07;1.0;4.0068;3.7920887;0.10736540199319225;0;5
2025-08-08;6.0;4.742385;4.80655;0.16516115097248618;0;5
2025-08-09;3.0;4.359465;4.3584003;0.13703387416397939;0;5
2025-08-12;7.0;3.6829362;3.3392694;0.08785909496457048;0;5
2025-08-13;1.0;4.351921;4.8562264;0.16854851123835496;0;5
2025-08-14;3.0;4.8237634;4.2430024;0.13047638306681605;0;5
2025-08-15;4.0;4.7299647;4.9379606;0.1742420333000102;0;5
2025-08-16;2.0;4.788726;4.801631;0.16482872055286898;0;5
2025-08-17;0.0;4.1511054;4.0573053;0.12048525001928923;0;5
2025-08-18;2.0;4.321006;4.0863;0.1220005658510434;0;5
2025-08-19;4.0;4.57766;4.8347864;0.16707980239892375;0;5
2025-08-20;2.0;3.9270034;3.4244514;0.09126584807589863;0;5
2025-08-21;5.0;4.6342177;4.1425753;0.1249884643403946;0;5
2025-08-22;7.0;4.3504834;3.8054771;0.10799643319136738;0;5
2025-08-23;5.0;4.5820904;4.016425;0.11837638715958652;0;5
2025-08-24;4.0;3.915073;3.6628196;0.10143785586978094;0;5
2025-08-25;4.0;3.9046674;4.1115656;0.12333434456628983;0;5
2025-08-26;3.0;3.9992437;4.179216;0.12696742507935851;0;5
2025-08-27;5.0;4.0616612;3.7759426;0.10660870964268772;0;5
2025-08-28;3.0;3.9594934;3.934045;0.11422369299998099;0;5
2025-08-29;1.0;4.2600584;4.2662325;0.1317746277275563;0;5
2025-08-30;3.0;3.9085062;3.6415606;0.10049129156244012;0;5
2025-08-31;6.0;3.3125577;3.1749494;0.08161048958055028;0;5
2025-09-01;2.0;4.0056496;3.8305542;0.1091871579996154;0;5
2025-09-02;6.0;4.1392837;3.986549;0.11685547113331841;0;5
2025-09-03;3.0;3.7821312;4.251205;0.13093354995847692;0;5
2025-09-04;5.0;4.0004244;3.8585925;0.1105321132196298;0;5
2025-09-05;2.0;4.351459;4.2246547;0.12945869570486862;0;5
2025-09-06;6.0;3.8145285;3.5837414;0.0979564654546609;0;5
2025-09-09;6.0;4.2255826;3.9015908;0.11262285515193206;0;5
2025-09-10;8.0;3.6428316;3.5075324;0.09470257650405708;1;5
2025-09-11;3.0;3.3047478;3.386455;0.08973178405449744;0;5
2025-09-14;11.0;3.338825;3.8765612;0.11140165477708798;1;5
2025-09-15;7.0;3.6287801;4.3762956;0.13807525157266226;0;5
2025-09-16;11.0;3.6853676;4.0433974;0.11976417868449635;1;5
2025-09-17;0.0;3.62755;4.2429123;0.13047136893987663;0;5
2025-09-18;4.0;4.0000567;4.6374373;0.1540384507050715;0;5
2025-09-19;3.0;4.306298;4.611183;0.15236771449868908;0;5
2025-09-20;5.0;4.1325054;3.8376637;0.10952682495530744;0;5
2025-09-21;2.0;3.885541;3.3596358;0.08866301989220177;0;5
2025-09-22;5.0;3.4883747;2.9327593;0.07313743377606517;0;5
2025-09-23;6.0;3.516894;3.3516536;0.08834714944757682;0;5
2025-09-26;3.0;3.9595678;3.8006;0.10776618581207417;0;5
2025-09-27;7.0;4.1116095;4.441569;0.1419301269345302;0;5
2025-09-28;2.0;3.3229787;3.6101034;0.09910504473358597;0;5
2025-09-29;1.0;3.9160428;4.0230055;0.11871367948670032;0;5
2025-09-30;1.0;3.8142054;3.6875606;0.10254940891696945;0;5
2025-10-01;7.0;3.7178192;4.1219125;0.1238841673493547;0;5
2025-10-02;3.0;3.6510937;3.4795325;0.09353157827194414;0;5
2025-10-03;2.0;4.247893;4.3414125;0.13605142730154277;0;5
2025-10-04;3.0;4.228482;3.5312428;0.09570442816235258;0;5
2025-10-05;5.0;3.5052543;3.9666533;0.11585205739097248;0;5
2025-10-06;1.0;3.8911211;3.8740413;0.11127935204198595;0;5
2025-10-07;1.0;3.468375;3.8633347;0.11076101880474674;0;5
2025-10-08;6.0;3.60606;4.0541124;0.12031937976676967;0;5
2025-10-09;2.0;4.1768975;4.4924045;0.1449942145016188;0;5
2025-10-10;2.0;4.459019;5.0250397;0.18047367564660613;0;5
2025-10-11;3.0;4.140767;4.06981;0.12113676654305718;0;5
2025-10-12;2.0;3.425187;4.0156283;0.11833560758645632;0;5
2025-10-13;5.0;3.8598936;4.240862;0.13035731259709166;0;5
2025-10-14;2.0;3.6528418;3.9232225;0.11368767095926574;0;5
2025-10-15;4.0;3.8258908;3.8912084;0.11211488292386092;0;5
2025-10-16;6.0;3.7778106;4.1103797;0.12327146127484359;0;5
2025-10-17;7.0;4.02906;4.8387456;0.167350247971346;0;5
2025-10-18;3.0;4.11118;3.8605542;0.11062675402603667;0;5
2025-10-19;6.0;4.0244527;4.044471;0.11981970767524389;0;5
2025-10-20;1.0;4.2600923;3.9856806;0.11681151756877449;0;5
2025-10-21;3.0;4.142697;4.0040865;0.11774619684473189;0;5
2025-10-22;9.0;4.2492332;4.018595;0.11848752162802623;1;5
2025-10-23;1.0;4.0852504;4.274392;0.1322332256806544;0;5
2025-10-24;6.0;4.464106;5.452536;0.2135862313367226;0;5
2025-10-25;2.0;3.990955;4.910312;0.1722992603924407;0;5
2025-10-26;3.0;3.5109777;3.255199;0.08460989649835617;0;5
2025-10-27;3.0;4.2688894;3.8907795;0.11209394155898358;0;5
2025-10-28;2.0;5.085989;4.163176;0.12609783131531532;0;5
2025-10-29;2.0;4.24297;3.8081353;0.10812210850373616;0;5
2025-10-30;4.0;4.129802;4.696546;0.15785475656880005;0;5
2025-11-02;4.0;4.166495;3.3519003;0.08835689658647056;0;5
2025-11-03;6.0;4.5811367;3.5335517;0.09580249242271108;0;5
2025-11-04;4.0;4.5128355;4.048909;0.12004948699808067;0;5
2025-11-05;3.0;4.430697;4.1344075;0.12455094170799277;0;5
2025-11-06;7.0;4.419562;3.8931882;0.11221159245810325;0;5
2025-11-07;9.0;4.8091345;4.849457;0.1680836768791794;1;5
2025-11-08;5.0;4.4674;4.1013923;0.12279579244019291;0;5
2025-11-09;4.0;4.747757;4.109939;0.12324809982973078;0;5
2025-11-10;0.0;4.840132;4.481112;0.14430885275703761;0;5
2025-11-11;3.0;4.5978947;4.116233;0.12358210495604002;0;5
2025-11-12;6.0;4.9872794;5.6236773;0.22802573304980459;0;5
2025-11-13;5.0;5.086164;4.7662683;0.16245467155359072;0;5
2025-11-14;10.0;5.374473;5.7590947;0.23992939789434445;1;5
2025-11-15;5.0;4.6544433;5.692452;0.23401869246195595;0;5
2025-11-16;5.0;5.2385907;5.9702387;0.2593221919460982;0;5
2025-11-17;3.0;4.713112;5.3889327;0.20839261505519752;0;5
2025-11-18;4.0;4.954133;5.1654553;0.1908859543160242;0;5
2025-11-19;5.0;5.045551;5.692539;0.23402634238801018;0;5
2025-11-20;5.0;4.8105035;4.421803;0.14075341049308387;0;5
2025-11-21;7.0;5.9866266;5.985814;0.26079235997986755;0;5
2025-11-24;6.0;4.530844;4.545063;0.1482258994712308;0;5
2025-11-25;3.0;4.7995434;4.5368643;0.14771885821711792;0;5
2025-11-26;3.0;4.4814973;3.9747155;0.11625775860851;0;5
2025-11-27;8.0;4.6181145;3.9310548;0.11407537321892315;1;5
2025-11-28;3.0;4.9689074;5.2370253;0.19636711764917922;0;5
2025-11-29;3.0;4.2002764;4.5286083;0.147209723051557;0;5
2025-11-30;6.0;4.953241;4.1533117;0.12556558192062756;0;5
2025-12-03;10.0;5.549337;5.8720217;0.2501762145378316;1;5
2025-12-04;5.0;5.2617764;6.0295978;0.26495394969869573;0;5
2025-12-05;9.0;5.6806264;6.54896;0.3174284103720499;1;5
2025-12-06;5.0;5.775655;3.859607;0.11058104818717153;0;5
2025-12-07;4.0;4.6461062;3.741174;0.10499520058225155;0;5
2025-12-08;3.0;4.69926;4.4921064;0.14497608760353622;0;5
2025-12-09;8.0;4.5535283;4.2246547;0.12945869570486862;1;5
2025-12-10;6.0;4.8271775;4.936666;0.16096754144213743;0;6
2025-12-11;1.0;5.044981;5.37415;0.19327790639182726;0;6
2025-12-12;8.0;5.1443048;5.239403;0.18283040864528677;1;6
2025-12-13;6.0;5.047057;5.7121296;0.22145772598089172;0;6
2025-12-14;6.0;5.371035;5.125005;0.17430915099923827;0;6
2025-12-15;1.0;5.6801457;5.4696093;0.20095010731102436;0;6
2025-12-16;10.0;6.032748;5.244342;0.18320548538400927;1;6
2025-12-17;5.0;5.9841776;5.587432;0.21073095686432683;0;6
2025-12-18;2.0;6.116196;6.241268;0.2712194972685748;0;6
2025-12-19;3.0;5.3423786;5.718254;0.22199449533576834;0;6
2025-12-20;4.0;5.0900865;4.979218;0.16390782301257562;0;6
2025-12-21;6.0;4.1822743;4.3591905;0.12517136374570456;0;6
2025-12-22;4.0;4.713897;3.842094;0.09912581514966862;0;6
2025-12-23;9.0;5.1992364;5.709861;0.22125913176755813;1;6
2025-12-24;8.0;5.118865;5.3914957;0.1946552596379685;1;6
2025-12-25;1.0;5.318925;5.675181;0.2182391099251888;0;6
2025-12-26;11.0;5.319517;5.9906096;0.24679997918127786;1;6
2025-12-27;8.0;5.919648;6.2355;0.27064083301969366;1;6
2025-12-28;4.0;5.839372;5.784718;0.22787940327372852;0;6
2025-12-29;7.0;6.7422624;7.724853;0.4415344618063698;0;6
2025-12-30;2.0;7.9772334;8.363479;0.5223398498565304;0;6
2025-12-31;2.0;7.4756856;8.054651;0.48314797027627726;0;6
2026-01-01;10.0;6.117821;7.986142;0.47446495279263;1;6
2026-01-04;6.0;4.6298523;4.986921;0.16444468128624076;0;6
2026-01-05;6.0;4.7029657;4.8793683;0.1570758797758305;0;6
2026-01-06;4.0;5.657611;5.3410444;0.19066972101299498;0;6
2026-01-07;2.0;6.085053;5.494458;0.20298423057594928;0;6
2026-01-08;3.0;4.5453596;4.4936085;0.1328404833319995;0;6
2026-01-09;6.0;6.179236;6.1078625;0.2580362507641952;0;6
2026-01-10;3.0;5.852328;6.047225;0.2521840213303608;0;6
2026-01-11;3.0;5.314323;5.5686965;0.2091526310180934;0;6
2026-01-12;3.0;6.153517;7.049885;0.3594503497407541;0;6
2026-01-13;2.0;7.0482574;8.046822;0.4821550873544859;0;6
2026-01-14;5.0;6.120026;5.9210567;0.24029218662148696;0;6
2026-01-15;8.0;6.170275;6.420604;0.28959330802222055;1;6
2026-01-16;7.0;6.6931086;7.934783;0.46796539772271767;0;6
2026-01-17;11.0;5.6687946;6.999289;0.3535552200186332;1;6
2026-01-18;10.0;6.6796627;10.213775;0.736756385525244;1;6
2026-01-19;4.0;5.90665;9.64306;0.6768456902805727;0;6
2026-01-20;8.0;5.0879064;5.414414;0.19648650620700858;1;6
2026-01-21;13.0;5.2639155;5.1155863;0.17362172378607638;1;6
2026-01-22;8.0;5.419162;6.008876;0.2485286077914499;1;6
2026-01-23;3.0;5.623435;6.303415;0.27750332222819735;0;6
2026-01-26;4.0;5.7358074;5.064642;0.1699406255093733;0;6
2026-01-27;3.0;5.748851;5.3619127;0.1923106574232875;0;6
2026-01-28;4.0;5.642607;5.2148085;0.18097153102349323;0;6
2026-01-29;6.0;5.8168607;7.252969;0.383526889934885;0;6
2026-01-30;9.0;6.1921396;6.7945795;0.33016933277288946;1;6
2026-01-31;7.0;5.73005;6.496997;0.2976402199810216;0;6
2026-02-01;10.0;5.2839313;5.2292976;0.18206484408930576;1;6
2026-02-02;6.0;5.8949404;5.4559026;0.1998346187235622;0;6
2026-02-03;1.0;6.9982038;6.0424037;0.2517225042099448;0;6
2026-02-04;2.0;6.272382;5.4755974;0.2014388959008925;0;6
2026-02-05;2.0;5.2586055;4.2139287;0.11731329461195544;0;6
2026-02-06;10.0;6.092932;6.345277;0.28178626203812707;1;6
2026-02-07;3.0;5.425187;5.6116905;0.21278749835042599;0;6
2026-02-08;7.0;5.8130283;5.829777;0.2319311358617666;0;6
2026-02-09;7.0;7.2047224;6.4514346;0.29282534937495136;0;6
2026-02-10;7.0;5.548365;6.4432592;0.2919662461702315;0;6
2026-02-11;5.0;5.7819185;5.8771276;0.2362428261807133;0;6
2026-02-12;6.0;6.184724;6.26919;0.2740316780973155;0;6
2026-02-13;7.0;6.6268697;5.676987;0.21839564495095182;0;6
2026-02-14;3.0;6.976084;6.213032;0.2683941887229405;0;6
2026-02-15;4.0;5.3395934;5.916244;0.2398462488678655;0;6
2026-02-16;2.0;5.36265;5.2020307;0.1800115987091937;0;6
2026-02-17;6.0;5.6751;5.3324194;0.18999464469835523;0;6
2026-02-18;2.0;5.344115;5.903266;0.23864655201608093;0;6
2026-02-19;3.0;5.3318977;5.561525;0.20855079146458758;0;6
2026-02-20;9.0;5.041003;6.411441;0.2886368135815471;1;6
2026-02-21;10.0;5.805356;4.930948;0.16057570163195686;1;6
2026-02-22;3.0;6.0470257;6.827897;0.3339224203625769;0;6
2026-02-23;9.0;6.1162653;6.399603;0.287403868837152;1;6
2026-02-24;3.0;5.7891617;6.0071588;0.2483657571453777;0;6
2026-02-25;4.0;4.996838;5.0521603;0.1690482535105063;0;6
2026-02-26;8.0;5.338725;6.231133;0.27020323843353133;1;6
2026-02-27;8.0;5.212571;5.910146;0.2392820311811446;1;6
2026-02-28;5.0;6.2188063;5.653765;0.21638904623269262;0;6
2026-03-01;5.0;5.0157027;6.240542;0.27114661990257166;0;6
2026-03-02;1.0;5.750569;5.655059;0.21650050802545137;0;6
2026-03-03;2.0;5.4543533;5.1850123;0.17873926881797378;0;6
2026-03-04;4.0;5.49518;5.354309;0.19171151313313145;0;6
2026-03-05;8.0;5.437123;5.352646;0.19158066462516923;1;6
2026-03-06;5.0;5.3188415;5.2257457;0.18179635193711988;0;6
2026-03-07;7.0;5.1503468;5.287505;0.1865087781805568;0;6
2026-03-08;5.0;4.6732807;4.5145106;0.1340681667911406;0;6
2026-03-09;10.0;6.5909905;5.092802;0.1719676622255576;1;6
2026-03-10;4.0;5.575288;5.3759527;0.19342070586561705;0;6
2026-03-11;4.0;6.5834208;5.419548;0.19689850923204802;0;6
2026-03-12;2.0;6.8734303;6.702412;0.3199001253225025;0;6
2026-03-13;5.0;5.5001698;6.9957957;0.3531498172926848;0;6
2026-03-14;6.0;4.942294;5.00572;0.16576080030823082;0;6
2026-03-15;12.0;7.8630786;7.7876153;0.4494086932304703;1;6
2026-03-18;4.0;4.7160354;4.887331;0.15761209050896538;0;6
2026-03-19;3.0;4.932404;4.973151;0.16348597793084835;0;6
2026-03-22;5.0;4.522124;4.6273174;0.1408602107108355;0;6
2026-03-23;4.0;4.539887;4.951689;0.16200071094336752;0;6
2026-03-24;7.0;4.3834434;6.783218;0.328894404177053;0;6
2026-03-25;4.0;4.329601;4.679521;0.14409955597610605;0;6
2026-03-26;3.0;4.6055007;4.8370852;0.1542533622237844;0;6
2026-03-27;2.0;4.9224734;5.0888596;0.1716827280793275;0;6
2026-03-28;3.0;4.638481;4.6094403;0.13976497545265856;0;6
2026-03-29;2.0;4.444583;4.2179055;0.11752260860981652;0;6
2026-03-30;1.0;5.2376432;4.8632817;0.15599713236687;0;6
2026-03-31;2.0;5.6053553;4.197599;0.11645718703347356;0;6
2026-04-01;4.0;4.332437;4.3158145;0.12277879978722185;0;6
2026-04-02;8.0;4.5141096;4.2364974;0.11850546923433078;1;6
2026-04-03;3.0;4.7667623;4.91041;0.1591746450315888;0;6
2026-04-04;3.0;4.617321;4.8472238;0.15492634023889723;0;6
2026-04-05;5.0;4.437112;4.299296;0.12187805172741406;0;6
2026-04-06;4.0;4.5614967;4.4875026;0.13248365477769386;0;6
2026-04-07;3.0;4.5740924;4.957724;0.16241725669608567;0;6
2026-04-08;9.0;4.637981;4.137223;0.113338860479418;1;6
2026-04-09;3.0;4.4657283;4.1766524;0.11536697768743333;0;6
2026-04-10;3.0;4.740277;4.174514;0.11525618088823526;0;6
2026-04-11;3.0;3.8972483;3.65879;0.09111673935455498;0;6
2026-04-12;6.0;3.853161;3.587742;0.08817214334700307;0;6
2026-04-13;8.0;4.6607566;4.4037313;0.12766964084984223;1;6
2026-04-14;3.0;4.801697;4.2685013;0.12021401968395459;0;6
2026-04-15;11.0;4.662419;4.585118;0.13828633935925586;1;6
2026-04-16;5.0;4.6565075;4.757823;0.1490742526975659;0;6
