candidate;mae;rmse;r2;high_auc;actual_mean;prediction_mean;actual_std;prediction_std;std_ratio;p05;p95;p05_p95_width;width_ratio;boring_4_5_share;min_prediction;max_prediction;confirm_mae;confirm_rmse;confirm_r2;confirm_high_auc;confirm_actual_mean;confirm_prediction_mean;confirm_actual_std;confirm_prediction_std;confirm_std_ratio;confirm_p05;confirm_p95;confirm_p05_p95_width;confirm_width_ratio;confirm_boring_4_5_share;confirm_min_prediction;confirm_max_prediction;horizon
active_recursive;2.2773389459760103;2.9703489010023545;0.11024261238046873;0.6535891830655571;5.215277777777778;5.047765870778649;3.149357302089252;1.1613799178033848;0.36876727738479753;3.586820125579834;7.083980774879456;3.497160649299622;0.3497160649299622;0.6574074074074074;2.2398335933685303;13.270957946777344;2.1336512703034614;2.643069925887353;-0.017444835361982713;0.6730067743616466;4.725;5.068280196024312;2.6212235815794527;1.2082759432489525;0.46095874908957213;3.622729849815369;7.382748079299925;3.7600182294845563;0.4177798032760618;0.65625;2.888746738433838;10.696587562561035;
active_recursive;2.2821606957250173;2.9528129514812855;0.12071726331515575;0.6451819497636766;5.215277777777778;5.0917155957884255;3.1511818531385956;1.248056615811051;0.3960598511850338;3.5399609923362734;7.309387421607971;3.7694264292716975;0.3769426429271697;0.6444444444444445;2.2398335933685303;13.270957946777344;;;;;;;;;;;;;;;;;1.0
active_recursive;2.286974724133809;2.97763214979145;0.10587392071562485;0.6518681712799888;5.215277777777778;5.06677180926005;3.1511818531385956;1.198752992090983;0.3804137774203726;3.547248423099518;7.174192190170288;3.6269437670707703;0.36269437670707705;0.6375;2.466719627380371;11.599480628967285;;;;;;;;;;;;;;;;;2.0
active_recursive;2.2796818759706285;2.972747531774572;0.10880502963814753;0.6574015959831434;5.215277777777778;5.040560068686803;3.1511818531385956;1.1468820841838034;0.36395299847309737;3.6155060529708862;7.014750576019287;3.3992445230484005;0.33992445230484003;0.6583333333333333;2.427893877029419;11.692965507507324;;;;;;;;;;;;;;;;;3.0
active_recursive;2.2649043162663776;2.9690575888640693;0.11101606008520482;0.6612058254665625;5.215277777777778;5.01281974448098;3.1511818531385956;1.1167503283776765;0.3543909493085544;3.5902859926223756;6.889558553695676;3.2992725610733005;0.32992725610733004;0.6666666666666666;2.427893877029419;11.662247657775879;;;;;;;;;;;;;;;;;4.0
active_recursive;2.2760288056400086;2.9790919188881753;0.10499702424782298;0.653558939939286;5.215277777777778;5.026608219080501;3.1511818531385956;1.126125541898961;0.35736609132136676;3.601700150966644;6.973288989067076;3.371588838100432;0.3371588838100432;0.6666666666666666;2.482121706008911;11.637735366821289;;;;;;;;;;;;;;;;;5.0
active_recursive;2.274283258120219;2.9706764383487014;0.110046376280856;0.6548013987267999;5.215277777777778;5.048119787375132;3.1511818531385956;1.128227674417464;0.35803318469029094;3.6038236260414123;6.98716447353363;3.3833408474922178;0.3383340847492218;0.6708333333333333;2.549454689025879;11.642000198364258;;;;;;;;;;;;;;;;;6.0
direct_d2_base;2.2812510468341687;2.9974412968952104;0.09393773142139017;0.638287050676094;5.215277777777778;5.002278920456215;3.149357302089252;1.3184980606177104;0.41865623177879246;3.3663356423377992;7.43394947052002;4.067613828182221;0.4067613828182221;0.6377314814814815;1.90166437625885;14.614262580871582;2.1555006422930294;2.712854012624754;-0.07188060473672642;0.6537041862080945;4.725;4.944254072672791;2.6212235815794527;1.2521692071337778;0.47770408290744387;3.406181478500366;7.177744412422178;3.7715629339218117;0.4190625482135346;0.6458333333333334;2.8181185722351074;13.920096397399902;
direct_d2_base;2.2718053231636683;2.954013355412904;0.12000221023459101;0.635088573221811;5.215277777777778;5.0125835680299335;3.1511818531385956;1.3378349101253137;0.4245502076602854;3.4133796095848083;7.505405664443969;4.0920260548591605;0.409202605485916;0.6347222222222222;2.239840030670166;14.520140647888184;;;;;;;;;;;;;;;;;1.0
direct_d2_base;2.2633261018329196;2.967445326058842;0.11198127315227624;0.6414545734011349;5.215277777777778;4.969642043775982;3.1511818531385956;1.3482768458394845;0.42786386463116777;3.4480172991752625;7.547134304046629;4.099117004871367;0.4099117004871367;0.6361111111111111;2.504739284515381;14.44207763671875;;;;;;;;;;;;;;;;;2.0
direct_d2_base;2.291786965562238;3.008850376884918;0.08702716388370091;0.6392898771630952;5.215277777777778;5.023996839092837;3.1511818531385956;1.3408713464245638;0.42551379416235474;3.381203663349152;7.390786719322203;4.009583055973051;0.4009583055973051;0.6319444444444444;1.90166437625885;14.344465255737305;;;;;;;;;;;;;;;;;3.0
direct_d2_base;2.286256381207042;3.023618421217094;0.07804306043383691;0.6374710199690025;5.215277777777778;5.011313426825735;3.1511818531385956;1.338038841887504;0.4246149236213738;3.3662280082702636;7.535342121124266;4.169114112854002;0.4169114112854002;0.6222222222222222;2.059819221496582;13.837987899780273;;;;;;;;;;;;;;;;;4.0
direct_d2_base;2.3026168930861686;3.0290156456080326;0.07474869657618366;0.6292221183281884;5.215277777777778;5.033695579734114;3.1511818531385956;1.3031149054613729;0.4135321178507876;3.374396061897278;7.366352629661557;3.9919565677642788;0.3991956567764279;0.6458333333333334;1.9436906576156616;13.920096397399902;;;;;;;;;;;;;;;;;5.0
direct_d2_base;2.271714616152975;3.0009356164284258;0.09182398424775173;0.6456943039028575;5.215277777777778;4.962442065278689;3.1511818531385956;1.2427237896269134;0.39436752543784587;3.2651887774467467;7.045676469802855;3.780487692356108;0.3780487692356108;0.6555555555555556;2.3758411407470703;14.614262580871582;;;;;;;;;;;;;;;;;6.0
direct_d2_extended;2.277967014108543;2.991424556779443;0.09757154389117884;0.6386019349907989;5.215277777777778;5.032996562592409;3.149357302089252;1.2826780343996487;0.4072824742841128;3.4116281270980835;7.335331678390503;3.9237035512924194;0.39237035512924195;0.643287037037037;1.9980279207229614;14.4144287109375;2.1475443652934496;2.6980842459450516;-0.06024095856543443;0.6605762549939205;4.725;4.968738627599345;2.6212235815794527;1.2522925784957781;0.47775114923282996;3.410255479812622;7.13765296936035;3.7273974895477284;0.41415527661641427;0.6402777777777777;2.749706506729126;13.398938179016113;
direct_d2_extended;2.2493398669693203;2.937328505668875;0.12991493840399326;0.6496458352012912;5.215277777777778;5.01935369140572;3.1511818531385956;1.2660033198430989;0.4017550807428496;3.516443467140198;7.226350069046016;3.7099066019058182;0.3709906601905818;0.6444444444444445;2.5977909564971924;14.33114242553711;;;;;;;;;;;;;;;;;1.0
direct_d2_extended;2.2757747792535357;2.9774342671843987;0.10599275750376569;0.6448489195732089;5.215277777777778;5.0379678001006445;3.1511818531385956;1.3352868423881548;0.42374160064999145;3.3958600759506226;7.513016438484191;4.117156362533568;0.41171563625335683;0.6555555555555556;2.149844169616699;13.82040023803711;;;;;;;;;;;;;;;;;2.0
direct_d2_extended;2.2709449258115555;2.962972846807047;0.11465606705707099;0.6547629721663614;5.215277777777778;5.051785732640161;3.1511818531385956;1.2766003273417232;0.40511794838822834;3.4343236446380616;7.365707302093504;3.931383657455443;0.3931383657455443;0.6347222222222222;2.544227123260498;14.4144287109375;;;;;;;;;;;;;;;;;3.0
direct_d2_extended;2.280896478229099;3.015770629126177;0.08282272224193565;0.635972384111898;5.215277777777778;4.98678661055035;3.1511818531385956;1.2694518789014395;0.40284945079797857;3.328978395462036;7.231900811195371;3.9029224157333346;0.3902922415733335;0.6388888888888888;2.1181774139404297;13.398938179016113;;;;;;;;;;;;;;;;;4.0
direct_d2_extended;2.289929324057367;3.01485384956065;0.08338027232285927;0.6196154782185446;5.215277777777778;5.074121311969227;3.1511818531385956;1.2858680978179207;0.40805899429040837;3.4642366766929626;7.264606928825378;3.8003702521324154;0.38003702521324156;0.6375;2.1197402477264404;13.576881408691406;;;;;;;;;;;;;;;;;5.0
direct_d2_extended;2.3009167103303803;3.0389615652674915;0.06866250581744804;0.6269677601157919;5.215277777777778;5.027964228888353;3.1511818531385956;1.2641868658529092;0.40117864495626354;3.40407657623291;7.2573797464370715;3.8533031702041614;0.38533031702041615;0.6486111111111111;1.9980279207229614;13.589118003845215;;;;;;;;;;;;;;;;;6.0
direct_d3_base;2.296191635451935;3.020756416984512;0.07978758999551427;0.6321923491294961;5.215277777777778;5.029672056050212;3.149357302089252;1.3150072925695893;0.4175478252966809;3.4025365114212036;7.472190737724304;4.069654226303101;0.40696542263031005;0.6305555555555555;1.6683729887008667;14.544435501098633;2.1681091151303713;2.7346891083041642;-0.08920465125987342;0.6518151815181518;4.725;4.991468724442853;2.6212235815794527;1.280392806380441;0.4884714205145841;3.4592572689056396;7.280457663536067;3.8212003946304276;0.4245778216256031;0.6520833333333333;2.6110103130340576;14.456938743591309;
direct_d3_base;2.298426094320085;2.988574655965003;0.0992901942959531;0.6256612570608804;5.215277777777778;5.017125760184394;3.1511818531385956;1.310310195115188;0.4158154800904656;3.43305641412735;7.6123859643936145;4.179329550266265;0.4179329550266265;0.6388888888888888;1.9992382526397705;14.099051475524902;;;;;;;;;;;;;;;;;1.0
direct_d3_base;2.2551040179199644;2.9725486431828374;0.10892427460019527;0.6482688834522421;5.215277777777778;4.998565153280894;3.1511818531385956;1.3176395866542587;0.4181413983905378;3.37644544839859;7.395388960838317;4.018943512439726;0.40189435124397266;0.6291666666666667;2.2412750720977783;14.298901557922363;;;;;;;;;;;;;;;;;2.0
direct_d3_base;2.3065722306569416;3.036043222598829;0.07045039082221471;0.6257253013282781;5.215277777777778;5.021867626243168;3.1511818531385956;1.3207551810936633;0.41913010503604653;3.387554037570953;7.343153548240659;3.955599510669706;0.3955599510669706;0.6375;2.0629007816314697;14.281213760375977;;;;;;;;;;;;;;;;;3.0
direct_d3_base;2.3065249948037994;3.040949378449413;0.06744371420560202;0.634115100357367;5.215277777777778;5.036091355979442;3.1511818531385956;1.3408565116799882;0.42550908648591235;3.41095826625824;7.63979365825653;4.22883539199829;0.422883539199829;0.6027777777777777;1.89907705783844;14.456938743591309;;;;;;;;;;;;;;;;;4.0
direct_d3_base;2.3194831687543127;3.061040020602884;0.05508076914007387;0.623599031650677;5.215277777777778;5.049317749506898;3.1511818531385956;1.3031314877695708;0.4135373801012608;3.4296644568443297;7.4679839372634875;4.038319480419158;0.4038319480419158;0.6333333333333333;1.6683729887008667;13.764339447021484;;;;;;;;;;;;;;;;;5.0
direct_d3_base;2.291039306256506;3.024449453147053;0.0775361969090459;0.6365615913719563;5.215277777777778;5.0550646911064785;3.1511818531385956;1.30065382735209;0.41275111623806515;3.3650935888290405;7.335903382301328;3.970809793472288;0.3970809793472288;0.6416666666666667;2.446964979171753;14.544435501098633;;;;;;;;;;;;;;;;;6.0
direct_d3_extended;2.2979269873488835;3.0286560770832605;0.07496835308415484;0.6307880006660604;5.215277777777778;5.037028640481057;3.149357302089252;1.2853556213952542;0.4081326753692133;3.407864546775818;7.3712930440902715;3.9634284973144536;0.39634284973144535;0.6356481481481482;1.834011197090149;14.52369213104248;2.163603594733609;2.72765977671754;-0.08361239542765886;0.661987580336981;4.725;5.000444509088993;2.6212235815794527;1.308705559630785;0.4992727704830915;3.4627981662750242;7.133096480369567;3.670298314094543;0.40781092378828254;0.6486111111111111;2.7965192794799805;14.52369213104248;
direct_d3_extended;2.283019079764684;2.988704977569088;0.09921163878403061;0.6321937723354382;5.215277777777778;5.019413753350576;3.1511818531385956;1.2674148355531547;0.40220301290793553;3.466550350189209;7.373169732093809;3.9066193819046005;0.39066193819046;0.6541666666666667;2.4703259468078613;13.756814956665039;;;;;;;;;;;;;;;;;1.0
direct_d3_extended;2.2659372962183424;2.9935774399689685;0.09627214815094931;0.6550319580894314;5.215277777777778;5.029444794191255;3.1511818531385956;1.2771302138031186;0.40528610322222103;3.43688508272171;7.433583998680112;3.9966989159584023;0.3996698915958402;0.6555555555555556;2.3475725650787354;14.03882122039795;;;;;;;;;;;;;;;;;2.0
direct_d3_extended;2.2965987304846447;3.006189386062082;0.08864129404161047;0.6390465089469841;5.215277777777778;5.053669318225649;3.1511818531385956;1.316073910148088;0.4176445446451371;3.3606340289115906;7.5057793140411375;4.145145285129547;0.41451452851295467;0.625;2.304481029510498;13.662829399108887;;;;;;;;;;;;;;;;;3.0
direct_d3_extended;2.296733745932579;3.043456409853658;0.06590543695483864;0.6232019571928116;5.215277777777778;4.971970488958888;3.1511818531385956;1.25623763040007;0.39865602461148025;3.370294785499573;7.127488088607787;3.7571933031082145;0.37571933031082144;0.6319444444444444;2.1862592697143555;14.376320838928223;;;;;;;;;;;;;;;;;4.0
direct_d3_extended;2.3061923647920293;3.0538907763424694;0.05948944687794733;0.6202431120390414;5.215277777777778;5.0714441479908094;3.1511818531385956;1.2953022063661213;0.4110528261249006;3.500305140018463;7.343459248542786;3.8431541085243226;0.38431541085243226;0.6083333333333333;1.834011197090149;13.668932914733887;;;;;;;;;;;;;;;;;5.0
direct_d3_extended;2.3390807069010204;3.084903896412584;0.04029015369555122;0.6185139168193055;5.215277777777778;5.0762293401691645;3.1511818531385956;1.3005081108671614;0.4127048743860491;3.4001585125923155;7.377787637710569;3.977629125118254;0.3977629125118254;0.6388888888888888;2.534837007522583;14.52369213104248;;;;;;;;;;;;;;;;;6.0
