FECHA_DIA;EVENTOS;official;top_20;top_30;top_40;top_60;top_80;top_108
2024-03-18;7.0;6.1598215;5.8269424;5.7604966;6.265471;6.8262644;6.5336714;6.9731536
2024-03-19;4.0;5.8633595;5.4117265;5.8520646;7.2173705;7.637475;6.4758162;6.3420234
2024-03-20;4.0;7.1681905;6.1096287;5.9132566;6.4537525;6.1655455;6.318145;6.182499
2024-03-21;3.0;5.1052375;4.8751926;4.857623;5.5141654;4.856407;5.1284437;5.421731
2024-03-22;4.0;4.761067;3.5356662;4.979912;5.303294;5.21599;4.9150686;4.8947287
2024-03-23;3.0;5.661231;4.6560903;5.16755;5.5981207;6.318592;7.2549324;7.089029
2024-03-24;1.0;4.9137883;5.833439;5.191096;4.570613;4.542269;4.542392;4.435547
2024-03-25;4.0;4.8298283;7.481474;6.6394444;5.878511;5.302695;5.9330115;5.824918
2024-03-26;5.0;5.724599;6.3552976;5.788577;6.6819406;7.264092;7.281947;7.266059
2024-03-27;4.0;5.5467205;5.9011536;6.2253184;6.6075478;6.2542033;6.1083717;5.966848
2024-03-28;4.0;5.5040884;5.68897;6.091436;6.9799886;6.5623894;6.8064575;6.694418
2024-03-29;3.0;5.3229456;4.898459;5.8277245;6.4293075;6.1526494;6.2739844;6.387293
2024-03-30;1.0;5.564387;5.372503;5.408479;6.3933306;6.0561867;6.50178;6.5056252
2024-03-31;3.0;4.533385;5.9574704;5.599535;5.7778726;5.642164;6.079384;5.888283
2024-04-01;4.0;5.278458;5.3095694;5.6752405;6.447787;6.2536216;6.5507674;5.9859967
2024-04-02;5.0;5.0852346;5.0888915;5.819967;6.7784343;6.5746903;6.7032847;6.0589757
2024-04-03;6.0;5.322477;5.7838707;5.7047715;6.8219223;6.229918;5.9906683;5.943082
2024-04-04;3.0;4.77538;4.309913;5.170138;4.769646;5.4840765;5.5288525;5.653352
2024-04-05;7.0;5.5873117;5.3112397;5.638489;6.4235806;5.651207;5.698048;6.014366
2024-04-06;8.0;5.493636;5.1046786;5.401684;5.4810157;5.80295;5.804875;5.976856
2024-04-07;3.0;4.8298526;4.8246846;4.4428854;4.823184;4.6199436;4.2186136;4.4236426
2024-04-08;4.0;5.456831;3.9346163;3.6058838;4.6481752;5.195927;5.385146;5.1478257
2024-04-09;4.0;4.6759095;4.721443;4.917944;4.0568595;4.112135;4.20067;4.16451
2024-04-10;3.0;5.002155;4.9427567;5.003812;5.851806;5.2245455;4.8108654;4.326916
2024-04-11;4.0;4.682506;4.3858995;4.735341;5.4734745;5.319139;4.8680124;5.2120423
2024-04-12;4.0;4.4280515;4.155903;5.422001;5.6713586;5.7570043;5.463966;5.23388
2024-04-13;2.0;4.2653265;3.586224;3.9960916;4.477238;4.75078;4.517404;5.027369
2024-04-14;2.0;4.268711;4.4225106;4.421477;4.9786844;4.5529113;4.766875;4.456908
2024-04-15;3.0;3.485563;4.576072;4.5518637;3.8548641;4.552726;4.8399568;4.104225
2024-04-16;2.0;4.1395693;4.8957415;4.6835656;3.8330982;5.348971;5.6081214;4.9661975
2024-04-17;7.0;4.3630266;5.618044;5.9937773;5.622094;5.763974;6.19537;5.440605
2024-04-18;10.0;4.5840974;4.661097;4.2930923;4.3550262;4.589425;4.2384567;4.5423064
2024-04-19;9.0;4.601169;5.0755434;4.662863;5.11221;4.7758822;4.773433;4.212364
2024-04-20;4.0;5.018549;4.7295237;4.151568;4.4467044;3.9777024;3.95482;4.1635303
2024-04-21;5.0;4.8306713;6.625496;5.1781435;5.3548574;5.7450614;5.0429907;5.0832114
2024-04-22;4.0;5.3566403;6.6848545;6.362799;7.113378;5.4150343;6.227066;5.1353555
2024-04-23;3.0;4.5210238;4.9173803;4.6968746;4.713038;4.704006;4.476711;4.3729715
2024-04-24;5.0;4.4722977;4.5339737;4.389635;4.280193;4.3363976;4.2082486;4.3139067
2024-04-25;3.0;4.8788247;4.2590685;4.197689;4.667794;4.2194304;3.9717648;4.184102
2024-04-26;4.0;4.5892425;6.4129925;6.008503;6.3621073;5.5742717;5.491533;5.291259
2024-04-27;4.0;4.744567;4.667621;4.2297635;4.6339765;4.906879;5.0637636;4.875489
2024-04-28;8.0;3.998168;4.2749925;4.0023003;4.385347;4.4467382;4.5658965;4.1347685
2024-04-29;8.0;5.368028;7.40826;7.4569325;7.0444527;7.6942706;7.283532;7.737401
2024-04-30;3.0;5.50791;4.9864187;4.720491;5.7552986;5.7112455;5.9933;5.642319
2024-05-01;7.0;4.5401607;4.2099013;3.8103712;4.036139;4.029223;4.0179534;4.2592864
2024-05-02;2.0;4.1706862;3.6118848;3.50925;3.681038;3.5751507;4.0379133;3.8766024
2024-05-03;7.0;4.866101;3.7983449;4.460619;4.734629;4.175087;3.8505828;4.1712933
2024-05-04;7.0;4.861221;4.663884;4.6863165;5.191189;4.8232374;5.0510416;4.758808
2024-05-05;6.0;4.4812;3.9094803;4.041521;4.14135;4.270167;4.283236;4.11928
2024-05-06;2.0;4.4999795;4.577904;4.6488705;5.2934356;5.8778286;5.5006347;5.444875
2024-05-07;2.0;5.0374913;4.1515446;4.6800632;5.0219193;3.9685614;4.651693;4.048846
2024-05-08;2.0;4.208263;4.1530056;4.2568207;4.071542;3.6787887;3.8375401;3.993297
2024-05-09;3.0;4.0347066;3.863281;3.7427804;3.9605057;4.1574287;4.2259593;3.9585235
2024-05-10;1.0;4.23564;3.6943588;3.9927983;4.437914;4.156576;4.0211506;4.0596175
2024-05-11;5.0;4.3684025;3.2935932;4.0502896;3.8131013;4.16739;3.8713274;4.0596504
2024-05-12;10.0;4.044156;3.6085887;3.5645208;3.2087617;3.2148836;3.2703614;3.3088505
2024-05-13;6.0;3.8853307;3.6510649;4.2703123;4.139128;4.7031217;4.153269;4.6682887
2024-05-14;4.0;3.941701;3.6138425;2.9456663;3.658191;3.543345;3.5518994;3.6825113
2024-05-17;5.0;4.4251633;3.1527886;3.841624;3.8296099;4.249506;4.2946315;4.6149898
2024-05-18;10.0;3.9896183;3.3518486;3.9370444;3.5584533;3.6769252;3.6273432;3.6395218
2024-05-19;3.0;3.8152027;3.6018977;3.8616948;4.2425947;4.2691145;4.750131;5.0399084
2024-05-20;7.0;4.5809894;4.154599;3.429625;3.630759;3.3331225;3.7322156;3.5767777
2024-05-21;3.0;4.3869615;3.7405555;3.3250666;3.736789;3.7388113;3.7166965;3.6046405
2024-05-22;3.0;3.9717321;3.5834477;3.555144;3.5689285;3.322895;3.2454438;3.314189
2024-05-23;4.0;4.3321013;3.6426828;3.60848;3.989656;3.7198591;3.8260503;3.6987143
2024-05-24;10.0;4.6649966;3.6819544;3.9540358;4.187958;4.5369115;4.8788147;4.7924128
2024-05-25;4.0;4.462192;4.417239;3.676533;4.4444165;3.8528495;3.965484;4.3934035
2024-05-26;9.0;4.352001;3.9996185;3.2503362;3.383177;3.51182;3.730527;3.478194
2024-05-27;6.0;4.3181853;3.7322037;2.9564948;3.448864;3.8297997;4.0378413;3.8370035
2024-05-28;4.0;2.8576727;3.7178378;3.208873;2.12757;2.406594;2.0485535;1.9985511
2024-05-29;10.0;3.8761885;5.421544;4.602455;3.8461406;3.532072;3.5455272;3.4709415
2024-05-30;2.0;4.031351;5.030037;4.115545;3.8979747;3.2719722;3.8765442;3.304599
2024-05-31;11.0;3.7070417;3.4711084;3.5929642;2.5633557;2.9657967;3.4537156;3.0216734
2024-06-01;3.0;4.550911;4.4430866;4.079749;4.256449;3.7727652;3.9942374;4.3946023
2024-06-02;2.0;3.9723902;4.2355266;3.5613468;3.7351673;3.5584855;3.9705741;3.7742577
2024-06-03;11.0;4.491572;4.1041155;4.586662;5.2909307;5.1528797;5.136987;4.8357
2024-06-04;5.0;4.8834686;4.651627;5.138549;5.242363;5.139237;4.7445407;5.0133305
2024-06-05;9.0;6.2167335;4.6715837;5.0715275;5.638021;5.4766703;5.838791;5.1307807
2024-06-06;6.0;4.327414;4.1452856;4.166191;4.0152717;3.9939268;3.6824243;3.6756134
2024-06-07;7.0;4.48296;3.5808666;3.6764095;3.6695566;3.0673516;3.910102;3.6420808
2024-06-08;4.0;4.169141;5.243074;4.8449717;5.255955;5.0545607;4.6691713;4.9303336
2024-06-09;2.0;4.116602;3.8935537;3.4852326;3.2056565;3.7854323;3.6583402;3.726486
2024-06-10;8.0;4.668902;5.569226;6.0512223;6.309233;6.9059286;6.393739;6.3758273
2024-06-11;20.0;5.200663;5.081149;6.6707144;6.457774;6.7798095;7.3526096;6.9679127
2024-06-12;20.0;6.438374;6.4708295;8.746801;8.39029;8.069008;8.091643;8.842367
2024-06-13;20.0;6.6086435;7.109683;8.191789;6.818102;7.294064;8.104913;8.777603
2024-06-14;5.0;5.7761984;7.030009;7.0196686;5.8163;5.4695263;6.6341;6.8569303
2024-06-15;6.0;5.6561346;7.4888177;8.131255;7.3417;6.9288664;7.7027516;8.016817
2024-06-16;3.0;5.063333;7.287097;6.178105;7.1023164;6.4854193;7.091546;7.3875504
2024-06-17;5.0;5.8772106;5.8811107;5.5393896;5.2543387;5.775255;6.2457013;6.8886776
2024-06-18;8.0;6.549158;5.6177163;5.13538;5.1323314;5.8871098;6.21002;6.342324
2024-06-19;6.0;5.7628818;5.631861;5.834176;4.8528357;5.025637;6.1191297;6.0580606
2024-06-20;6.0;6.1273837;6.271702;6.7220902;7.0553384;7.619035;8.232817;8.782409
2024-06-21;18.0;6.4220347;6.220602;6.1355166;7.2926035;7.9239984;7.9018846;8.539767
2024-06-22;3.0;6.460927;7.3145432;7.5641522;7.5444856;6.5558586;8.011007;7.407753
2024-06-23;7.0;5.568452;8.117434;8.1609;7.338468;6.7223563;8.227157;7.592089
2024-06-24;6.0;5.5071487;6.954267;7.0407557;6.765062;6.506887;7.164217;7.0113564
2024-06-25;3.0;6.3787694;5.1153183;5.2513385;5.860523;5.1252623;5.9499593;6.1353316
2024-06-26;10.0;6.2397017;5.7223005;5.263221;6.093891;6.0017905;6.7914076;6.870806
2024-06-27;3.0;6.368218;6.5489163;5.67023;5.8700037;5.6398745;6.70183;7.100804
2024-06-28;2.0;6.3214273;6.270734;6.06562;5.9714785;4.880987;6.75138;6.637893
2024-06-29;10.0;6.6035614;6.8809977;5.9987707;6.3755484;5.6540203;6.962658;7.0219073
2024-06-30;3.0;4.7538886;6.652506;5.577458;4.8693137;4.295765;4.640925;4.4079437
2024-07-01;4.0;6.5870447;4.8080187;4.043189;4.915925;4.70211;6.073385;6.0484457
2024-07-02;5.0;5.57388;6.3460255;4.6665454;4.7013364;4.670753;4.90946;5.0197735
2024-07-03;8.0;6.19675;6.4097667;5.2325745;5.304803;5.339051;6.2439218;6.2876415
2024-07-04;4.0;6.1904473;5.621085;4.709037;4.9851675;4.43246;5.439944;5.3097124
2024-07-05;4.0;5.895042;7.293878;5.565502;5.341665;4.875105;5.547632;5.2803965
2024-07-06;4.0;4.430007;5.73389;5.2247496;4.346549;3.1603665;3.6911979;4.1145496
2024-07-07;2.0;4.7525835;6.2851067;4.97797;4.837719;3.2286034;3.875838;3.9213853
2024-07-08;7.0;5.167825;6.008983;5.0143213;4.50449;3.7879252;4.552727;4.550947
2024-07-09;11.0;5.377916;4.6928706;4.3377614;4.1458054;4.2753716;4.6488113;4.149694
2024-07-10;7.0;5.9186563;5.290538;4.5519867;4.7811246;4.6340766;5.147468;4.967849
2024-07-11;6.0;4.884248;5.693417;3.9780204;4.1061516;3.700105;4.9611177;4.842234
2024-07-12;3.0;5.6508317;5.3230276;4.3325095;4.3972273;5.2096934;5.5595737;5.3159356
2024-07-13;5.0;5.364434;5.404938;4.970313;4.6029015;5.094015;5.903081;6.023583
2024-07-14;6.0;3.8415458;3.3158798;3.1860607;2.8496356;3.4282818;4.0535173;4.13075
2024-07-15;6.0;3.9941697;3.5554895;3.0272918;3.128667;3.396944;3.6109383;3.4775038
2024-07-16;4.0;4.3504057;3.2211368;3.4304006;4.3998084;4.3390074;4.650443;4.6579447
2024-07-17;12.0;4.033131;3.7943432;3.829379;4.095167;3.655704;4.2506843;3.7012897
2024-07-18;3.0;5.263271;4.846126;4.647277;4.737339;4.5180297;5.035277;5.010015
2024-07-19;9.0;6.21084;5.0580215;5.4191465;5.6150784;5.6187053;5.980127;5.2232165
2024-07-20;4.0;4.1313972;4.934766;4.8342514;3.5173702;3.3920238;3.657787;3.816997
2024-07-21;4.0;4.73581;5.462571;5.517738;5.257283;4.5190644;4.3780394;4.63369
2024-07-22;11.0;5.1708684;4.648367;4.665734;4.636126;5.02079;5.082212;5.167913
2024-07-23;2.0;5.498645;4.574945;4.7274985;4.885105;5.3053284;4.9803166;5.1602817
2024-07-24;1.0;5.033146;4.9980464;5.5520363;5.704958;4.8491893;5.3932614;5.975325
2024-07-25;2.0;5.1376348;5.361254;5.892576;5.548487;5.8980913;5.7627864;6.3699346
2024-07-26;4.0;4.399699;3.6204176;3.8226902;3.164578;3.6640837;4.052296;4.0357013
2024-07-27;6.0;4.675759;3.7863367;3.5511353;3.8962457;3.9710858;4.213828;4.2710557
2024-07-28;3.0;4.205135;5.6024003;4.903741;4.273548;4.1607256;4.4427524;4.666184
2024-07-29;6.0;4.971443;4.5283694;3.80879;2.480261;2.0608587;2.551832;3.2742908
2024-07-30;8.0;3.5084596;4.3176827;3.7526903;2.81852;2.6946185;3.1404796;3.597373
2024-07-31;16.0;5.3847995;7.4479413;7.88894;7.323004;7.499895;8.119816;8.573402
2024-08-01;23.0;10.134915;15.384109;16.345503;15.1842785;15.524197;13.499071;13.442511
2024-08-02;17.0;6.5049157;10.835836;11.283299;10.272219;10.96098;9.360622;8.474818
2024-08-03;8.0;5.555428;6.0915666;5.352649;5.415268;4.8397355;5.7217255;4.986772
2024-08-04;12.0;5.6347966;7.4734874;6.6857467;7.442262;6.773913;7.1037426;7.4354005
2024-08-05;10.0;5.525919;6.6558704;7.246256;6.691714;7.313603;7.2450657;6.828524
2024-08-06;10.0;5.0850983;3.4049308;3.0976233;3.2652376;4.066376;3.6854684;3.986451
2024-08-09;9.0;5.3894687;5.0749936;6.4895525;6.050503;5.9534197;6.124601;5.986779
2024-08-10;9.0;5.493871;4.7634892;5.6483245;6.0130243;6.048483;6.52162;5.831188
2024-08-11;7.0;5.058308;4.14242;4.269742;3.918063;4.284735;4.7916403;4.988468
2024-08-12;6.0;5.32211;4.458377;4.3636813;4.65863;4.380667;4.220642;4.419683
2024-08-13;6.0;5.7203965;4.2682724;3.973577;4.0545564;4.225157;4.435846;4.2456408
2024-08-14;8.0;4.9468718;4.389943;4.2994123;4.3537946;4.35989;4.364719;4.2441854
2024-08-15;2.0;4.5853844;4.396466;4.7450376;4.370854;4.594508;4.5110335;4.264592
2024-08-16;3.0;4.8803983;5.2324195;5.3178077;5.296436;4.788064;5.089923;4.9325857
2024-08-17;6.0;5.510401;5.238326;5.1227574;4.930258;5.080653;4.9992776;4.8738585
2024-08-18;9.0;4.7012887;5.654082;5.277795;5.205463;4.993761;5.0820475;4.885327
2024-08-19;2.0;5.430935;4.822382;4.3984594;4.801855;5.7588787;5.5727754;5.530986
2024-08-20;3.0;5.399536;4.826743;5.179433;5.1320505;5.1762214;5.2663693;5.1239104
2024-08-21;2.0;5.373138;5.2893624;5.226941;5.644755;4.752859;5.1242485;5.332849
2024-08-22;7.0;4.781751;5.4346805;5.7850194;5.9405766;4.9460783;4.7957726;4.565578
2024-08-23;6.0;5.0954022;4.142537;4.1135683;4.189348;4.8615675;4.412842;4.7052026
2024-08-24;4.0;4.6371703;3.718703;3.7717156;3.928633;4.0389104;3.7446868;3.5368328
2024-08-25;6.0;4.2338586;4.1699357;4.0481524;3.777788;3.5889306;3.673436;3.6943328
2024-08-26;11.0;5.1777816;4.993852;4.602877;4.9010096;5.123465;5.3702903;5.183937
2024-08-27;4.0;4.441307;4.986602;5.1693296;5.1824093;4.705201;5.044227;5.179756
2024-08-28;4.0;5.237652;3.9704332;4.0379343;4.1939015;4.7150745;5.158178;5.0250216
2024-08-29;8.0;4.930761;3.8887908;4.1370516;4.2853513;4.4498773;4.795881;4.821636
2024-08-30;4.0;4.7550397;4.413796;4.4885764;4.9948435;4.5430803;4.9219623;4.603448
2024-08-31;9.0;4.9762225;5.288983;4.9643316;5.1086087;4.363989;4.730991;4.7311325
2024-09-01;4.0;4.757547;3.7767866;3.9429803;3.9570632;3.8734818;3.8632526;4.0064926
2024-09-02;5.0;5.239839;4.571173;4.4772263;4.16603;5.1433897;4.587922;4.565297
2024-09-03;6.0;4.883351;3.2879055;3.4455884;3.8863988;4.2074842;4.3466363;4.441417
2024-09-04;11.0;4.7846236;2.9821112;3.3549757;3.6415021;4.152806;4.020683;4.022769
2024-09-05;4.0;4.9517226;4.769229;4.6203814;5.3354487;5.19811;5.144782;4.921988
2024-09-06;9.0;5.0569305;3.8238301;3.5582604;4.005255;4.1456795;4.485096;4.6717443
2024-09-07;4.0;4.3297405;3.7166343;3.6231592;3.875663;4.2970767;4.2322736;4.0955334
2024-09-08;1.0;4.3573475;4.197827;4.3513565;4.081687;3.9706678;4.2415013;4.1018124
2024-09-09;6.0;4.768139;4.6651516;4.6105986;5.159134;4.8229003;5.0382857;5.4179935
2024-09-10;5.0;4.883938;4.180239;4.1417546;4.5500374;4.153544;3.992335;4.4214644
2024-09-11;3.0;4.846074;4.181844;4.0577197;4.516;4.2443686;3.7979705;4.0057383
2024-09-12;2.0;4.923488;4.7413745;4.294281;4.8387027;4.3418827;4.670571;4.7679276
2024-09-13;7.0;4.5277786;3.7422237;3.9995322;4.4046717;4.6245646;4.6076703;4.6407466
2024-09-14;10.0;4.6033697;4.5045547;4.2235727;4.4864435;4.6355796;4.4711933;4.1763916
2024-09-15;4.0;4.8123198;4.3103642;3.7701352;3.441213;4.168777;4.0170217;4.0436797
2024-09-16;8.0;6.33284;4.592468;3.7838213;4.4787164;4.531648;3.6620874;4.0911555
2024-09-17;1.0;4.4485908;4.6483717;4.2175026;2.7506895;3.3953137;3.2702572;3.77594
2024-09-18;1.0;4.5223784;6.932186;7.959292;6.78818;7.373004;7.085903;7.7271113
2024-09-19;6.0;4.20737;7.146784;7.4186444;7.9245214;7.5926495;6.1937704;6.3165092
2024-09-20;2.0;4.24147;3.8766854;4.154601;4.4203467;4.2006125;4.004612;3.9196892
2024-09-21;6.0;3.7728934;3.6586154;3.686234;4.181394;3.9233742;3.4946952;3.517457
2024-09-22;3.0;4.451209;4.143688;3.9081435;3.7603755;3.7311728;3.7618217;3.8371804
2024-09-23;3.0;4.347494;4.631649;4.2316422;4.448012;4.416116;4.423748;4.021606
2024-09-24;2.0;4.3819566;3.8076844;3.6586273;3.7475479;3.629076;3.9459937;3.9811351
2024-09-25;6.0;4.555628;3.292938;4.3865933;3.8693972;4.0051875;3.7728155;3.645544
2024-09-26;1.0;4.6425576;5.1622763;5.430652;5.311634;4.660977;5.0949044;4.801199
2024-09-27;4.0;4.469217;3.9935539;4.3912826;3.8911755;4.5405545;4.1967435;4.2978606
2024-09-28;3.0;3.6931312;3.2163987;3.641495;3.9386404;3.2918293;2.8228574;3.095392
2024-09-29;4.0;3.4690294;3.1234558;2.8676677;2.5809538;2.7248917;2.6892347;2.5326707
2024-10-02;1.0;4.792205;3.6684916;4.192943;4.200004;4.6209707;4.7292905;4.5499463
2024-10-03;4.0;3.8277647;4.222725;4.248505;3.9676359;3.6644402;3.9344306;3.8727782
2024-10-04;5.0;4.4628386;3.7305508;4.2889004;4.1457715;4.578614;4.058963;3.7429352
2024-10-05;5.0;3.8583834;3.4478505;3.2485876;3.6125658;3.1396003;3.1699512;3.1032574
2024-10-06;4.0;3.2978933;3.463338;3.1477978;3.0540495;3.0921006;2.8604167;3.139913
2024-10-07;5.0;3.6050148;3.730134;3.453072;3.4549425;3.3211906;2.3802404;2.7485228
2024-10-08;2.0;3.5325966;3.7955322;3.5714507;3.8101401;3.361926;2.8925545;3.0258238
2024-10-09;2.0;3.3627052;3.6314967;3.2784138;2.9294703;2.7958674;2.1926107;2.276795
2024-10-10;1.0;4.339293;4.227873;4.380666;4.2313514;4.345771;3.9995553;4.2512746
2024-10-11;4.0;4.3070703;4.839183;4.3769627;4.623083;4.329453;4.0093884;3.9577594
2024-10-12;5.0;4.189698;3.4854174;3.5097325;3.347029;3.2143228;3.3450897;3.286284
2024-10-13;6.0;3.7800918;3.991461;3.8945072;4.018369;4.013106;3.360235;3.6857448
2024-10-14;2.0;3.9137576;4.0044255;3.9590266;3.9039865;3.7678154;3.4031224;3.4924216
2024-10-15;5.0;3.9140556;3.5454016;3.3488197;3.365524;3.5;3.3425996;3.5332994
2024-10-16;2.0;3.989889;4.237842;3.9900768;4.2036567;3.815213;3.777963;4.238959
2024-10-19;5.0;3.6854067;3.6265376;3.3779986;4.173893;3.3124332;3.7358644;3.5310543
2024-10-20;6.0;3.8489625;3.6783557;3.8019216;3.8626835;3.6776924;3.90002;3.8918302
2024-10-21;1.0;4.0831723;3.9866421;3.9079382;4.0309076;4.2554417;4.1563597;4.2052455
2024-10-22;1.0;3.7984333;3.584707;3.775471;3.986471;3.9049606;3.4277685;3.2493746
2024-10-23;3.0;4.147251;3.8880854;3.5092428;3.8105214;3.6241498;3.8778963;3.9357176
2024-10-24;4.0;3.411029;3.8558419;3.7012675;3.2566476;3.0207326;3.109767;3.1588514
2024-10-25;2.0;4.0832834;4.51343;4.5094285;4.5404015;4.7815185;4.2631803;4.341783
2024-10-26;2.0;4.2667704;3.8587992;3.5763307;3.9148521;3.690872;3.4775386;3.630696
2024-10-27;0.0;3.9353342;3.720322;4.2564955;4.209332;3.6983893;4.0599527;4.075441
2024-10-28;2.0;4.404337;3.4579408;3.469397;3.3640978;3.37319;3.4305918;2.9894779
2024-10-29;4.0;4.1863;3.9588816;4.013945;3.6477435;3.6220982;4.149414;4.6468616
2024-10-30;3.0;4.3034563;4.3161345;4.5443897;4.7589755;5.236499;4.529416;4.4609947
2024-10-31;2.0;3.7720695;3.1619606;3.257317;3.6973732;3.3300724;3.375947;3.2827752
2024-11-01;8.0;4.575252;3.7205243;3.963382;3.833659;4.38499;4.151093;4.2175574
2024-11-02;6.0;4.074213;3.1414046;3.680949;3.843214;3.925238;4.1591797;4.1651707
2024-11-03;3.0;3.7163649;3.6571622;3.9633667;3.765573;3.411861;3.4579136;3.205013
2024-11-04;4.0;4.357613;4.037183;3.930572;3.9249742;3.9824877;4.195094;4.1847134
2024-11-05;6.0;3.9404178;3.9340057;3.7377052;3.6905434;3.7027917;3.5154428;3.5300374
2024-11-06;5.0;4.5490665;4.3688927;4.0587516;4.0804605;4.1044316;4.4511266;4.2775793
2024-11-07;1.0;4.2205443;4.8271317;4.586443;4.376672;4.188985;4.305977;4.2587104
2024-11-08;5.0;5.021129;4.2069826;5.075598;5.274429;4.88338;4.9474645;5.0482802
2024-11-09;5.0;3.9000006;3.3558695;3.2047386;3.6282928;3.2849498;3.3997152;3.3711245
2024-11-10;2.0;3.8849392;3.9948366;4.0275993;3.848789;3.7624707;3.5287366;3.6782167
2024-11-11;3.0;4.3931446;3.9920032;3.8713887;4.2454376;3.9203331;3.8617578;3.9925952
2024-11-12;12.0;4.14037;5.7637053;5.2736206;4.8794227;4.710383;4.5442405;5.215258
2024-11-13;3.0;4.4684305;4.6620617;5.2227473;4.8175845;5.2183075;5.5652814;5.1960335
2024-11-14;4.0;3.9745429;3.9999022;4.389848;4.05102;4.1822352;4.334068;4.490414
2024-11-15;6.0;4.4126;3.975259;4.0380244;4.227594;4.3548665;4.4080276;4.454849
2024-11-16;10.0;5.098167;3.8278265;3.590969;3.883875;3.5971935;3.9324594;4.0591693
2024-11-17;0.0;4.331714;4.0459213;3.6659644;3.3819168;4.136946;3.4941885;4.4676447
2024-11-18;3.0;4.4173455;4.2616687;4.30658;4.045087;3.9236944;3.870672;4.207872
2024-11-21;3.0;5.141386;4.6299334;4.5524263;4.811011;5.1149974;5.1494184;5.2876415
2024-11-22;7.0;4.8844295;3.7195768;3.2959428;3.4709268;4.2056437;4.2124596;4.559043
2024-11-23;2.0;4.580073;3.7837927;4.376238;4.6653085;4.049795;4.7585354;4.37516
2024-11-24;5.0;4.4645157;3.1573272;3.330611;3.1866467;3.6730425;4.0702806;4.0997877
2024-11-25;10.0;4.287677;3.8217611;4.0822644;4.3904495;4.410893;4.435712;4.442277
2024-11-26;7.0;4.8809147;2.9563305;3.3517218;3.866317;3.7246869;4.78814;4.796943
2024-11-27;6.0;4.82951;4.568739;4.5790634;4.3161893;4.791355;4.737187;4.815843
2024-11-28;4.0;4.985106;5.3017244;4.6672516;4.8058853;5.271398;5.182334;5.1837206
2024-11-29;5.0;4.5775795;4.7225156;4.4630513;4.213773;4.6033072;5.1809306;4.775324
2024-11-30;7.0;4.110151;4.8195667;4.4733815;4.2705436;4.414387;3.9566457;4.1984105
2024-12-01;6.0;4.4495506;4.7452245;5.4292197;4.836665;5.015607;4.925941;4.4995885
2024-12-02;10.0;4.6910567;5.276516;4.451041;3.975421;4.604505;4.2647824;4.4711785
2024-12-03;1.0;4.6933603;4.2870765;3.17003;3.249952;4.132012;4.638864;4.215057
2024-12-04;2.0;4.797045;4.1790447;4.113949;4.6809125;4.290577;4.7822547;4.621762
2024-12-05;3.0;5.4558554;4.624342;5.3113704;5.1766887;5.3605294;5.189658;5.2935653
2024-12-06;4.0;5.856167;5.171768;5.248615;5.5047455;5.7573023;5.9843106;6.0515275
2024-12-07;5.0;5.2808623;5.1425443;4.1752224;4.2555466;4.463383;5.0883884;5.1152644
2024-12-08;8.0;5.40709;5.4674;4.6133747;4.045609;4.319398;4.633616;4.665744
2024-12-09;3.0;5.328135;4.980463;4.3015957;4.6791544;5.047223;5.4794807;5.275484
2024-12-10;4.0;5.0633345;5.9729204;5.472702;5.236873;5.312212;5.2025213;5.372069
2024-12-11;7.0;5.487314;6.033453;6.276682;5.423532;5.799772;5.753831;5.9266367
2024-12-12;5.0;5.2794943;5.776669;5.047251;4.676395;4.7605824;4.60023;4.711646
2024-12-13;9.0;5.4886336;5.729776;6.140918;6.1613693;6.032803;5.842265;6.1161966
2024-12-14;11.0;6.7148695;6.232704;5.93496;5.836634;6.49602;6.7100754;6.4999075
2024-12-15;3.0;4.9817386;4.258933;4.167027;3.587308;4.24287;4.5852537;4.069313
2024-12-16;6.0;5.376265;3.720235;4.2020373;4.501456;4.6733375;4.94849;4.755034
2024-12-17;3.0;5.078845;5.118294;5.471107;5.766769;5.4913793;4.9981904;4.9968624
2024-12-18;4.0;5.532725;5.8055186;5.538891;5.4008164;5.48209;4.967542;5.3144417
2024-12-19;5.0;6.265101;6.694811;6.1831317;6.1219363;6.1402936;6.3159375;6.5138807
2024-12-20;11.0;5.886117;6.033216;5.7743263;5.9684725;5.6953664;6.00026;5.729481
2024-12-21;8.0;6.16263;6.224592;5.43283;5.929514;5.6807985;6.293871;5.616346
2024-12-22;4.0;8.101666;6.7672634;7.1767116;7.2679105;7.2161736;7.8616023;7.914432
2024-12-23;9.0;5.331984;6.789443;6.163921;6.657339;6.059368;5.924335;6.469837
2024-12-24;11.0;7.385571;6.734723;7.0121813;7.012175;6.8377852;6.517338;6.5879455
2024-12-25;5.0;6.26794;5.126781;4.7539644;5.078535;5.5591793;5.4741383;5.5397477
2024-12-26;5.0;6.031236;5.2543755;5.7256017;5.7001495;5.445787;6.0530744;5.8874846
2024-12-27;5.0;6.549766;5.414303;6.0870757;6.3082213;5.583263;5.805948;5.814148
2024-12-28;1.0;6.4675255;6.09489;6.344303;6.240595;6.311586;6.1853633;5.9231105
2024-12-29;6.0;5.208781;4.904312;4.8921804;4.459388;4.5565424;4.7884645;4.8002214
2024-12-30;9.0;6.85111;4.809463;5.0225244;4.882769;6.438556;5.9608793;5.579391
2024-12-31;8.0;8.182491;6.4573407;6.788126;6.950203;6.810317;6.392684;7.059437
2025-01-01;7.0;7.2854724;7.3391614;5.9548287;6.843849;7.3196244;7.132819;7.237821
2025-01-02;8.0;8.065709;6.916515;6.742334;7.19637;7.347152;7.2300625;7.6934075
2025-01-03;7.0;6.242983;6.2215743;5.8003902;6.282649;5.851558;6.219659;5.744825
2025-01-04;3.0;6.8115773;6.423488;6.494229;6.8096676;6.2401705;6.265503;6.1145463
2025-01-05;7.0;5.2939234;4.9742603;5.2514176;4.831122;5.3705792;5.241161;4.8149405
2025-01-06;11.0;5.984746;5.335448;5.5624127;5.2971325;4.4392314;4.594226;4.588093
2025-01-07;5.0;6.391433;4.2714267;4.664941;4.876985;4.6685066;5.0183244;4.7875667
2025-01-08;5.0;5.6174865;5.12558;5.4879293;5.5902615;5.339084;5.278591;5.6093698
2025-01-09;4.0;6.416435;4.9231205;5.429062;5.429203;5.459469;5.8587084;5.8532023
2025-01-10;3.0;7.5256143;5.4990163;5.890131;6.1982756;7.0265713;7.527181;7.7602134
2025-01-11;8.0;7.6450515;5.9303865;5.3716335;5.542982;5.860696;6.7862544;6.681443
2025-01-12;7.0;5.8470826;5.8826485;5.391891;4.824785;4.3470697;5.460764;5.344285
2025-01-13;4.0;6.6898346;4.559614;4.432821;5.4839263;6.2677193;6.2456055;6.33152
2025-01-14;10.0;6.6529794;4.13368;3.5511813;3.897462;5.3089952;5.3880796;5.207941
2025-01-15;2.0;5.438553;4.681462;4.7360387;4.480737;4.7543826;5.02445;4.9146013
2025-01-16;5.0;5.1741266;5.58357;6.4148765;6.361264;6.082661;6.339922;6.4513674
2025-01-17;7.0;6.7008615;6.7571945;7.856791;7.0828323;6.9053874;6.920282;6.7325234
2025-01-18;6.0;5.6968293;6.9425673;6.349424;5.2455163;5.332225;5.187496;5.1344614
2025-01-19;5.0;6.6347303;6.124065;6.005689;5.503829;5.1283026;6.5241113;6.163645
2025-01-20;6.0;5.7571993;6.1250167;5.745213;5.449624;5.8878236;6.186676;5.5232735
2025-01-21;6.0;5.7690535;5.3200626;5.836835;5.975145;5.2017856;5.350144;5.2646837
2025-01-22;3.0;5.527865;5.619692;5.802808;5.3568215;5.5944057;6.107485;5.951188
2025-01-23;3.0;6.472556;5.3739266;5.1810913;4.981777;5.6161337;5.3243666;5.4137206
2025-01-24;2.0;7.1240063;6.0914536;7.1065955;6.4683957;7.1655526;7.6201825;7.8541093
2025-01-25;11.0;6.2110825;6.5828347;5.7883825;5.8871593;5.6254387;6.121074;5.8106394
2025-01-26;3.0;5.139813;6.280887;6.8480697;5.7719774;5.3632073;5.0525618;5.2367306
2025-01-27;3.0;5.640406;7.170267;8.421016;8.386272;8.269866;7.627446;7.9868016
2025-01-28;7.0;6.85986;7.1060114;8.728208;9.132554;8.105266;7.3962436;7.973682
2025-01-29;3.0;5.810082;6.4727564;6.2767706;5.6111712;5.5488305;5.500215;5.346314
2025-01-30;4.0;5.0352316;4.275107;4.9736743;4.638943;4.595603;4.8012376;4.8152814
2025-01-31;2.0;5.2922173;5.923142;5.8079066;5.8976364;5.078882;5.339827;5.205636
2025-02-01;9.0;5.888223;6.046768;5.6752133;6.1115766;5.9849997;5.9852495;6.513055
2025-02-02;8.0;5.384631;5.049993;5.449449;5.002065;5.912713;6.231979;5.631891
2025-02-03;5.0;5.57107;4.827304;4.7527466;5.0747933;4.695252;5.368538;5.542304
2025-02-04;5.0;5.654729;5.2226133;5.820321;5.785585;5.9738255;5.8405614;6.135482
2025-02-05;10.0;4.757017;4.052934;4.0216703;3.7776153;3.6901963;3.782492;3.6927037
2025-02-08;10.0;5.7116504;5.723274;7.129417;7.366446;6.351066;6.593215;7.5079536
2025-02-09;13.0;5.6564584;5.927918;6.555105;7.2416306;7.044244;7.8715916;8.670354
2025-02-10;1.0;7.2887354;5.7893047;6.4737973;5.8411984;5.5987415;5.816244;5.925076
2025-02-11;4.0;6.6344786;6.9557314;8.050373;8.3206215;7.9235663;7.4916353;8.130795
2025-02-12;2.0;5.6368756;5.238738;6.1904836;6.343877;6.6231694;6.110901;5.9336276
2025-02-13;5.0;5.1373982;5.3069215;4.5589123;3.992994;4.876407;4.8283033;4.9066677
2025-02-14;12.0;5.877997;5.8732862;6.062756;5.388398;6.5159655;6.5160956;6.0325265
2025-02-15;6.0;5.778667;5.0994654;5.7201;5.3022137;5.5987973;5.1671247;5.12315
2025-02-16;6.0;5.2025166;6.1368895;6.222271;5.621865;6.0518003;5.8852973;5.745761
2025-02-17;4.0;6.1888604;5.343138;5.9190803;5.439153;5.8464017;5.434881;5.1944094
2025-02-18;4.0;5.829584;5.336809;5.4245625;5.5380406;5.7139406;5.7247643;5.503594
2025-02-19;3.0;6.0006256;4.5474186;4.346356;4.474809;5.3758035;5.5197825;4.8809557
2025-02-20;3.0;4.846952;4.235462;4.1459103;4.162767;4.413109;4.4169474;4.1663437
2025-02-21;2.0;5.840351;4.373844;4.856167;4.7564125;5.470636;5.5667357;5.504336
2025-02-22;4.0;5.334956;4.4449;4.2247195;4.1863375;4.707589;4.740266;4.6231184
2025-02-23;2.0;4.674701;4.3330426;4.3187895;3.9616716;4.4498754;4.122686;3.9992535
2025-02-24;5.0;4.9661684;4.8078766;4.4591904;4.268714;4.4943285;4.1467013;4.11877
2025-02-25;7.0;5.6386185;6.3318586;5.7603793;5.811958;6.154473;5.885319;6.0041146
2025-02-26;7.0;5.227998;5.7094407;5.7719765;5.0377245;4.664235;4.8203435;4.7965927
2025-02-27;11.0;5.2796073;4.772592;4.431154;4.47828;4.0032387;4.4584947;4.6265583
2025-02-28;7.0;6.060398;4.9381657;5.537129;5.6661525;6.0829687;6.1700053;5.610192
2025-03-01;3.0;4.5500565;4.7962346;4.4071975;4.8254886;4.778303;4.765134;4.2361445
2025-03-02;6.0;4.4245777;4.136731;4.2103143;3.9497433;4.425252;4.1412883;4.16134
2025-03-03;5.0;5.668586;4.9428134;4.9613023;5.1423125;5.6568193;5.648157;5.87024
2025-03-04;6.0;5.284873;4.6575985;4.796795;4.8827176;4.7701297;4.3971744;4.5471787
2025-03-05;6.0;5.4594083;5.0241413;5.3802185;5.58496;5.29693;5.285386;5.32974
2025-03-06;12.0;5.478282;5.7588387;6.005008;5.7835917;6.3872313;6.185482;5.971809
2025-03-07;2.0;7.1324944;5.9416018;6.389931;5.540122;5.509406;5.5828667;5.890666
2025-03-08;4.0;5.3474336;7.638369;7.417145;7.3710475;7.0293713;6.765531;6.5247974
2025-03-09;6.0;6.7106476;6.117332;6.735033;7.401608;7.147466;6.9619207;6.8050127
2025-03-10;17.0;5.282693;5.900908;4.6866493;4.351152;4.0843387;4.8828735;4.789971
2025-03-11;4.0;6.189802;6.0492244;6.7621317;6.6873813;6.866904;6.7304783;7.918819
2025-03-12;9.0;5.337537;5.781173;5.4209166;5.47704;4.639579;4.5524845;4.747256
2025-03-13;4.0;4.93816;6.3453465;6.6781664;5.94091;6.259863;7.483916;7.055585
2025-03-14;8.0;6.3858786;5.3805814;5.448155;4.9685173;6.0839486;6.079828;5.9730043
2025-03-15;1.0;5.3293014;4.993346;5.030856;5.061032;5.2033486;5.0166044;5.277134
2025-03-16;4.0;5.3113136;4.7887425;4.8877597;4.5508666;4.919568;4.838549;4.838602
2025-03-17;6.0;5.223023;5.0401764;5.4190683;5.4825406;5.9336677;5.3974547;5.0173774
2025-03-18;10.0;6.0987744;4.747415;4.975735;4.977892;5.3402715;5.1303935;5.3058395
2025-03-19;8.0;5.236111;5.6582494;5.257056;5.3008585;5.5680943;5.2882953;5.2812014
2025-03-20;5.0;6.1356792;5.7226353;5.8384833;5.786918;6.190224;5.9717712;5.399649
2025-03-21;4.0;6.0552425;6.387757;6.780449;6.906766;6.737796;6.7991323;6.7747245
2025-03-22;5.0;5.7363696;5.4138265;5.350029;5.6636434;5.47327;5.7064643;5.4447117
2025-03-23;11.0;7.298187;8.64727;7.201702;7.1175065;8.554836;8.479853;8.003589
2025-03-24;16.0;6.3790016;8.136734;6.893516;7.398482;7.8478327;7.544677;7.2508874
2025-03-25;10.0;6.0528035;7.186996;6.705859;6.8680105;6.8366566;7.1973653;7.165844
2025-03-26;11.0;6.9126453;7.7780037;7.0714617;7.3724375;6.9652166;6.916843;7.265995
2025-03-29;7.0;5.67842;6.6112804;6.3915725;7.7729793;7.309903;6.787803;6.8023267
2025-03-30;5.0;5.2924504;6.76855;6.9143996;5.467662;4.726373;4.4820127;4.682554
2025-03-31;2.0;5.875056;5.7652445;5.3241754;5.4489927;5.628391;5.4287996;5.437348
2025-04-01;3.0;6.006919;5.643858;5.3776274;5.635192;6.070344;5.968329;5.454629
2025-04-02;2.0;5.543818;5.8093896;5.477243;5.4897594;5.3322477;5.3995886;5.138084
2025-04-03;5.0;5.501708;5.418654;5.2653117;5.520553;5.102959;5.408598;4.5644536
2025-04-04;2.0;8.059983;5.3818636;5.4529996;5.8030915;6.3038626;6.5739703;6.5125175
2025-04-05;9.0;5.577507;5.450483;5.619092;4.722674;4.970671;5.0433073;5.309745
2025-04-06;7.0;5.0303326;5.387682;5.323341;4.959517;4.56881;5.0730524;4.785056
2025-04-07;5.0;5.639204;5.3267393;5.3669195;5.232261;5.1516914;5.128104;4.7045207
2025-04-08;4.0;5.403007;5.273383;4.991897;5.374206;4.739055;5.0230665;4.7716317
2025-04-09;5.0;5.3565373;5.3108974;5.1589437;5.1377664;4.6995516;4.8726783;4.738393
2025-04-10;3.0;5.406846;5.01643;4.9303355;5.1782427;4.745207;4.714518;5.0095344
2025-04-11;5.0;5.1602364;5.924069;5.5988674;5.3158174;5.5257535;5.570749;5.264597
2025-04-12;4.0;4.697221;5.623981;5.26484;5.1752615;4.747235;4.549601;4.741554
2025-04-13;6.0;4.437776;4.9964614;4.867355;4.404832;4.610158;4.4217234;4.2286634
2025-04-14;1.0;4.715464;5.11591;5.2072887;5.295972;4.866393;5.0877967;5.0915966
2025-04-15;2.0;4.7641573;4.595301;4.5232377;4.8333144;4.5776114;4.7357574;4.6929817
2025-04-16;6.0;4.782126;4.5655994;4.5020957;4.437466;4.8582478;5.0188646;4.768626
2025-04-17;7.0;4.7232018;4.7537704;4.825068;4.695487;4.838447;4.8381605;4.7577987
2025-04-18;3.0;5.3804216;4.7645106;4.7609186;5.001501;5.5180087;5.7005444;5.51271
2025-04-19;1.0;5.2627726;5.0157723;5.2598534;5.1567;4.5646586;5.047391;4.9994082
2025-04-20;3.0;4.3340235;3.8863144;3.9411907;3.8409426;3.639407;3.7408762;3.7419248
2025-04-21;5.0;4.819936;4.899322;4.7684107;4.7338853;5.000654;5.6885195;5.586272
2025-04-22;6.0;4.6917424;4.7472525;4.897937;4.8153524;4.9879484;4.7786207;4.836801
2025-04-23;3.0;4.144286;4.86204;4.5524645;3.9442246;3.7562144;4.8788953;5.08213
2025-04-24;4.0;3.8055787;5.163923;4.560292;3.9839172;3.9468222;3.7414134;3.6953363
2025-04-25;11.0;4.023205;4.6464868;4.365789;3.404537;3.731303;3.6852517;3.6249554
2025-04-26;3.0;4.1152477;4.2461267;3.9624145;4.1696434;4.082642;4.0314574;3.9292688
2025-04-27;7.0;4.30325;4.789892;4.346529;3.957832;3.8853793;3.9423368;4.174371
2025-04-28;2.0;4.592581;3.8273907;3.6764133;4.0373235;4.948335;4.4201674;4.5277553
2025-04-29;2.0;4.209315;3.9468853;3.9786305;3.9440694;3.9069626;3.8570573;3.8230069
2025-04-30;7.0;4.4975758;4.313918;4.237451;4.2381015;4.2605195;4.348889;4.2906294
2025-05-01;5.0;4.478906;5.223085;5.1616383;5.02163;4.9198666;4.7508445;4.669456
2025-05-02;3.0;4.930437;4.891713;4.869203;4.812587;4.900103;4.58341;4.56904
2025-05-03;5.0;4.4855714;4.511158;4.463003;4.551583;4.2452474;4.370296;4.324139
2025-05-04;6.0;4.372351;4.5120034;4.635084;4.388805;3.9908953;3.9252524;4.0197964
2025-05-05;4.0;4.7462454;4.6506715;4.647316;4.6771417;4.8950744;4.8359265;4.534448
2025-05-06;4.0;4.8144217;4.5861597;4.3379693;4.8320985;5.485353;4.994327;4.814566
2025-05-07;3.0;4.2987185;4.573706;4.604901;4.8174853;4.5586605;5.498287;5.3671727
2025-05-08;9.0;3.3837757;4.27824;4.558277;4.0143905;3.3502436;3.517559;3.33785
2025-05-09;8.0;3.8988962;4.543184;4.620228;3.790218;3.740532;4.070877;3.6170928
2025-05-10;4.0;4.077862;3.8157322;3.893374;3.9226992;3.6833694;3.8195174;3.6039164
2025-05-11;5.0;4.2162995;3.934556;3.895679;3.9069035;3.8888066;3.9062371;4.074233
2025-05-12;5.0;3.9368563;4.611788;4.5174675;3.7222776;3.7567391;3.6313803;3.774431
2025-05-13;5.0;4.5887923;4.072763;3.7922657;4.0414386;4.0474997;4.2869616;4.4241533
2025-05-14;6.0;4.0519238;4.6488013;4.737578;3.1949751;3.3714101;4.094268;3.7713823
2025-05-15;2.0;4.46756;4.3236923;4.21581;4.472759;4.1536183;4.1766067;4.2181034
2025-05-16;3.0;4.743336;3.7890701;3.6539955;4.370302;4.6638265;5.0717945;4.7684445
2025-05-17;4.0;4.3258133;7.072372;7.6992207;5.9152126;5.464184;5.1031036;5.3862743
2025-05-18;5.0;4.454739;5.121698;5.115716;4.7368755;4.370781;4.9655695;4.884147
2025-05-19;5.0;4.2716737;4.6155586;4.3924828;4.7576838;4.7478695;4.6640315;4.3795133
2025-05-20;3.0;5.065115;4.236309;4.315166;4.6055665;5.142271;5.155654;5.040687
2025-05-21;7.0;4.864866;4.9920044;4.864107;4.171043;4.408275;5.293882;4.876657
2025-05-22;2.0;4.6520667;4.7668643;4.268888;4.562881;4.6087465;4.488971;4.499552
2025-05-23;5.0;5.0332255;5.802459;5.3408437;5.8825293;5.967392;5.9777017;6.08833
2025-05-24;1.0;4.8120203;3.4412282;3.6694686;4.0706716;4.0487185;4.3751173;4.078707
2025-05-25;2.0;4.7820206;6.014418;5.564949;5.6090684;4.9452653;5.215389;5.044116
2025-05-26;9.0;3.8586414;4.2989078;4.5997014;3.7388117;3.3251586;3.3586798;3.4923286
2025-05-27;7.0;4.5090117;4.410761;4.607904;4.969072;4.631754;3.9788296;4.2600403
2025-05-28;3.0;4.722604;5.2912283;5.2709045;4.832109;4.991047;4.875154;4.416262
2025-05-29;6.0;5.1889405;4.887506;4.866051;5.035684;5.0384455;5.018366;5.143027
2025-05-30;5.0;5.212504;4.443155;4.517977;5.029804;5.919669;5.4238763;5.2348194
2025-05-31;9.0;4.7060604;4.551906;4.4005113;4.650955;4.6900063;5.562019;5.221371
2025-06-01;4.0;3.9254508;3.6595054;3.8690226;3.1272824;2.994176;3.4139278;3.308323
2025-06-02;2.0;4.394434;5.770631;5.6355944;5.5117416;4.3879733;4.4377;4.4445486
2025-06-03;6.0;4.69756;2.9966323;3.2041564;3.7808452;4.006625;4.751774;4.689219
2025-06-04;4.0;4.3580256;4.5303802;4.733618;3.942056;4.3194;5.496519;5.2891564
2025-06-05;2.0;4.8977036;4.4697623;4.4779377;4.762652;4.7450485;4.9919662;4.875868
2025-06-06;4.0;4.721313;4.037069;4.257027;4.6605644;4.6627846;4.594914;4.61375
2025-06-07;2.0;4.674591;4.32584;4.62136;4.7396016;4.522848;4.9315658;4.9653726
2025-06-08;7.0;4.438124;4.67413;4.620506;4.691733;4.573595;4.535714;4.451918
2025-06-09;7.0;4.4358606;4.125345;4.5574355;4.7457743;4.3591785;4.69545;4.646409
2025-06-10;6.0;4.43839;3.6486578;4.0524516;4.846295;4.274694;3.9009547;4.058446
2025-06-11;12.0;4.591475;5.0083723;5.9927635;6.1447773;5.75556;6.0115256;6.227935
2025-06-12;6.0;4.7362523;3.941374;4.2430906;4.6329985;4.3403835;4.467528;4.797462
2025-06-13;4.0;4.8422446;3.9782748;4.1070337;4.3181577;4.8591933;5.4152913;6.030933
2025-06-14;16.0;7.609468;7.642884;8.1162815;8.074914;7.745755;7.982457;7.2436666
2025-06-15;23.0;10.501489;15.468703;16.428177;15.856862;15.4800825;14.672974;14.216981
2025-06-16;7.0;6.5496373;6.1540236;7.1382165;7.522964;7.3179026;6.748168;7.5775313
2025-06-17;6.0;5.6325674;7.108178;7.923553;7.7886276;7.880886;7.8615866;8.759898
2025-06-18;3.0;5.7291822;5.9141016;6.3353133;6.3041778;5.539718;5.670913;6.1737857
2025-06-19;11.0;5.133377;4.76362;5.438882;5.2682433;5.1856475;6.2151246;5.970681
2025-06-20;10.0;6.0604186;4.9036756;5.7876663;5.8819146;6.404591;6.221247;6.087598
2025-06-21;5.0;5.569341;4.555254;5.339533;5.1450815;5.3494525;5.16872;5.4649425
2025-06-22;3.0;5.015474;4.8487673;5.238673;4.4717903;3.8484108;4.4492645;4.365053
2025-06-23;4.0;5.3880253;4.7115374;4.563275;4.793289;4.8631315;4.4461164;5.169983
2025-06-24;5.0;5.481961;5.439727;5.3603506;5.903416;5.4189897;4.5750103;4.1813526
2025-06-25;5.0;5.387395;5.691104;5.3453608;5.7152357;5.5238204;4.9815407;4.866859
2025-06-26;6.0;5.545892;5.3918543;5.135765;5.312565;6.628172;5.5369897;5.7674985
2025-06-27;4.0;5.9930005;4.9179606;5.068627;5.4246864;5.509524;5.5514617;5.71641
2025-06-28;3.0;5.7109375;5.7720647;5.7709184;6.042591;5.380859;5.527922;5.5537615
2025-06-29;6.0;5.8953705;5.4287634;5.433896;5.6318474;5.044448;5.555842;5.7173195
2025-06-30;4.0;5.5906963;4.8138742;4.995196;4.5517325;4.529478;5.0569854;5.084558
2025-07-01;6.0;5.9819484;5.3639264;5.5990696;4.7838655;4.647446;5.031153;5.2995005
2025-07-02;6.0;5.7092032;4.606547;5.071768;4.5017567;4.911029;4.982028;4.906678
2025-07-03;5.0;5.791419;5.6179967;5.3505945;5.65685;5.273516;5.346859;5.038469
2025-07-04;7.0;6.0302715;4.797297;5.069551;5.155845;5.952328;6.2751174;5.9746184
2025-07-05;3.0;5.559667;5.153721;4.8727627;5.1341105;5.433307;6.202639;5.984893
2025-07-06;4.0;9.617594;6.9519963;7.704988;6.9862657;7.5198154;8.402008;6.846118
2025-07-07;3.0;5.513033;5.4373407;5.1836953;4.644019;4.299463;4.6579604;4.425089
2025-07-08;4.0;4.594599;5.985143;5.162338;4.7532954;3.9745264;4.122525;4.283195
2025-07-11;9.0;5.055823;5.781812;4.9922476;5.626377;5.576908;5.351683;5.6046824
2025-07-12;6.0;4.8247137;6.1742663;5.2372518;5.8647156;5.344854;5.7367473;5.401301
2025-07-13;6.0;4.2860193;5.429857;4.5064783;4.1056643;4.7209444;5.158387;5.147807
2025-07-14;3.0;4.972132;5.1671996;4.552426;5.0388823;4.75559;5.0913815;5.1817083
2025-07-15;4.0;4.9111996;5.177267;5.0682044;4.854565;4.561247;4.1358266;4.4147654
2025-07-16;7.0;4.573457;4.4010253;4.6080194;4.934749;4.933406;4.4554358;4.297318
2025-07-17;2.0;4.6832695;4.3692336;4.309977;4.7423306;4.6736994;4.2760243;4.410934
2025-07-20;5.0;4.360599;3.7198715;3.962463;3.974852;3.7627032;4.113041;3.90319
2025-07-21;10.0;4.3471274;3.7828329;3.826221;4.2633886;4.2123246;4.5714884;4.316623
2025-07-22;2.0;3.9425304;4.105201;4.2822943;3.7861433;3.5192363;3.7153218;3.9294982
2025-07-23;7.0;4.5845537;3.949284;4.064747;4.298747;4.197691;4.725078;4.7172084
2025-07-24;9.0;4.4519277;4.39427;4.4105487;5.093239;5.2111683;5.273381;5.3584876
2025-07-25;7.0;5.0486784;4.176393;4.338847;4.268112;5.086964;5.1371775;4.9811525
2025-07-26;6.0;3.717308;3.5792413;3.532102;2.8823903;3.481043;3.1921794;3.3129303
2025-07-27;3.0;3.3085642;3.1044848;2.9248838;2.2777064;2.4610465;2.4186404;2.5447931
2025-07-28;7.0;3.7430713;3.7657928;3.6927085;3.556384;3.6259103;3.7677956;3.742223
2025-07-29;4.0;4.3330464;4.6831174;4.871307;4.783726;4.3730874;4.443577;4.6739483
2025-07-30;5.0;4.7275686;4.5478544;4.0800657;4.076933;4.9241214;4.672256;5.377988
2025-07-31;5.0;5.184385;7.6284413;8.297862;7.662779;7.84412;7.769143;8.131926
2025-08-01;4.0;6.2100415;9.378229;9.919053;8.282779;9.845028;8.569006;9.841983
2025-08-02;4.0;5.556701;3.7044172;4.3261366;4.478;4.236948;4.3278937;4.323746
2025-08-03;4.0;5.4130645;4.263587;4.645739;4.4698014;4.4093537;4.7595906;4.8765826
2025-08-04;4.0;4.916307;4.561614;4.670173;4.9224043;4.3847666;4.7642574;4.200219
2025-08-05;3.0;4.3235993;4.722504;4.346644;4.6459846;4.871536;4.689538;4.279095
2025-08-06;4.0;4.05624;3.8340561;4.1976175;3.9620602;4.4991217;3.8271704;4.510138
2025-08-07;1.0;4.0068;4.264827;4.6180453;3.9272118;4.0048404;3.8837802;3.965563
2025-08-08;6.0;4.742385;3.7493625;4.2649703;4.100816;4.909904;4.948933;4.929915
2025-08-09;3.0;4.359465;4.293112;4.523286;4.9014716;4.566776;4.4530683;4.6842284
2025-08-12;7.0;3.6829362;3.9650426;4.148596;3.5334659;3.261478;3.412665;3.5898318
2025-08-13;1.0;4.351921;4.0567603;4.1302867;4.5268807;4.8037186;5.185283;5.164103
2025-08-14;3.0;4.8237634;3.676805;3.9979022;3.968744;4.4076624;4.07264;4.2464542
2025-08-15;4.0;4.7299647;4.367353;4.0582757;4.6127834;4.6638885;4.855387;5.060835
2025-08-16;2.0;4.788726;4.511208;4.4939194;4.559006;4.9088483;5.140036;5.0370836
2025-08-17;0.0;4.1511054;4.1387544;4.1481466;4.4837375;4.978691;4.707217;4.464144
2025-08-18;2.0;4.321006;3.7431078;4.1222467;3.9827802;4.139189;4.114139;4.154294
2025-08-19;4.0;4.57766;4.613567;4.568051;4.603594;5.4387746;5.2245717;5.2310047
2025-08-20;2.0;3.9270034;4.4185467;4.4658885;3.8818784;3.651243;3.6953814;3.3945913
2025-08-21;5.0;4.6342177;3.9933562;3.935788;4.484778;4.775569;4.2957215;4.2798567
2025-08-22;7.0;4.3504834;4.298068;4.4541616;4.2989545;4.3750257;3.900816;4.0304737
2025-08-23;5.0;4.5820904;4.1977177;4.2252216;4.2226577;4.4802904;4.1035094;4.0030365
2025-08-24;4.0;3.915073;4.165888;4.2113357;4.294945;3.8951097;3.5030046;3.4975295
2025-08-25;4.0;3.9046674;3.909298;4.0481043;4.295713;4.0817323;4.000616;4.0361
2025-08-26;3.0;3.9992437;4.0008564;4.288164;4.220106;4.3580403;4.198145;4.2604795
2025-08-27;5.0;4.0616612;3.9252002;3.987552;3.973934;3.7495904;3.8747833;3.9059045
2025-08-28;3.0;3.9594934;3.5662212;3.7412608;3.646522;3.9295433;3.7183492;4.0952916
2025-08-29;1.0;4.2600584;3.8265607;3.7503734;4.0251174;4.3541265;4.523499;4.2354636
2025-08-30;3.0;3.9085062;4.1411915;3.581047;3.9392974;3.7171524;3.7345855;3.8442655
2025-08-31;6.0;3.3125577;3.2540767;3.5920422;3.9205143;3.5973806;2.871118;3.041886
2025-09-01;2.0;4.0056496;2.9388013;3.17552;3.3860848;3.389233;3.7448;3.7858205
2025-09-02;6.0;4.1392837;4.055529;3.884709;3.9607253;3.9550087;4.20304;4.06777
2025-09-03;3.0;3.7821312;4.0870056;3.8255782;4.179738;4.1043386;4.123101;4.3121
2025-09-04;5.0;4.0004244;4.1139073;3.9003327;3.822431;3.6696591;3.9408755;3.973067
2025-09-05;2.0;4.351459;3.9501767;3.6984289;3.8098457;4.1757503;4.304491;4.087231
2025-09-06;6.0;3.8145285;3.7619731;3.6108272;3.586556;3.3997889;3.3614874;3.6035779
2025-09-09;6.0;4.2255826;3.824135;3.8989513;3.8613317;3.8951528;3.90365;4.033433
2025-09-10;8.0;3.6428316;3.3749154;3.6834247;3.796625;3.326797;3.721018;3.7408874
2025-09-11;3.0;3.3047478;3.6260407;3.4528985;4.2013817;3.8718708;3.3276048;3.6026115
2025-09-14;11.0;3.338825;3.5563877;3.807635;3.5161636;3.5679789;3.7103872;3.760055
2025-09-15;7.0;3.6287801;4.2987957;4.125023;4.1002746;4.1223464;4.167419;4.542554
2025-09-16;11.0;3.6853676;3.4339504;3.4226441;3.8023546;3.7325885;4.019568;4.4184494
2025-09-17;0.0;3.62755;3.5091567;3.8213553;3.7525764;3.9392095;3.9422975;4.136119
2025-09-18;4.0;4.0000567;3.9960914;3.692026;4.145778;4.0937247;4.4555726;4.498661
2025-09-19;3.0;4.306298;3.6811404;3.4216018;4.0711412;4.344189;4.5456905;4.2733173
2025-09-20;5.0;4.1325054;3.692493;3.6663089;3.4444835;3.6580424;3.3046346;3.905854
2025-09-21;2.0;3.885541;4.390486;3.750248;3.6389284;3.8664727;3.7194812;3.6486058
2025-09-22;5.0;3.4883747;3.3730488;3.3439615;3.0902054;3.1452692;2.7956815;2.903538
2025-09-23;6.0;3.516894;3.451658;3.2685535;3.2029562;3.427863;3.6102438;3.1123755
2025-09-26;3.0;3.9595678;4.314523;4.3050165;4.1870337;4.078005;4.019661;3.83296
2025-09-27;7.0;4.1116095;3.6398776;3.9647934;3.6370738;4.1595664;4.334124;4.2904577
2025-09-28;2.0;3.3229787;3.8307486;3.2858489;4.0194755;3.4279428;3.0152745;3.6819985
2025-09-29;1.0;3.9160428;4.6053348;3.9227107;3.8488846;4.1123786;4.025118;3.779069
2025-09-30;1.0;3.8142054;4.6296263;3.9442663;3.5502093;3.4818668;3.7920506;3.7030017
2025-10-01;7.0;3.7178192;4.735092;4.2259417;4.352007;4.263274;4.0477624;4.159863
2025-10-02;3.0;3.6510937;4.006794;3.657533;3.9542828;3.5643165;3.3812418;3.465502
2025-10-03;2.0;4.247893;3.8597493;3.6241033;4.1002645;4.5914793;4.270431;4.8245883
2025-10-04;3.0;4.228482;3.977919;3.721376;4.001442;3.9990652;3.6131113;3.7470186
2025-10-05;5.0;3.5052543;4.7392607;4.792031;4.098517;3.8564935;3.7590508;3.6200845
2025-10-06;1.0;3.8911211;4.391623;4.1952333;3.8847504;3.7253609;3.7884145;3.4447415
2025-10-07;1.0;3.468375;5.3826194;4.9863153;4.1880493;4.176331;3.9447238;3.872542
2025-10-08;6.0;3.60606;4.079246;4.264351;3.9849148;3.7015145;3.732758;3.981609
2025-10-09;2.0;4.1768975;4.3255086;3.9817412;3.8272283;4.3785324;4.391128;4.207034
2025-10-10;2.0;4.459019;4.4452424;4.211408;3.8352892;4.575999;4.8206825;4.654681
2025-10-11;3.0;4.140767;4.106382;3.723424;3.7945774;3.5563092;3.9464884;3.627259
2025-10-12;2.0;3.425187;5.0017233;4.4660788;4.435746;4.0849876;3.7606645;3.5298784
2025-10-13;5.0;3.8598936;4.0857844;4.1865926;3.917695;3.9436288;3.8240767;4.2096567
2025-10-14;2.0;3.6528418;4.1617737;4.188993;3.7880862;3.8799107;3.9924133;3.8508976
2025-10-15;4.0;3.8258908;3.9656081;4.024879;3.3156097;3.6342425;3.4581368;3.5026114
2025-10-16;6.0;3.7778106;4.452667;4.0762095;3.7520304;4.2040124;4.120906;3.6472633
2025-10-17;7.0;4.02906;4.0259953;3.5975528;3.6862974;4.436486;4.73149;4.5727196
2025-10-18;3.0;4.11118;3.888587;3.7145748;3.6519701;3.6101224;3.8721042;4.0190206
2025-10-19;6.0;4.0244527;3.7734432;3.92665;3.74876;3.9617827;3.7875824;4.0170593
2025-10-20;1.0;4.2600923;3.6589916;3.6218557;3.4676776;3.69191;4.0812783;4.027527
2025-10-21;3.0;4.142697;3.6414506;3.6555288;3.8399618;4.0345736;3.9855886;4.162697
2025-10-22;9.0;4.2492332;3.9110599;3.7448041;3.8766952;3.9913497;4.087021;4.0160456
2025-10-23;1.0;4.0852504;3.6476643;3.602624;3.8905787;3.971689;4.48684;4.376403
2025-10-24;6.0;4.464106;5.401079;5.360749;4.934639;6.352227;5.369769;5.188909
2025-10-25;2.0;3.990955;3.8101368;4.3437037;4.5081015;4.6739964;4.7338758;4.9810166
2025-10-26;3.0;3.5109777;3.8601043;3.987349;3.8673532;3.5866804;3.3308074;3.1453643
2025-10-27;3.0;4.2688894;4.5149455;4.285472;3.9761984;4.075965;3.9102597;4.0077796
2025-10-28;2.0;5.085989;3.2132359;3.6203651;3.7646852;4.1494627;4.6665044;4.204732
2025-10-29;2.0;4.24297;4.022462;4.253884;3.7106147;4.3390636;4.1291056;3.885101
2025-10-30;4.0;4.129802;5.2549796;5.19455;5.1088796;5.2007627;4.894659;4.878079
2025-11-02;4.0;4.166495;3.5084658;3.624246;3.458914;3.5964801;3.4250042;3.4212077
2025-11-03;6.0;4.5811367;4.305629;4.4379897;4.111953;3.9730647;3.6057906;3.9057565
2025-11-04;4.0;4.5128355;4.274165;4.1391954;4.283146;4.0846086;4.098301;4.463941
2025-11-05;3.0;4.430697;4.272309;4.124108;4.231335;4.050502;4.013403;4.217329
2025-11-06;7.0;4.419562;4.029656;4.202026;4.102559;3.994428;4.0199847;4.0501513
2025-11-07;9.0;4.8091345;4.243148;4.4256487;4.414026;4.92434;4.837636;4.8042755
2025-11-08;5.0;4.4674;4.151537;4.2065253;4.085872;4.050519;4.108546;4.090106
2025-11-09;4.0;4.747757;3.9300244;3.832016;3.7577958;4.081682;3.9135625;4.132871
2025-11-10;0.0;4.840132;4.277989;4.216779;4.335576;4.5182214;4.7420425;4.6953
2025-11-11;3.0;4.5978947;4.339582;4.421683;4.204428;4.1476636;4.1477284;4.254905
2025-11-12;6.0;4.9872794;7.0591164;6.160934;5.930839;6.1227803;5.8375163;5.678065
2025-11-13;5.0;5.086164;6.5924187;5.70087;5.6050406;5.271766;5.25364;4.8468065
2025-11-14;10.0;5.374473;5.6685686;5.5074105;5.5390234;5.865562;5.8275642;5.704758
2025-11-15;5.0;4.6544433;5.5125155;5.1811986;5.3147454;5.602065;5.5880065;5.7445207
2025-11-16;5.0;5.2385907;5.8829026;5.7123246;5.891523;5.9169073;6.350275;5.8044715
2025-11-17;3.0;4.713112;6.7730274;6.0950484;5.617959;6.155056;5.8032517;5.375351
2025-11-18;4.0;4.954133;5.5586295;5.350972;5.628611;5.431837;5.539597;5.1094685
2025-11-19;5.0;5.045551;5.3939347;5.6009474;5.5358257;5.60638;5.634824;5.696835
2025-11-20;5.0;4.8105035;4.5319138;4.67776;4.833035;4.6744523;4.666076;4.4980307
2025-11-21;7.0;5.9866266;5.14794;5.290857;5.798512;5.9452534;6.140551;6.273989
2025-11-24;6.0;4.530844;4.5893207;4.53902;4.9530206;4.940767;4.8032303;4.57751
2025-11-25;3.0;4.7995434;4.282236;4.4157414;4.2992363;4.6210356;4.4360704;4.6480384
2025-11-26;3.0;4.4814973;4.5137544;4.271582;4.2364063;4.089821;4.029794;4.3707733
2025-11-27;8.0;4.6181145;4.492079;4.1392593;4.102626;4.1181226;3.9335237;3.9224708
2025-11-28;3.0;4.9689074;5.3014226;4.9086375;4.9641323;5.879565;5.050076;5.0643907
2025-11-29;3.0;4.2002764;5.1169977;4.7223763;4.83224;4.8503385;4.46929;4.459849
2025-11-30;6.0;4.953241;4.762225;4.4148946;4.53311;4.696306;4.3143644;4.1617093
2025-12-03;10.0;5.549337;6.026176;5.552498;5.655137;5.631637;5.4237113;5.4645243
2025-12-04;5.0;5.2617764;6.3451858;5.7229977;6.051464;6.170026;6.067363;5.949269
2025-12-05;9.0;5.6806264;5.6751213;5.219558;5.4740767;6.0027685;5.8599463;6.151938
2025-12-06;5.0;5.775655;4.0213814;3.9760435;3.4879045;3.8151221;4.1489143;4.1276755
2025-12-07;4.0;4.6461062;4.302116;4.1522255;3.7331939;3.8302085;3.9039729;3.691483
2025-12-08;3.0;4.69926;4.556463;4.5574265;4.4504642;4.3672504;4.346941;4.5315094
2025-12-09;8.0;4.5535283;4.341382;4.302419;4.1997275;4.108672;3.9274352;4.1159534
2025-12-10;6.0;4.8271775;4.574145;4.4144697;4.2343907;4.439017;4.9292135;4.79487
2025-12-11;1.0;5.044981;4.7333183;4.584825;4.664947;4.904606;5.0155773;5.392616
2025-12-12;8.0;5.1443048;4.748176;4.6576753;4.6909547;4.9155498;4.96427;5.1146393
2025-12-13;6.0;5.047057;5.529216;5.396364;5.4523373;6.1034546;5.8734064;5.8215446
2025-12-14;6.0;5.371035;6.202521;5.853537;5.535754;5.443256;5.5148864;5.3311253
2025-12-15;1.0;5.6801457;5.7437954;5.4927373;5.5372233;5.424284;5.712548;5.4226303
2025-12-16;10.0;6.032748;5.8545523;5.157775;5.155461;5.38008;5.2733145;5.310185
2025-12-17;5.0;5.9841776;6.025757;6.150987;6.1443496;6.28683;6.285095;5.813609
2025-12-18;2.0;6.116196;6.1588273;6.1667624;6.339191;6.329572;6.357618;6.587788
2025-12-19;3.0;5.3423786;5.193766;5.427221;5.177102;5.3842845;5.4599743;5.5090995
2025-12-20;4.0;5.0900865;4.692763;4.5344706;4.8748417;4.6691737;4.8873143;4.886669
2025-12-21;6.0;4.1822743;4.245081;4.5496984;4.517267;4.4383764;4.294741;4.275889
2025-12-22;4.0;4.713897;4.1813645;4.231922;4.0468874;3.695844;4.0076513;3.8626928
2025-12-23;9.0;5.1992364;4.934072;5.1866956;4.8431644;5.534022;5.640287;5.3858953
2025-12-24;8.0;5.118865;5.1517587;5.3747826;5.1647754;5.9425;5.9033527;5.668273
2025-12-25;1.0;5.318925;4.7835426;5.070091;5.1027503;5.3887596;5.636828;5.6742916
2025-12-26;11.0;5.319517;5.3727465;5.4178505;5.6128;6.1076145;6.2320232;6.1357985
2025-12-27;8.0;5.919648;5.5533485;5.7112384;5.496324;6.190808;6.4885254;6.535183
2025-12-28;4.0;5.839372;4.729521;4.679126;4.9222555;5.3698583;5.9128437;5.576328
2025-12-29;7.0;6.7422624;5.86157;8.220686;8.360224;7.755039;7.912992;7.4785953
2025-12-30;2.0;7.9772334;6.461182;8.492854;8.536726;8.394812;8.546377;8.091349
2025-12-31;2.0;7.4756856;6.537339;8.6489315;8.561734;7.661069;8.040159;8.14534
2026-01-01;10.0;6.117821;6.365724;7.364879;7.088342;7.477895;7.610087;7.8917203
2026-01-04;6.0;4.6298523;5.67858;5.863639;5.897297;5.6169357;5.1329107;5.053517
2026-01-05;6.0;4.7029657;4.955421;4.757578;5.025007;5.072237;4.889546;4.79263
2026-01-06;4.0;5.657611;5.31834;5.3358655;5.3062644;5.551612;4.9425044;5.237643
2026-01-07;2.0;6.085053;5.171721;4.610829;4.674493;4.905482;5.0881295;5.2357726
2026-01-08;3.0;4.5453596;4.784661;4.8365483;4.8506966;4.6351695;4.5759115;4.703808
2026-01-09;6.0;6.179236;5.942197;5.7956285;5.744225;6.2405825;6.1239667;6.0623574
2026-01-10;3.0;5.852328;6.1028605;5.821284;6.0358453;6.053592;5.9060535;6.062867
2026-01-11;3.0;5.314323;6.7498055;6.123979;6.1882124;6.186;6.0490694;5.8277526
2026-01-12;3.0;6.153517;6.4764843;7.540477;7.5651355;7.7081184;6.9981055;7.1725373
2026-01-13;2.0;7.0482574;7.0053873;7.9797826;7.484512;7.6002955;7.823682;7.70124
2026-01-14;5.0;6.120026;6.2002316;6.26295;6.548049;6.30207;6.0263233;5.979948
2026-01-15;8.0;6.170275;6.1241612;6.197265;6.3890944;6.377286;6.168248;6.568386
2026-01-16;7.0;6.6931086;5.749275;7.4561176;7.2918944;7.002871;7.8683205;7.6206255
2026-01-17;11.0;5.6687946;5.9221783;6.971269;7.1606336;6.330965;6.8375607;6.773607
2026-01-18;10.0;6.6796627;10.590533;10.991918;11.097279;10.399246;9.829749;10.032789
2026-01-19;4.0;5.90665;7.499836;8.415758;8.75164;8.315366;8.800902;8.882319
2026-01-20;8.0;5.0879064;5.044076;5.0959215;5.3965945;5.115373;5.202555;5.255312
2026-01-21;13.0;5.2639155;5.5657377;5.419778;5.554434;5.3421707;5.3306684;5.167323
2026-01-22;8.0;5.419162;5.872209;5.931863;5.743926;5.7970796;6.479698;6.2202597
2026-01-23;3.0;5.623435;6.4921603;6.5954995;6.3471794;6.58143;6.267967;6.229645
2026-01-26;4.0;5.7358074;3.808841;4.5592594;4.858447;4.7780004;5.0727477;5.138067
2026-01-27;3.0;5.748851;4.099798;4.353724;5.1126895;4.763212;4.641098;4.9021597
2026-01-28;4.0;5.642607;4.403741;5.117096;5.080724;5.0108685;5.3772726;5.0604014
2026-01-29;6.0;5.8168607;5.4060545;6.292452;5.930419;5.7043347;6.7872486;7.0620627
2026-01-30;9.0;6.1921396;4.454466;5.0322995;4.7665267;5.0822563;6.0366297;6.868942
2026-01-31;7.0;5.73005;6.150131;6.1351943;6.029089;6.044851;6.7276773;6.8662467
2026-02-01;10.0;5.2839313;5.0245414;5.4032545;5.22491;4.793812;4.974483;5.243567
2026-02-02;6.0;5.8949404;5.137224;5.3703113;5.3523107;5.8303146;5.6532955;5.3976226
2026-02-03;1.0;6.9982038;4.9356813;5.270918;5.397757;5.705027;5.942418;5.852649
2026-02-04;2.0;6.272382;5.1122227;5.3464155;5.290036;5.249918;5.1877203;5.946964
2026-02-05;2.0;5.2586055;4.753138;5.162201;4.9104123;3.7614918;3.8029172;3.63311
2026-02-06;10.0;6.092932;6.151788;5.69413;5.860812;6.5100727;6.8581715;6.3824153
2026-02-07;3.0;5.425187;6.7248545;6.5027137;6.275314;6.2619476;5.5626054;5.7058344
2026-02-08;7.0;5.8130283;4.7557635;5.226449;5.1266336;5.135551;5.6732426;5.4011993
2026-02-09;7.0;7.2047224;6.2979693;5.985572;5.763294;6.275802;6.3898273;6.4882846
2026-02-10;7.0;5.548365;6.327602;6.1814485;6.203378;6.401496;6.5890484;6.2158737
2026-02-11;5.0;5.7819185;6.4267974;5.705084;5.6639104;5.848062;5.8805013;5.9436765
2026-02-12;6.0;6.184724;6.5449505;5.8985248;6.040647;5.9597497;6.1310515;6.0537667
2026-02-13;7.0;6.6268697;6.951668;6.203278;5.774342;6.014042;6.081271;5.7549014
2026-02-14;3.0;6.976084;6.685528;6.097545;6.18384;6.377813;6.1215634;6.1693187
2026-02-15;4.0;5.3395934;7.3547397;6.5349464;6.634381;6.491047;6.02086;6.0390205
2026-02-16;2.0;5.36265;5.5782247;5.032907;5.0630674;4.7403426;5.4757;5.289282
2026-02-17;6.0;5.6751;4.5457397;4.736257;4.6438055;4.750906;4.9099097;5.557738
2026-02-18;2.0;5.344115;5.983002;5.79363;5.3286586;5.608567;5.724986;5.6645756
2026-02-19;3.0;5.3318977;7.2066503;6.547561;6.61952;6.0075836;5.8083544;5.6304564
2026-02-20;9.0;5.041003;5.4438944;5.160253;5.315279;6.0733066;6.4858513;6.4030414
2026-02-21;10.0;5.805356;4.9143987;4.972052;5.003336;5.020188;5.1523337;4.8982596
2026-02-22;3.0;6.0470257;7.255911;6.6229715;6.7655745;6.9831;6.8135905;6.7158647
2026-02-23;9.0;6.1162653;6.6508465;6.2801385;6.164361;6.3401103;6.220348;6.462069
2026-02-24;3.0;5.7891617;5.96331;5.6882796;5.675073;5.874199;6.098925;6.191658
2026-02-25;4.0;4.996838;5.4574833;5.138718;5.291506;5.2537208;5.0936446;5.0951686
2026-02-26;8.0;5.338725;6.3393474;5.419441;5.586958;6.202388;6.167653;6.256033
2026-02-27;8.0;5.212571;5.309247;5.0667214;5.1814294;5.341754;5.7006044;5.341612
2026-02-28;5.0;6.2188063;5.20595;5.1156464;5.2812657;5.3437634;5.547823;6.1369295
2026-03-01;5.0;5.0157027;5.73459;5.668121;5.638447;5.3384075;6.017516;6.3724484
2026-03-02;1.0;5.750569;5.8989463;5.932582;5.772141;5.329554;5.7077622;5.913627
2026-03-03;2.0;5.4543533;4.8736773;5.168443;4.8483596;4.9326496;4.8621817;4.932221
2026-03-04;4.0;5.49518;6.003749;5.728179;5.860367;5.446314;5.1176934;5.4274154
2026-03-05;8.0;5.437123;4.7293615;4.727227;4.880286;5.2422204;5.421871;5.0026627
2026-03-06;5.0;5.3188415;5.601779;5.4723825;5.0035233;5.3937;5.472646;5.2833624
2026-03-07;7.0;5.1503468;5.7342134;5.597791;5.945926;5.678926;5.573478;5.39753
2026-03-08;5.0;4.6732807;4.821758;4.705907;4.9298964;4.8891854;4.705199;4.468535
2026-03-09;10.0;6.5909905;4.5994673;4.697436;5.0300446;4.7647486;5.598263;5.054475
2026-03-10;4.0;5.575288;5.253431;4.9779525;5.0784616;5.3572707;5.4251094;5.5063047
2026-03-11;4.0;6.5834208;4.764672;4.8139596;4.7722754;5.5414534;5.587202;5.184307
2026-03-12;2.0;6.8734303;6.315441;6.65012;6.843817;6.890122;6.2293296;6.819427
2026-03-13;5.0;5.5001698;7.0464277;7.352226;6.6328053;6.572666;6.911917;7.0428553
2026-03-14;6.0;4.942294;5.6799207;5.444008;5.1726866;4.993771;5.02284;5.114443
2026-03-15;12.0;7.8630786;8.852414;8.269012;8.054922;8.345122;8.294422;8.390517
2026-03-18;4.0;4.7160354;4.824703;4.9721665;4.7201347;4.9135604;4.7787676;4.7009397
2026-03-19;3.0;4.932404;4.9595995;4.8866906;4.9617963;5.7093306;4.760085;5.1631956
2026-03-22;5.0;4.522124;5.1368966;4.8972106;4.765;4.857797;4.3743362;4.1474895
2026-03-23;4.0;4.539887;5.2505336;5.1987143;5.1095862;5.003264;4.8149495;4.6428065
2026-03-24;7.0;4.3834434;6.3232408;7.18883;8.046687;7.3104196;6.731915;6.7323675
2026-03-25;4.0;4.329601;5.0348463;5.179106;5.172181;5.4343224;5.06153;4.7942295
2026-03-26;3.0;4.6055007;4.9103847;4.918497;4.885575;4.8819556;4.959875;4.9801083
2026-03-27;2.0;4.9224734;4.503644;4.580437;4.5712595;5.190765;5.2342987;5.1518116
2026-03-28;3.0;4.638481;4.4000573;4.450484;4.1691084;4.521728;4.575998;4.4126434
2026-03-29;2.0;4.444583;4.256005;4.205391;4.591577;4.471934;4.0600986;4.3078547
2026-03-30;1.0;5.2376432;4.2303233;4.0849524;3.9889555;4.4548683;4.78098;4.7055616
2026-03-31;2.0;5.6053553;4.609613;4.545045;4.676116;3.9559038;4.5210886;4.4509206
2026-04-01;4.0;4.332437;4.5965962;4.2262373;4.099583;4.4230943;4.43612;4.6121073
2026-04-02;8.0;4.5141096;4.327311;3.980529;4.122671;4.529408;4.2762;4.3573556
2026-04-03;3.0;4.7667623;4.324322;4.3768415;4.3703976;5.008167;5.0510583;5.0618544
2026-04-04;3.0;4.617321;4.687564;4.693825;4.8572917;4.8362584;4.933296;4.9508185
2026-04-05;5.0;4.437112;4.296833;4.461098;4.612525;4.693747;4.348516;4.279754
2026-04-06;4.0;4.5614967;4.5817056;4.8247313;4.8932743;4.5873876;4.801273;4.7737966
2026-04-07;3.0;4.5740924;4.9933906;5.2667108;5.4555864;4.9996004;5.188542;5.1025224
2026-04-08;9.0;4.637981;4.222188;4.3587494;4.5027566;4.2162156;4.3263793;4.16808
2026-04-09;3.0;4.4657283;4.0456915;3.9829824;4.1359024;4.3768606;4.271694;4.1376195
2026-04-10;3.0;4.740277;3.5484178;3.821949;3.4582963;4.5240498;4.682487;4.2851415
2026-04-11;3.0;3.8972483;4.259328;4.494384;4.218399;3.9923122;3.6785524;3.7793798
2026-04-12;6.0;3.853161;4.2567225;4.3502216;4.3596106;3.5843956;3.5269632;3.5847716
2026-04-13;8.0;4.6607566;4.2275753;4.2577567;4.4446807;4.3012776;4.399142;4.2216516
2026-04-14;3.0;4.801697;4.340122;4.357719;4.418164;4.3469834;4.340541;4.290568
2026-04-15;11.0;4.662419;4.22887;4.138307;4.2229877;4.279957;4.605535;4.6106224
2026-04-16;5.0;4.6565075;4.289929;4.8181415;4.834376;4.856457;4.948713;4.6666737
