category;family;feature_count;features;oof_mae;fold_mae_std;selected
N_INCENDIO_ESTR;gradient_boosting;5;HUM_KURT|TEMP_SKEW|TEMP_MIN|VIENTO_SKEW|HUM_MEDIA_lag_1;1.0736408324342166;0.050753089309721354;False
N_INCENDIO_ESTR;gradient_boosting;10;HUM_KURT|TEMP_SKEW|TEMP_MIN|VIENTO_SKEW|HUM_MEDIA_lag_1|HUM_SKEW|VIENTO_KURT|VIENTO_MEDIO|TEMP_MEDIA|VIENTO_MEDIO_lag_1;1.063750222099174;0.047394168308722485;False
N_INCENDIO_ESTR;gradient_boosting;15;HUM_KURT|TEMP_SKEW|TEMP_MIN|VIENTO_SKEW|HUM_MEDIA_lag_1|HUM_SKEW|VIENTO_KURT|VIENTO_MEDIO|TEMP_MEDIA|VIENTO_MEDIO_lag_1|HUM_MEDIA|TEMP_MAX|TEMP_KURT|HUM_MIN|LLUVIA_LAG_2D;1.0687434823131234;0.0493524550462014;False
N_INCENDIO_ESTR;gradient_boosting;20;HUM_KURT|TEMP_SKEW|TEMP_MIN|VIENTO_SKEW|HUM_MEDIA_lag_1|HUM_SKEW|VIENTO_KURT|VIENTO_MEDIO|TEMP_MEDIA|VIENTO_MEDIO_lag_1|HUM_MEDIA|TEMP_MAX|TEMP_KURT|HUM_MIN|LLUVIA_LAG_2D|VIENTO_MAX|LLUVIA_DESV_30D_PREV|LLUVIA_LAG_14D|LLUVIA_LAG_7D|LLUVIA_LAG_10D;1.0533409118198356;0.0568223214941365;False
N_INCENDIO_ESTR;gradient_boosting;25;HUM_KURT|TEMP_SKEW|TEMP_MIN|VIENTO_SKEW|HUM_MEDIA_lag_1|HUM_SKEW|VIENTO_KURT|VIENTO_MEDIO|TEMP_MEDIA|VIENTO_MEDIO_lag_1|HUM_MEDIA|TEMP_MAX|TEMP_KURT|HUM_MIN|LLUVIA_LAG_2D|VIENTO_MAX|LLUVIA_DESV_30D_PREV|LLUVIA_LAG_14D|LLUVIA_LAG_7D|LLUVIA_LAG_10D|HUM_MAX|LLUVIA|LLUVIA_LAG_3D|LLUVIA_MAX_30D_PREV|LLUVIA_DESV_7D_PREV;1.0731226402520093;0.06794702170788619;False
N_INCENDIO_ESTR;gradient_boosting;31;HUM_KURT|TEMP_SKEW|TEMP_MIN|VIENTO_SKEW|HUM_MEDIA_lag_1|HUM_SKEW|VIENTO_KURT|VIENTO_MEDIO|TEMP_MEDIA|VIENTO_MEDIO_lag_1|HUM_MEDIA|TEMP_MAX|TEMP_KURT|HUM_MIN|LLUVIA_LAG_2D|VIENTO_MAX|LLUVIA_DESV_30D_PREV|LLUVIA_LAG_14D|LLUVIA_LAG_7D|LLUVIA_LAG_10D|HUM_MAX|LLUVIA|LLUVIA_LAG_3D|LLUVIA_MAX_30D_PREV|LLUVIA_DESV_7D_PREV|LLUVIA_TOTAL_14D_PREV|DIAS_SECOS_14D_PREV|LLUVIA_PROMEDIO_7D_PREV|LLUVIA_DESV_14D_PREV|LLUVIA_TOTAL_7D_PREV|LLUVIA_LAG_5D;1.074380870473953;0.07738437415680108;False
N_INCENDIO_ESTR;hist_poisson;5;HUM_KURT|TEMP_SKEW|TEMP_MIN|VIENTO_SKEW|HUM_MEDIA_lag_1;0.9466725628963002;0.09688992637567179;False
N_INCENDIO_ESTR;hist_poisson;10;HUM_KURT|TEMP_SKEW|TEMP_MIN|VIENTO_SKEW|HUM_MEDIA_lag_1|HUM_SKEW|VIENTO_KURT|VIENTO_MEDIO|TEMP_MEDIA|VIENTO_MEDIO_lag_1;0.9108532246696007;0.10016126750092504;False
N_INCENDIO_ESTR;hist_poisson;15;HUM_KURT|TEMP_SKEW|TEMP_MIN|VIENTO_SKEW|HUM_MEDIA_lag_1|HUM_SKEW|VIENTO_KURT|VIENTO_MEDIO|TEMP_MEDIA|VIENTO_MEDIO_lag_1|HUM_MEDIA|TEMP_MAX|TEMP_KURT|HUM_MIN|LLUVIA_LAG_2D;0.9091156470748167;0.1127290578282909;False
N_INCENDIO_ESTR;hist_poisson;20;HUM_KURT|TEMP_SKEW|TEMP_MIN|VIENTO_SKEW|HUM_MEDIA_lag_1|HUM_SKEW|VIENTO_KURT|VIENTO_MEDIO|TEMP_MEDIA|VIENTO_MEDIO_lag_1|HUM_MEDIA|TEMP_MAX|TEMP_KURT|HUM_MIN|LLUVIA_LAG_2D|VIENTO_MAX|LLUVIA_DESV_30D_PREV|LLUVIA_LAG_14D|LLUVIA_LAG_7D|LLUVIA_LAG_10D;0.8945991120768447;0.11728152030243079;True
N_INCENDIO_ESTR;hist_poisson;25;HUM_KURT|TEMP_SKEW|TEMP_MIN|VIENTO_SKEW|HUM_MEDIA_lag_1|HUM_SKEW|VIENTO_KURT|VIENTO_MEDIO|TEMP_MEDIA|VIENTO_MEDIO_lag_1|HUM_MEDIA|TEMP_MAX|TEMP_KURT|HUM_MIN|LLUVIA_LAG_2D|VIENTO_MAX|LLUVIA_DESV_30D_PREV|LLUVIA_LAG_14D|LLUVIA_LAG_7D|LLUVIA_LAG_10D|HUM_MAX|LLUVIA|LLUVIA_LAG_3D|LLUVIA_MAX_30D_PREV|LLUVIA_DESV_7D_PREV;0.8970408726261732;0.12504752995916257;False
N_INCENDIO_ESTR;hist_poisson;31;HUM_KURT|TEMP_SKEW|TEMP_MIN|VIENTO_SKEW|HUM_MEDIA_lag_1|HUM_SKEW|VIENTO_KURT|VIENTO_MEDIO|TEMP_MEDIA|VIENTO_MEDIO_lag_1|HUM_MEDIA|TEMP_MAX|TEMP_KURT|HUM_MIN|LLUVIA_LAG_2D|VIENTO_MAX|LLUVIA_DESV_30D_PREV|LLUVIA_LAG_14D|LLUVIA_LAG_7D|LLUVIA_LAG_10D|HUM_MAX|LLUVIA|LLUVIA_LAG_3D|LLUVIA_MAX_30D_PREV|LLUVIA_DESV_7D_PREV|LLUVIA_TOTAL_14D_PREV|DIAS_SECOS_14D_PREV|LLUVIA_PROMEDIO_7D_PREV|LLUVIA_DESV_14D_PREV|LLUVIA_TOTAL_7D_PREV|LLUVIA_LAG_5D;0.8949047613992127;0.13403679079596842;False
N_INCENDIO_FOREST;gradient_boosting;5;LLUVIA_DESV_30D_PREV|TEMP_MEDIA|TEMP_MAX|VIENTO_MEDIO_lag_1|VIENTO_KURT;0.7938137222593946;0.39684207118414716;False
N_INCENDIO_FOREST;gradient_boosting;10;LLUVIA_DESV_30D_PREV|TEMP_MEDIA|TEMP_MAX|VIENTO_MEDIO_lag_1|VIENTO_KURT|HUM_KURT|HUM_MEDIA|TEMP_MIN|LLUVIA_TOTAL_30D_PREV|TEMP_SKEW;0.8687003667274275;0.39105749952996205;False
N_INCENDIO_FOREST;gradient_boosting;15;LLUVIA_DESV_30D_PREV|TEMP_MEDIA|TEMP_MAX|VIENTO_MEDIO_lag_1|VIENTO_KURT|HUM_KURT|HUM_MEDIA|TEMP_MIN|LLUVIA_TOTAL_30D_PREV|TEMP_SKEW|TEMP_KURT|HUM_MEDIA_lag_1|LLUVIA_PROMEDIO_30D_PREV|VIENTO_SKEW|VIENTO_MAX;0.8596566763237633;0.3815480000991605;False
N_INCENDIO_FOREST;gradient_boosting;20;LLUVIA_DESV_30D_PREV|TEMP_MEDIA|TEMP_MAX|VIENTO_MEDIO_lag_1|VIENTO_KURT|HUM_KURT|HUM_MEDIA|TEMP_MIN|LLUVIA_TOTAL_30D_PREV|TEMP_SKEW|TEMP_KURT|HUM_MEDIA_lag_1|LLUVIA_PROMEDIO_30D_PREV|VIENTO_SKEW|VIENTO_MAX|DIAS_SECOS_30D_PREV|HUM_SKEW|HUM_MAX|LLUVIA_DESV_14D_PREV|LLUVIA_TOTAL_14D_PREV;0.8779515830969533;0.384066705010851;False
N_INCENDIO_FOREST;gradient_boosting;25;LLUVIA_DESV_30D_PREV|TEMP_MEDIA|TEMP_MAX|VIENTO_MEDIO_lag_1|VIENTO_KURT|HUM_KURT|HUM_MEDIA|TEMP_MIN|LLUVIA_TOTAL_30D_PREV|TEMP_SKEW|TEMP_KURT|HUM_MEDIA_lag_1|LLUVIA_PROMEDIO_30D_PREV|VIENTO_SKEW|VIENTO_MAX|DIAS_SECOS_30D_PREV|HUM_SKEW|HUM_MAX|LLUVIA_DESV_14D_PREV|LLUVIA_TOTAL_14D_PREV|LLUVIA_MAX_30D_PREV|LLUVIA_DESV_7D_PREV|VIENTO_MEDIO|LLUVIA_PROMEDIO_14D_PREV|HUM_MIN;0.8856242277780364;0.39212415078587587;False
N_INCENDIO_FOREST;gradient_boosting;31;LLUVIA_DESV_30D_PREV|TEMP_MEDIA|TEMP_MAX|VIENTO_MEDIO_lag_1|VIENTO_KURT|HUM_KURT|HUM_MEDIA|TEMP_MIN|LLUVIA_TOTAL_30D_PREV|TEMP_SKEW|TEMP_KURT|HUM_MEDIA_lag_1|LLUVIA_PROMEDIO_30D_PREV|VIENTO_SKEW|VIENTO_MAX|DIAS_SECOS_30D_PREV|HUM_SKEW|HUM_MAX|LLUVIA_DESV_14D_PREV|LLUVIA_TOTAL_14D_PREV|LLUVIA_MAX_30D_PREV|LLUVIA_DESV_7D_PREV|VIENTO_MEDIO|LLUVIA_PROMEDIO_14D_PREV|HUM_MIN|LLUVIA_MAX_14D_PREV|DIAS_SECOS_7D_PREV|LLUVIA_LAG_1D|DIAS_SECOS_14D_PREV|LLUVIA_LAG_5D|LLUVIA_MAX_7D_PREV;0.8856195358130761;0.38301851795299796;False
N_INCENDIO_FOREST;hist_poisson;5;LLUVIA_DESV_30D_PREV|TEMP_MEDIA|TEMP_MAX|VIENTO_MEDIO_lag_1|VIENTO_KURT;0.6292050548238876;0.3498752093521954;False
N_INCENDIO_FOREST;hist_poisson;10;LLUVIA_DESV_30D_PREV|TEMP_MEDIA|TEMP_MAX|VIENTO_MEDIO_lag_1|VIENTO_KURT|HUM_KURT|HUM_MEDIA|TEMP_MIN|LLUVIA_TOTAL_30D_PREV|TEMP_SKEW;0.5933261541989492;0.32528323399219955;False
N_INCENDIO_FOREST;hist_poisson;15;LLUVIA_DESV_30D_PREV|TEMP_MEDIA|TEMP_MAX|VIENTO_MEDIO_lag_1|VIENTO_KURT|HUM_KURT|HUM_MEDIA|TEMP_MIN|LLUVIA_TOTAL_30D_PREV|TEMP_SKEW|TEMP_KURT|HUM_MEDIA_lag_1|LLUVIA_PROMEDIO_30D_PREV|VIENTO_SKEW|VIENTO_MAX;0.5862183246499272;0.3315736765209109;True
N_INCENDIO_FOREST;hist_poisson;20;LLUVIA_DESV_30D_PREV|TEMP_MEDIA|TEMP_MAX|VIENTO_MEDIO_lag_1|VIENTO_KURT|HUM_KURT|HUM_MEDIA|TEMP_MIN|LLUVIA_TOTAL_30D_PREV|TEMP_SKEW|TEMP_KURT|HUM_MEDIA_lag_1|LLUVIA_PROMEDIO_30D_PREV|VIENTO_SKEW|VIENTO_MAX|DIAS_SECOS_30D_PREV|HUM_SKEW|HUM_MAX|LLUVIA_DESV_14D_PREV|LLUVIA_TOTAL_14D_PREV;0.5906593630210981;0.32635390888378707;False
N_INCENDIO_FOREST;hist_poisson;25;LLUVIA_DESV_30D_PREV|TEMP_MEDIA|TEMP_MAX|VIENTO_MEDIO_lag_1|VIENTO_KURT|HUM_KURT|HUM_MEDIA|TEMP_MIN|LLUVIA_TOTAL_30D_PREV|TEMP_SKEW|TEMP_KURT|HUM_MEDIA_lag_1|LLUVIA_PROMEDIO_30D_PREV|VIENTO_SKEW|VIENTO_MAX|DIAS_SECOS_30D_PREV|HUM_SKEW|HUM_MAX|LLUVIA_DESV_14D_PREV|LLUVIA_TOTAL_14D_PREV|LLUVIA_MAX_30D_PREV|LLUVIA_DESV_7D_PREV|VIENTO_MEDIO|LLUVIA_PROMEDIO_14D_PREV|HUM_MIN;0.5923732084247165;0.32389310006351507;False
N_INCENDIO_FOREST;hist_poisson;31;LLUVIA_DESV_30D_PREV|TEMP_MEDIA|TEMP_MAX|VIENTO_MEDIO_lag_1|VIENTO_KURT|HUM_KURT|HUM_MEDIA|TEMP_MIN|LLUVIA_TOTAL_30D_PREV|TEMP_SKEW|TEMP_KURT|HUM_MEDIA_lag_1|LLUVIA_PROMEDIO_30D_PREV|VIENTO_SKEW|VIENTO_MAX|DIAS_SECOS_30D_PREV|HUM_SKEW|HUM_MAX|LLUVIA_DESV_14D_PREV|LLUVIA_TOTAL_14D_PREV|LLUVIA_MAX_30D_PREV|LLUVIA_DESV_7D_PREV|VIENTO_MEDIO|LLUVIA_PROMEDIO_14D_PREV|HUM_MIN|LLUVIA_MAX_14D_PREV|DIAS_SECOS_7D_PREV|LLUVIA_LAG_1D|DIAS_SECOS_14D_PREV|LLUVIA_LAG_5D|LLUVIA_MAX_7D_PREV;0.5927029757177373;0.3248192749540324;False
N_RESCATE_VEH;gradient_boosting;5;TEMP_SKEW|HUM_KURT|HUM_MEDIA_lag_1|HUM_SKEW|TEMP_KURT;0.9697482179510665;0.03562584101715723;False
N_RESCATE_VEH;gradient_boosting;10;TEMP_SKEW|HUM_KURT|HUM_MEDIA_lag_1|HUM_SKEW|TEMP_KURT|VIENTO_SKEW|VIENTO_KURT|VIENTO_MEDIO|HUM_MEDIA|VIENTO_MAX;0.9590451213620468;0.05160868814994579;False
N_RESCATE_VEH;gradient_boosting;15;TEMP_SKEW|HUM_KURT|HUM_MEDIA_lag_1|HUM_SKEW|TEMP_KURT|VIENTO_SKEW|VIENTO_KURT|VIENTO_MEDIO|HUM_MEDIA|VIENTO_MAX|VIENTO_MEDIO_lag_1|LLUVIA_DESV_14D_PREV|TEMP_MEDIA|LLUVIA_LAG_10D|LLUVIA_LAG_14D;0.960351550221926;0.04119142600770105;False
N_RESCATE_VEH;gradient_boosting;20;TEMP_SKEW|HUM_KURT|HUM_MEDIA_lag_1|HUM_SKEW|TEMP_KURT|VIENTO_SKEW|VIENTO_KURT|VIENTO_MEDIO|HUM_MEDIA|VIENTO_MAX|VIENTO_MEDIO_lag_1|LLUVIA_DESV_14D_PREV|TEMP_MEDIA|LLUVIA_LAG_10D|LLUVIA_LAG_14D|LLUVIA_DESV_30D_PREV|HUM_MIN|LLUVIA_LAG_7D|HUM_MAX|LLUVIA_LAG_5D;0.9839350862112997;0.06533600311469805;False
N_RESCATE_VEH;gradient_boosting;25;TEMP_SKEW|HUM_KURT|HUM_MEDIA_lag_1|HUM_SKEW|TEMP_KURT|VIENTO_SKEW|VIENTO_KURT|VIENTO_MEDIO|HUM_MEDIA|VIENTO_MAX|VIENTO_MEDIO_lag_1|LLUVIA_DESV_14D_PREV|TEMP_MEDIA|LLUVIA_LAG_10D|LLUVIA_LAG_14D|LLUVIA_DESV_30D_PREV|HUM_MIN|LLUVIA_LAG_7D|HUM_MAX|LLUVIA_LAG_5D|LLUVIA_DESV_7D_PREV|TEMP_MIN|LLUVIA_PROMEDIO_7D_PREV|TEMP_MAX|LLUVIA;0.9683958303672819;0.05889232080770477;False
N_RESCATE_VEH;gradient_boosting;31;TEMP_SKEW|HUM_KURT|HUM_MEDIA_lag_1|HUM_SKEW|TEMP_KURT|VIENTO_SKEW|VIENTO_KURT|VIENTO_MEDIO|HUM_MEDIA|VIENTO_MAX|VIENTO_MEDIO_lag_1|LLUVIA_DESV_14D_PREV|TEMP_MEDIA|LLUVIA_LAG_10D|LLUVIA_LAG_14D|LLUVIA_DESV_30D_PREV|HUM_MIN|LLUVIA_LAG_7D|HUM_MAX|LLUVIA_LAG_5D|LLUVIA_DESV_7D_PREV|TEMP_MIN|LLUVIA_PROMEDIO_7D_PREV|TEMP_MAX|LLUVIA|LLUVIA_LAG_3D|LLUVIA_TOTAL_7D_PREV|LLUVIA_MAX_30D_PREV|LLUVIA_LAG_2D|LLUVIA_TOTAL_30D_PREV|LLUVIA_MAX_7D_PREV;0.9764732314726191;0.04417331901880565;False
N_RESCATE_VEH;hist_poisson;5;TEMP_SKEW|HUM_KURT|HUM_MEDIA_lag_1|HUM_SKEW|TEMP_KURT;0.9582458939073851;0.058528457928359943;False
N_RESCATE_VEH;hist_poisson;10;TEMP_SKEW|HUM_KURT|HUM_MEDIA_lag_1|HUM_SKEW|TEMP_KURT|VIENTO_SKEW|VIENTO_KURT|VIENTO_MEDIO|HUM_MEDIA|VIENTO_MAX;0.9379242930772771;0.05113588840721547;False
N_RESCATE_VEH;hist_poisson;15;TEMP_SKEW|HUM_KURT|HUM_MEDIA_lag_1|HUM_SKEW|TEMP_KURT|VIENTO_SKEW|VIENTO_KURT|VIENTO_MEDIO|HUM_MEDIA|VIENTO_MAX|VIENTO_MEDIO_lag_1|LLUVIA_DESV_14D_PREV|TEMP_MEDIA|LLUVIA_LAG_10D|LLUVIA_LAG_14D;0.9335497756314209;0.05817216915707528;False
N_RESCATE_VEH;hist_poisson;20;TEMP_SKEW|HUM_KURT|HUM_MEDIA_lag_1|HUM_SKEW|TEMP_KURT|VIENTO_SKEW|VIENTO_KURT|VIENTO_MEDIO|HUM_MEDIA|VIENTO_MAX|VIENTO_MEDIO_lag_1|LLUVIA_DESV_14D_PREV|TEMP_MEDIA|LLUVIA_LAG_10D|LLUVIA_LAG_14D|LLUVIA_DESV_30D_PREV|HUM_MIN|LLUVIA_LAG_7D|HUM_MAX|LLUVIA_LAG_5D;0.9296302834559881;0.05519675967634786;False
N_RESCATE_VEH;hist_poisson;25;TEMP_SKEW|HUM_KURT|HUM_MEDIA_lag_1|HUM_SKEW|TEMP_KURT|VIENTO_SKEW|VIENTO_KURT|VIENTO_MEDIO|HUM_MEDIA|VIENTO_MAX|VIENTO_MEDIO_lag_1|LLUVIA_DESV_14D_PREV|TEMP_MEDIA|LLUVIA_LAG_10D|LLUVIA_LAG_14D|LLUVIA_DESV_30D_PREV|HUM_MIN|LLUVIA_LAG_7D|HUM_MAX|LLUVIA_LAG_5D|LLUVIA_DESV_7D_PREV|TEMP_MIN|LLUVIA_PROMEDIO_7D_PREV|TEMP_MAX|LLUVIA;0.9326655582761846;0.054896162531655406;False
N_RESCATE_VEH;hist_poisson;31;TEMP_SKEW|HUM_KURT|HUM_MEDIA_lag_1|HUM_SKEW|TEMP_KURT|VIENTO_SKEW|VIENTO_KURT|VIENTO_MEDIO|HUM_MEDIA|VIENTO_MAX|VIENTO_MEDIO_lag_1|LLUVIA_DESV_14D_PREV|TEMP_MEDIA|LLUVIA_LAG_10D|LLUVIA_LAG_14D|LLUVIA_DESV_30D_PREV|HUM_MIN|LLUVIA_LAG_7D|HUM_MAX|LLUVIA_LAG_5D|LLUVIA_DESV_7D_PREV|TEMP_MIN|LLUVIA_PROMEDIO_7D_PREV|TEMP_MAX|LLUVIA|LLUVIA_LAG_3D|LLUVIA_TOTAL_7D_PREV|LLUVIA_MAX_30D_PREV|LLUVIA_LAG_2D|LLUVIA_TOTAL_30D_PREV|LLUVIA_MAX_7D_PREV;0.9229088209853573;0.051388059858497884;True
N_RESCATE_PERS;gradient_boosting;5;VIENTO_KURT|VIENTO_MEDIO_lag_1|HUM_MEDIA_lag_1|HUM_SKEW|TEMP_KURT;0.8237537022617151;0.10240957527174441;False
N_RESCATE_PERS;gradient_boosting;10;VIENTO_KURT|VIENTO_MEDIO_lag_1|HUM_MEDIA_lag_1|HUM_SKEW|TEMP_KURT|TEMP_MEDIA|VIENTO_SKEW|HUM_KURT|VIENTO_MEDIO|TEMP_SKEW;0.8267038915599656;0.09365860988525816;False
N_RESCATE_PERS;gradient_boosting;15;VIENTO_KURT|VIENTO_MEDIO_lag_1|HUM_MEDIA_lag_1|HUM_SKEW|TEMP_KURT|TEMP_MEDIA|VIENTO_SKEW|HUM_KURT|VIENTO_MEDIO|TEMP_SKEW|TEMP_MAX|HUM_MEDIA|TEMP_MIN|LLUVIA_LAG_10D|VIENTO_MAX;0.8314720786389168;0.09718521136905828;False
N_RESCATE_PERS;gradient_boosting;20;VIENTO_KURT|VIENTO_MEDIO_lag_1|HUM_MEDIA_lag_1|HUM_SKEW|TEMP_KURT|TEMP_MEDIA|VIENTO_SKEW|HUM_KURT|VIENTO_MEDIO|TEMP_SKEW|TEMP_MAX|HUM_MEDIA|TEMP_MIN|LLUVIA_LAG_10D|VIENTO_MAX|LLUVIA_LAG_3D|LLUVIA_DESV_7D_PREV|HUM_MIN|LLUVIA_PROMEDIO_30D_PREV|LLUVIA_TOTAL_30D_PREV;0.831645170246934;0.10136491428705892;False
N_RESCATE_PERS;gradient_boosting;25;VIENTO_KURT|VIENTO_MEDIO_lag_1|HUM_MEDIA_lag_1|HUM_SKEW|TEMP_KURT|TEMP_MEDIA|VIENTO_SKEW|HUM_KURT|VIENTO_MEDIO|TEMP_SKEW|TEMP_MAX|HUM_MEDIA|TEMP_MIN|LLUVIA_LAG_10D|VIENTO_MAX|LLUVIA_LAG_3D|LLUVIA_DESV_7D_PREV|HUM_MIN|LLUVIA_PROMEDIO_30D_PREV|LLUVIA_TOTAL_30D_PREV|LLUVIA_DESV_30D_PREV|HUM_MAX|LLUVIA_LAG_14D|LLUVIA_DESV_14D_PREV|LLUVIA_LAG_1D;0.8401581950356345;0.0911031970621461;False
N_RESCATE_PERS;gradient_boosting;31;VIENTO_KURT|VIENTO_MEDIO_lag_1|HUM_MEDIA_lag_1|HUM_SKEW|TEMP_KURT|TEMP_MEDIA|VIENTO_SKEW|HUM_KURT|VIENTO_MEDIO|TEMP_SKEW|TEMP_MAX|HUM_MEDIA|TEMP_MIN|LLUVIA_LAG_10D|VIENTO_MAX|LLUVIA_LAG_3D|LLUVIA_DESV_7D_PREV|HUM_MIN|LLUVIA_PROMEDIO_30D_PREV|LLUVIA_TOTAL_30D_PREV|LLUVIA_DESV_30D_PREV|HUM_MAX|LLUVIA_LAG_14D|LLUVIA_DESV_14D_PREV|LLUVIA_LAG_1D|DIAS_SECOS_30D_PREV|LLUVIA_LAG_2D|LLUVIA|LLUVIA_MAX_7D_PREV|LLUVIA_PROMEDIO_3D_PREV|LLUVIA_TOTAL_3D_PREV;0.8337601044190931;0.09323369631279244;False
N_RESCATE_PERS;hist_poisson;5;VIENTO_KURT|VIENTO_MEDIO_lag_1|HUM_MEDIA_lag_1|HUM_SKEW|TEMP_KURT;0.8218676990520478;0.11171599874207067;True
N_RESCATE_PERS;hist_poisson;10;VIENTO_KURT|VIENTO_MEDIO_lag_1|HUM_MEDIA_lag_1|HUM_SKEW|TEMP_KURT|TEMP_MEDIA|VIENTO_SKEW|HUM_KURT|VIENTO_MEDIO|TEMP_SKEW;0.8228711759463332;0.12483235261305911;False
N_RESCATE_PERS;hist_poisson;15;VIENTO_KURT|VIENTO_MEDIO_lag_1|HUM_MEDIA_lag_1|HUM_SKEW|TEMP_KURT|TEMP_MEDIA|VIENTO_SKEW|HUM_KURT|VIENTO_MEDIO|TEMP_SKEW|TEMP_MAX|HUM_MEDIA|TEMP_MIN|LLUVIA_LAG_10D|VIENTO_MAX;0.8244817465189855;0.13540438081628772;False
N_RESCATE_PERS;hist_poisson;20;VIENTO_KURT|VIENTO_MEDIO_lag_1|HUM_MEDIA_lag_1|HUM_SKEW|TEMP_KURT|TEMP_MEDIA|VIENTO_SKEW|HUM_KURT|VIENTO_MEDIO|TEMP_SKEW|TEMP_MAX|HUM_MEDIA|TEMP_MIN|LLUVIA_LAG_10D|VIENTO_MAX|LLUVIA_LAG_3D|LLUVIA_DESV_7D_PREV|HUM_MIN|LLUVIA_PROMEDIO_30D_PREV|LLUVIA_TOTAL_30D_PREV;0.8286043389361807;0.13815235041543256;False
N_RESCATE_PERS;hist_poisson;25;VIENTO_KURT|VIENTO_MEDIO_lag_1|HUM_MEDIA_lag_1|HUM_SKEW|TEMP_KURT|TEMP_MEDIA|VIENTO_SKEW|HUM_KURT|VIENTO_MEDIO|TEMP_SKEW|TEMP_MAX|HUM_MEDIA|TEMP_MIN|LLUVIA_LAG_10D|VIENTO_MAX|LLUVIA_LAG_3D|LLUVIA_DESV_7D_PREV|HUM_MIN|LLUVIA_PROMEDIO_30D_PREV|LLUVIA_TOTAL_30D_PREV|LLUVIA_DESV_30D_PREV|HUM_MAX|LLUVIA_LAG_14D|LLUVIA_DESV_14D_PREV|LLUVIA_LAG_1D;0.8322049637603869;0.12975571612278441;False
N_RESCATE_PERS;hist_poisson;31;VIENTO_KURT|VIENTO_MEDIO_lag_1|HUM_MEDIA_lag_1|HUM_SKEW|TEMP_KURT|TEMP_MEDIA|VIENTO_SKEW|HUM_KURT|VIENTO_MEDIO|TEMP_SKEW|TEMP_MAX|HUM_MEDIA|TEMP_MIN|LLUVIA_LAG_10D|VIENTO_MAX|LLUVIA_LAG_3D|LLUVIA_DESV_7D_PREV|HUM_MIN|LLUVIA_PROMEDIO_30D_PREV|LLUVIA_TOTAL_30D_PREV|LLUVIA_DESV_30D_PREV|HUM_MAX|LLUVIA_LAG_14D|LLUVIA_DESV_14D_PREV|LLUVIA_LAG_1D|DIAS_SECOS_30D_PREV|LLUVIA_LAG_2D|LLUVIA|LLUVIA_MAX_7D_PREV|LLUVIA_PROMEDIO_3D_PREV|LLUVIA_TOTAL_3D_PREV;0.8320846335920685;0.1375186256221196;False
N_GASES;gradient_boosting;5;VIENTO_SKEW|LLUVIA_DESV_30D_PREV|TEMP_KURT|LLUVIA_LAG_1D|HUM_SKEW;0.5360676685667594;0.1094950162338188;False
N_GASES;gradient_boosting;10;VIENTO_SKEW|LLUVIA_DESV_30D_PREV|TEMP_KURT|LLUVIA_LAG_1D|HUM_SKEW|HUM_MEDIA_lag_1|HUM_MEDIA|VIENTO_KURT|LLUVIA_DESV_14D_PREV|VIENTO_MEDIO_lag_1;0.5566555113702422;0.10608229692390356;False
N_GASES;gradient_boosting;15;VIENTO_SKEW|LLUVIA_DESV_30D_PREV|TEMP_KURT|LLUVIA_LAG_1D|HUM_SKEW|HUM_MEDIA_lag_1|HUM_MEDIA|VIENTO_KURT|LLUVIA_DESV_14D_PREV|VIENTO_MEDIO_lag_1|TEMP_SKEW|HUM_MAX|VIENTO_MAX|TEMP_MAX|HUM_KURT;0.5462226294352942;0.10537362852539262;False
N_GASES;gradient_boosting;20;VIENTO_SKEW|LLUVIA_DESV_30D_PREV|TEMP_KURT|LLUVIA_LAG_1D|HUM_SKEW|HUM_MEDIA_lag_1|HUM_MEDIA|VIENTO_KURT|LLUVIA_DESV_14D_PREV|VIENTO_MEDIO_lag_1|TEMP_SKEW|HUM_MAX|VIENTO_MAX|TEMP_MAX|HUM_KURT|TEMP_MIN|LLUVIA_LAG_3D|HUM_MIN|VIENTO_MEDIO|TEMP_MEDIA;0.5470636293816568;0.10599559628564735;False
N_GASES;gradient_boosting;25;VIENTO_SKEW|LLUVIA_DESV_30D_PREV|TEMP_KURT|LLUVIA_LAG_1D|HUM_SKEW|HUM_MEDIA_lag_1|HUM_MEDIA|VIENTO_KURT|LLUVIA_DESV_14D_PREV|VIENTO_MEDIO_lag_1|TEMP_SKEW|HUM_MAX|VIENTO_MAX|TEMP_MAX|HUM_KURT|TEMP_MIN|LLUVIA_LAG_3D|HUM_MIN|VIENTO_MEDIO|TEMP_MEDIA|LLUVIA_LAG_5D|LLUVIA_LAG_14D|LLUVIA_DESV_7D_PREV|LLUVIA|LLUVIA_DESV_3D_PREV;0.5476188191528052;0.10104591778050805;False
N_GASES;gradient_boosting;31;VIENTO_SKEW|LLUVIA_DESV_30D_PREV|TEMP_KURT|LLUVIA_LAG_1D|HUM_SKEW|HUM_MEDIA_lag_1|HUM_MEDIA|VIENTO_KURT|LLUVIA_DESV_14D_PREV|VIENTO_MEDIO_lag_1|TEMP_SKEW|HUM_MAX|VIENTO_MAX|TEMP_MAX|HUM_KURT|TEMP_MIN|LLUVIA_LAG_3D|HUM_MIN|VIENTO_MEDIO|TEMP_MEDIA|LLUVIA_LAG_5D|LLUVIA_LAG_14D|LLUVIA_DESV_7D_PREV|LLUVIA|LLUVIA_DESV_3D_PREV|LLUVIA_PROMEDIO_7D_PREV|LLUVIA_LAG_7D|LLUVIA_LAG_10D|LLUVIA_LAG_2D|LLUVIA_TOTAL_7D_PREV|LLUVIA_PROMEDIO_30D_PREV;0.5529278908579612;0.10720078053883465;False
N_GASES;hist_poisson;5;VIENTO_SKEW|LLUVIA_DESV_30D_PREV|TEMP_KURT|LLUVIA_LAG_1D|HUM_SKEW;0.4867332667274079;0.09051875512830534;False
N_GASES;hist_poisson;10;VIENTO_SKEW|LLUVIA_DESV_30D_PREV|TEMP_KURT|LLUVIA_LAG_1D|HUM_SKEW|HUM_MEDIA_lag_1|HUM_MEDIA|VIENTO_KURT|LLUVIA_DESV_14D_PREV|VIENTO_MEDIO_lag_1;0.4656806547833149;0.09292555206346892;False
N_GASES;hist_poisson;15;VIENTO_SKEW|LLUVIA_DESV_30D_PREV|TEMP_KURT|LLUVIA_LAG_1D|HUM_SKEW|HUM_MEDIA_lag_1|HUM_MEDIA|VIENTO_KURT|LLUVIA_DESV_14D_PREV|VIENTO_MEDIO_lag_1|TEMP_SKEW|HUM_MAX|VIENTO_MAX|TEMP_MAX|HUM_KURT;0.45382841990179423;0.0896408737952692;False
N_GASES;hist_poisson;20;VIENTO_SKEW|LLUVIA_DESV_30D_PREV|TEMP_KURT|LLUVIA_LAG_1D|HUM_SKEW|HUM_MEDIA_lag_1|HUM_MEDIA|VIENTO_KURT|LLUVIA_DESV_14D_PREV|VIENTO_MEDIO_lag_1|TEMP_SKEW|HUM_MAX|VIENTO_MAX|TEMP_MAX|HUM_KURT|TEMP_MIN|LLUVIA_LAG_3D|HUM_MIN|VIENTO_MEDIO|TEMP_MEDIA;0.4437734102774596;0.08177130043826839;False
N_GASES;hist_poisson;25;VIENTO_SKEW|LLUVIA_DESV_30D_PREV|TEMP_KURT|LLUVIA_LAG_1D|HUM_SKEW|HUM_MEDIA_lag_1|HUM_MEDIA|VIENTO_KURT|LLUVIA_DESV_14D_PREV|VIENTO_MEDIO_lag_1|TEMP_SKEW|HUM_MAX|VIENTO_MAX|TEMP_MAX|HUM_KURT|TEMP_MIN|LLUVIA_LAG_3D|HUM_MIN|VIENTO_MEDIO|TEMP_MEDIA|LLUVIA_LAG_5D|LLUVIA_LAG_14D|LLUVIA_DESV_7D_PREV|LLUVIA|LLUVIA_DESV_3D_PREV;0.44254384610147285;0.07921576932118993;False
N_GASES;hist_poisson;31;VIENTO_SKEW|LLUVIA_DESV_30D_PREV|TEMP_KURT|LLUVIA_LAG_1D|HUM_SKEW|HUM_MEDIA_lag_1|HUM_MEDIA|VIENTO_KURT|LLUVIA_DESV_14D_PREV|VIENTO_MEDIO_lag_1|TEMP_SKEW|HUM_MAX|VIENTO_MAX|TEMP_MAX|HUM_KURT|TEMP_MIN|LLUVIA_LAG_3D|HUM_MIN|VIENTO_MEDIO|TEMP_MEDIA|LLUVIA_LAG_5D|LLUVIA_LAG_14D|LLUVIA_DESV_7D_PREV|LLUVIA|LLUVIA_DESV_3D_PREV|LLUVIA_PROMEDIO_7D_PREV|LLUVIA_LAG_7D|LLUVIA_LAG_10D|LLUVIA_LAG_2D|LLUVIA_TOTAL_7D_PREV|LLUVIA_PROMEDIO_30D_PREV;0.4404814079753886;0.07756545889007871;True
N_OTROS;gradient_boosting;5;VIENTO_MEDIO_lag_1|VIENTO_MEDIO|TEMP_MAX|LLUVIA_DESV_14D_PREV|LLUVIA_DESV_30D_PREV;1.7748571501269856;0.2436954582014936;False
N_OTROS;gradient_boosting;10;VIENTO_MEDIO_lag_1|VIENTO_MEDIO|TEMP_MAX|LLUVIA_DESV_14D_PREV|LLUVIA_DESV_30D_PREV|LLUVIA_MAX_30D_PREV|VIENTO_MAX|HUM_SKEW|TEMP_MEDIA|TEMP_SKEW;1.7947303101014633;0.25200751623898215;False
N_OTROS;gradient_boosting;15;VIENTO_MEDIO_lag_1|VIENTO_MEDIO|TEMP_MAX|LLUVIA_DESV_14D_PREV|LLUVIA_DESV_30D_PREV|LLUVIA_MAX_30D_PREV|VIENTO_MAX|HUM_SKEW|TEMP_MEDIA|TEMP_SKEW|TEMP_KURT|LLUVIA_TOTAL_30D_PREV|HUM_MEDIA_lag_1|LLUVIA_PROMEDIO_30D_PREV|VIENTO_KURT;1.759665100742203;0.2498722708582227;True
N_OTROS;gradient_boosting;20;VIENTO_MEDIO_lag_1|VIENTO_MEDIO|TEMP_MAX|LLUVIA_DESV_14D_PREV|LLUVIA_DESV_30D_PREV|LLUVIA_MAX_30D_PREV|VIENTO_MAX|HUM_SKEW|TEMP_MEDIA|TEMP_SKEW|TEMP_KURT|LLUVIA_TOTAL_30D_PREV|HUM_MEDIA_lag_1|LLUVIA_PROMEDIO_30D_PREV|VIENTO_KURT|DIAS_SECOS_30D_PREV|HUM_KURT|HUM_MEDIA|LLUVIA|VIENTO_SKEW;1.7725272316375627;0.2277112032181259;False
N_OTROS;gradient_boosting;25;VIENTO_MEDIO_lag_1|VIENTO_MEDIO|TEMP_MAX|LLUVIA_DESV_14D_PREV|LLUVIA_DESV_30D_PREV|LLUVIA_MAX_30D_PREV|VIENTO_MAX|HUM_SKEW|TEMP_MEDIA|TEMP_SKEW|TEMP_KURT|LLUVIA_TOTAL_30D_PREV|HUM_MEDIA_lag_1|LLUVIA_PROMEDIO_30D_PREV|VIENTO_KURT|DIAS_SECOS_30D_PREV|HUM_KURT|HUM_MEDIA|LLUVIA|VIENTO_SKEW|LLUVIA_PROMEDIO_7D_PREV|LLUVIA_MAX_14D_PREV|LLUVIA_DESV_7D_PREV|LLUVIA_TOTAL_7D_PREV|TEMP_MIN;1.7725772774751534;0.21040465004794504;False
N_OTROS;gradient_boosting;31;VIENTO_MEDIO_lag_1|VIENTO_MEDIO|TEMP_MAX|LLUVIA_DESV_14D_PREV|LLUVIA_DESV_30D_PREV|LLUVIA_MAX_30D_PREV|VIENTO_MAX|HUM_SKEW|TEMP_MEDIA|TEMP_SKEW|TEMP_KURT|LLUVIA_TOTAL_30D_PREV|HUM_MEDIA_lag_1|LLUVIA_PROMEDIO_30D_PREV|VIENTO_KURT|DIAS_SECOS_30D_PREV|HUM_KURT|HUM_MEDIA|LLUVIA|VIENTO_SKEW|LLUVIA_PROMEDIO_7D_PREV|LLUVIA_MAX_14D_PREV|LLUVIA_DESV_7D_PREV|LLUVIA_TOTAL_7D_PREV|TEMP_MIN|LLUVIA_TOTAL_14D_PREV|HUM_MIN|LLUVIA_PROMEDIO_14D_PREV|LLUVIA_LAG_2D|HUM_MAX|LLUVIA_LAG_14D;1.773888241742117;0.20571051280473762;False
N_OTROS;hist_poisson;5;VIENTO_MEDIO_lag_1|VIENTO_MEDIO|TEMP_MAX|LLUVIA_DESV_14D_PREV|LLUVIA_DESV_30D_PREV;1.8350997606013515;0.2652584773522386;False
N_OTROS;hist_poisson;10;VIENTO_MEDIO_lag_1|VIENTO_MEDIO|TEMP_MAX|LLUVIA_DESV_14D_PREV|LLUVIA_DESV_30D_PREV|LLUVIA_MAX_30D_PREV|VIENTO_MAX|HUM_SKEW|TEMP_MEDIA|TEMP_SKEW;1.810069105937904;0.25568386137628213;False
N_OTROS;hist_poisson;15;VIENTO_MEDIO_lag_1|VIENTO_MEDIO|TEMP_MAX|LLUVIA_DESV_14D_PREV|LLUVIA_DESV_30D_PREV|LLUVIA_MAX_30D_PREV|VIENTO_MAX|HUM_SKEW|TEMP_MEDIA|TEMP_SKEW|TEMP_KURT|LLUVIA_TOTAL_30D_PREV|HUM_MEDIA_lag_1|LLUVIA_PROMEDIO_30D_PREV|VIENTO_KURT;1.7760962466606198;0.21965691566405163;False
N_OTROS;hist_poisson;20;VIENTO_MEDIO_lag_1|VIENTO_MEDIO|TEMP_MAX|LLUVIA_DESV_14D_PREV|LLUVIA_DESV_30D_PREV|LLUVIA_MAX_30D_PREV|VIENTO_MAX|HUM_SKEW|TEMP_MEDIA|TEMP_SKEW|TEMP_KURT|LLUVIA_TOTAL_30D_PREV|HUM_MEDIA_lag_1|LLUVIA_PROMEDIO_30D_PREV|VIENTO_KURT|DIAS_SECOS_30D_PREV|HUM_KURT|HUM_MEDIA|LLUVIA|VIENTO_SKEW;1.7690559371273211;0.248940932649506;False
N_OTROS;hist_poisson;25;VIENTO_MEDIO_lag_1|VIENTO_MEDIO|TEMP_MAX|LLUVIA_DESV_14D_PREV|LLUVIA_DESV_30D_PREV|LLUVIA_MAX_30D_PREV|VIENTO_MAX|HUM_SKEW|TEMP_MEDIA|TEMP_SKEW|TEMP_KURT|LLUVIA_TOTAL_30D_PREV|HUM_MEDIA_lag_1|LLUVIA_PROMEDIO_30D_PREV|VIENTO_KURT|DIAS_SECOS_30D_PREV|HUM_KURT|HUM_MEDIA|LLUVIA|VIENTO_SKEW|LLUVIA_PROMEDIO_7D_PREV|LLUVIA_MAX_14D_PREV|LLUVIA_DESV_7D_PREV|LLUVIA_TOTAL_7D_PREV|TEMP_MIN;1.7652940126310797;0.23973246868015652;False
N_OTROS;hist_poisson;31;VIENTO_MEDIO_lag_1|VIENTO_MEDIO|TEMP_MAX|LLUVIA_DESV_14D_PREV|LLUVIA_DESV_30D_PREV|LLUVIA_MAX_30D_PREV|VIENTO_MAX|HUM_SKEW|TEMP_MEDIA|TEMP_SKEW|TEMP_KURT|LLUVIA_TOTAL_30D_PREV|HUM_MEDIA_lag_1|LLUVIA_PROMEDIO_30D_PREV|VIENTO_KURT|DIAS_SECOS_30D_PREV|HUM_KURT|HUM_MEDIA|LLUVIA|VIENTO_SKEW|LLUVIA_PROMEDIO_7D_PREV|LLUVIA_MAX_14D_PREV|LLUVIA_DESV_7D_PREV|LLUVIA_TOTAL_7D_PREV|TEMP_MIN|LLUVIA_TOTAL_14D_PREV|HUM_MIN|LLUVIA_PROMEDIO_14D_PREV|LLUVIA_LAG_2D|HUM_MAX|LLUVIA_LAG_14D;1.777404387770162;0.2547348859978322;False
