feature_cols;feature_count;search_stage;temporal_oof_mae;temporal_oof_roc_auc;temporal_oof_f1;temporal_oof_f1_threshold;fold_mae_std;fold_roc_auc_std;rank_mae;rank_roc_auc;rank_f1;mean_metric_rank
HUM_MEDIA_lag_1|VIENTO_MEDIO_lag_1|VIENTO_KURT|VIENTO_MEDIO|VIENTO_MAX|LLUVIA_DESV_30D_PREV|VIENTO_SKEW|HUM_MEDIA|LLUVIA_MAX_30D_PREV|TEMP_SKEW|HUM_MIN|HUM_SKEW|TEMP_MEDIA|TEMP_MAX|TEMP_KURT|HUM_KURT|DIAS_SECOS_30D_PREV|TEMP_MIN|LLUVIA_PROMEDIO_30D_PREV|LLUVIA_TOTAL_30D_PREV|LLUVIA|LLUVIA_LAG_7D|LLUVIA_PROMEDIO_7D_PREV|LLUVIA_MAX_14D_PREV|DIAS_SECOS_14D_PREV|LLUVIA_LAG_14D|LLUVIA_MAX_7D_PREV|LLUVIA_LAG_5D|LLUVIA_TOTAL_7D_PREV|LLUVIA_DESV_3D_PREV|LLUVIA_PROMEDIO_14D_PREV;31;refinamiento_1;2.737194453790241;0.574887417218543;0.38917525773195877;0.32000000000000006;0.19843002490794948;0.030279697445376192;50.0;4.0;3.0;19.0
HUM_MEDIA_lag_1|VIENTO_MEDIO_lag_1|VIENTO_KURT|VIENTO_MEDIO|VIENTO_MAX|LLUVIA_DESV_30D_PREV|VIENTO_SKEW|HUM_MEDIA|LLUVIA_MAX_30D_PREV|TEMP_SKEW|HUM_MIN|HUM_SKEW|TEMP_MEDIA|TEMP_MAX|TEMP_KURT|HUM_KURT|DIAS_SECOS_30D_PREV|TEMP_MIN|LLUVIA_PROMEDIO_30D_PREV|LLUVIA_TOTAL_30D_PREV|LLUVIA_DESV_14D_PREV|HUM_MAX|LLUVIA_DESV_7D_PREV|LLUVIA_PROMEDIO_7D_PREV|LLUVIA_MAX_14D_PREV|DIAS_SECOS_14D_PREV|LLUVIA_LAG_14D|LLUVIA_MAX_7D_PREV|LLUVIA_LAG_5D|LLUVIA_TOTAL_7D_PREV|LLUVIA_DESV_3D_PREV|LLUVIA_PROMEDIO_14D_PREV;32;refinamiento_3;2.7207451646898213;0.5694952170713761;0.3795454545454545;0.29000000000000004;0.19769535851448544;0.023631081328749873;5.0;20.0;40.0;21.666666666666668
HUM_MEDIA_lag_1|VIENTO_MEDIO_lag_1|VIENTO_KURT|VIENTO_MEDIO|VIENTO_MAX|LLUVIA_DESV_30D_PREV|VIENTO_SKEW|HUM_MEDIA|LLUVIA_MAX_30D_PREV|TEMP_SKEW|HUM_MIN|HUM_SKEW|TEMP_MEDIA|TEMP_MAX|TEMP_KURT|HUM_KURT|DIAS_SECOS_30D_PREV|TEMP_MIN|LLUVIA_PROMEDIO_30D_PREV|LLUVIA_TOTAL_30D_PREV|LLUVIA|LLUVIA_LAG_7D|LLUVIA_LAG_10D|LLUVIA_MAX_14D_PREV|DIAS_SECOS_14D_PREV|LLUVIA_LAG_14D|LLUVIA_MAX_7D_PREV|LLUVIA_LAG_5D|LLUVIA_TOTAL_7D_PREV|LLUVIA_DESV_3D_PREV|LLUVIA_PROMEDIO_14D_PREV;31;refinamiento_1;2.7405921428993247;0.5819337748344371;0.4028169014084507;0.34;0.20570609132010254;0.03367158792619708;63.0;1.0;1.0;21.666666666666668
HUM_MEDIA_lag_1|VIENTO_MEDIO_lag_1|VIENTO_KURT|VIENTO_MEDIO|VIENTO_MAX|LLUVIA_DESV_30D_PREV|VIENTO_SKEW|HUM_MEDIA|LLUVIA_MAX_30D_PREV|TEMP_SKEW|HUM_MIN|HUM_SKEW|TEMP_MEDIA|TEMP_MAX|TEMP_KURT|HUM_KURT|DIAS_SECOS_30D_PREV|TEMP_MIN|LLUVIA_PROMEDIO_30D_PREV|LLUVIA_TOTAL_30D_PREV|LLUVIA_LAG_10D|LLUVIA_PROMEDIO_7D_PREV|LLUVIA_MAX_14D_PREV|DIAS_SECOS_14D_PREV|LLUVIA_LAG_14D|LLUVIA_MAX_7D_PREV|LLUVIA_LAG_5D|LLUVIA_TOTAL_7D_PREV|LLUVIA_DESV_3D_PREV|DIAS_SECOS_7D_PREV|LLUVIA_LAG_1D|LLUVIA_LAG_3D;32;refinamiento_3;2.7261322412493736;0.5665754231052245;0.38373570520965694;0.32000000000000006;0.18026073950357985;0.030698919747116776;13.0;38.0;17.0;22.666666666666668
HUM_MEDIA_lag_1|VIENTO_MEDIO_lag_1|VIENTO_KURT|VIENTO_MEDIO|VIENTO_MAX|LLUVIA_DESV_30D_PREV|VIENTO_SKEW|HUM_MEDIA|LLUVIA_MAX_30D_PREV|TEMP_SKEW|HUM_MIN|HUM_SKEW|TEMP_MEDIA|TEMP_MAX|TEMP_KURT|HUM_KURT|DIAS_SECOS_30D_PREV|TEMP_MIN|LLUVIA_PROMEDIO_30D_PREV|LLUVIA_TOTAL_30D_PREV|LLUVIA_DESV_14D_PREV|HUM_MAX|LLUVIA_DESV_7D_PREV|LLUVIA|LLUVIA_LAG_7D|LLUVIA_LAG_10D|LLUVIA_PROMEDIO_7D_PREV|LLUVIA_MAX_14D_PREV|LLUVIA_MAX_3D_PREV|LLUVIA_TOTAL_3D_PREV|DIAS_SECOS_3D_PREV;31;refinamiento_3;2.7398941684454816;0.5755114054451803;0.38717339667458434;0.30000000000000004;0.18540380694676975;0.028453455121951885;60.0;3.0;9.0;24.0
HUM_MEDIA_lag_1|VIENTO_MEDIO_lag_1|VIENTO_KURT|VIENTO_MEDIO|VIENTO_MAX|LLUVIA_DESV_30D_PREV|VIENTO_SKEW|HUM_MEDIA|LLUVIA_MAX_30D_PREV|TEMP_SKEW|HUM_MIN|HUM_SKEW|TEMP_MEDIA|TEMP_MAX|TEMP_KURT|HUM_KURT|DIAS_SECOS_30D_PREV|TEMP_MIN|LLUVIA_PROMEDIO_30D_PREV|LLUVIA_TOTAL_30D_PREV|LLUVIA_LAG_10D|LLUVIA_PROMEDIO_7D_PREV|LLUVIA_MAX_14D_PREV|DIAS_SECOS_14D_PREV|LLUVIA_LAG_14D|LLUVIA_MAX_7D_PREV|LLUVIA_LAG_5D|LLUVIA_TOTAL_7D_PREV|DIAS_SECOS_7D_PREV|LLUVIA_LAG_1D|LLUVIA_LAG_3D;31;refinamiento_1;2.730928578431921;0.5686946284032377;0.3805031446540881;0.36000000000000004;0.15482703937143344;0.034167635644458336;25.0;21.0;34.0;26.666666666666668
HUM_MEDIA_lag_1|VIENTO_MEDIO_lag_1|VIENTO_KURT|VIENTO_MEDIO|VIENTO_MAX|LLUVIA_DESV_30D_PREV|VIENTO_SKEW|HUM_MEDIA|LLUVIA_MAX_30D_PREV|TEMP_SKEW|HUM_MIN|HUM_SKEW|TEMP_MEDIA|TEMP_MAX|TEMP_KURT|HUM_KURT|DIAS_SECOS_30D_PREV|TEMP_MIN|LLUVIA_PROMEDIO_30D_PREV|LLUVIA_TOTAL_30D_PREV|LLUVIA|LLUVIA_LAG_7D|LLUVIA_LAG_10D|LLUVIA_PROMEDIO_7D_PREV|LLUVIA_MAX_14D_PREV|LLUVIA_LAG_14D|LLUVIA_MAX_7D_PREV|LLUVIA_LAG_5D|LLUVIA_TOTAL_7D_PREV|LLUVIA_DESV_3D_PREV|LLUVIA_PROMEDIO_14D_PREV;31;refinamiento_1;2.7250886519144784;0.5656865342163355;0.3808255659121172;0.33;0.172572062595435;0.03476302153051071;11.0;44.0;31.0;28.666666666666668
HUM_MEDIA_lag_1|VIENTO_MEDIO_lag_1|VIENTO_KURT|VIENTO_MEDIO|VIENTO_MAX|LLUVIA_DESV_30D_PREV|VIENTO_SKEW|HUM_MEDIA|LLUVIA_MAX_30D_PREV|TEMP_SKEW|HUM_MIN|HUM_SKEW|TEMP_MEDIA|TEMP_MAX|TEMP_KURT|HUM_KURT|DIAS_SECOS_30D_PREV|TEMP_MIN|LLUVIA_PROMEDIO_30D_PREV|LLUVIA_TOTAL_30D_PREV|LLUVIA|LLUVIA_LAG_7D|LLUVIA_LAG_10D|LLUVIA_PROMEDIO_7D_PREV|LLUVIA_MAX_14D_PREV|DIAS_SECOS_14D_PREV|LLUVIA_LAG_14D|LLUVIA_MAX_7D_PREV|LLUVIA_LAG_5D|LLUVIA_TOTAL_7D_PREV|LLUVIA_DESV_3D_PREV|LLUVIA_PROMEDIO_14D_PREV;32;refinamiento_3;2.736362791899576;0.5748697571743929;0.37945791726105566;0.34;0.18901758931832133;0.019660562548957452;47.0;5.0;42.0;31.333333333333332
HUM_MEDIA_lag_1|VIENTO_MEDIO_lag_1|VIENTO_KURT|VIENTO_MEDIO|VIENTO_MAX|LLUVIA_DESV_30D_PREV|VIENTO_SKEW|HUM_MEDIA|LLUVIA_MAX_30D_PREV|TEMP_SKEW|HUM_MIN|HUM_SKEW|TEMP_MEDIA|TEMP_MAX|TEMP_KURT|HUM_KURT|DIAS_SECOS_30D_PREV|TEMP_MIN|LLUVIA_PROMEDIO_30D_PREV|LLUVIA_TOTAL_30D_PREV|LLUVIA_LAG_10D|LLUVIA_PROMEDIO_7D_PREV|LLUVIA_MAX_14D_PREV|DIAS_SECOS_14D_PREV|LLUVIA_LAG_14D|LLUVIA_MAX_7D_PREV|LLUVIA_LAG_5D|LLUVIA_DESV_3D_PREV|DIAS_SECOS_7D_PREV|LLUVIA_LAG_1D|LLUVIA_LAG_3D;31;refinamiento_1;2.7286260889699063;0.5697247976453275;0.3772455089820359;0.35000000000000003;0.18088819487994673;0.026121332463274107;19.0;17.0;61.0;32.333333333333336
HUM_MEDIA_lag_1|VIENTO_MEDIO_lag_1|VIENTO_KURT|VIENTO_MEDIO|VIENTO_MAX|LLUVIA_DESV_30D_PREV|VIENTO_SKEW|HUM_MEDIA|LLUVIA_MAX_30D_PREV|TEMP_SKEW|HUM_MIN|HUM_SKEW|TEMP_MEDIA|TEMP_MAX|TEMP_KURT|HUM_KURT|DIAS_SECOS_30D_PREV|TEMP_MIN|LLUVIA_PROMEDIO_30D_PREV|LLUVIA_TOTAL_30D_PREV|LLUVIA_DESV_14D_PREV|HUM_MAX|LLUVIA_DESV_7D_PREV|LLUVIA_PROMEDIO_7D_PREV|LLUVIA_MAX_14D_PREV|DIAS_SECOS_14D_PREV|LLUVIA_LAG_14D|LLUVIA_MAX_7D_PREV|LLUVIA_LAG_5D|LLUVIA_DESV_3D_PREV|LLUVIA_PROMEDIO_14D_PREV;31;refinamiento_1;2.7241007420805317;0.5706195732155996;0.3761467889908257;0.29000000000000004;0.19676133740793925;0.031778195097292336;10.0;12.0;78.0;33.333333333333336
HUM_MEDIA_lag_1|VIENTO_MEDIO_lag_1|VIENTO_KURT|VIENTO_MEDIO|VIENTO_MAX|LLUVIA_DESV_30D_PREV|VIENTO_SKEW|HUM_MEDIA|LLUVIA_MAX_30D_PREV|TEMP_SKEW|HUM_MIN|HUM_SKEW|TEMP_MEDIA|TEMP_MAX|TEMP_KURT|HUM_KURT|DIAS_SECOS_30D_PREV|TEMP_MIN|LLUVIA_PROMEDIO_30D_PREV|LLUVIA_TOTAL_30D_PREV|LLUVIA_DESV_14D_PREV|HUM_MAX|LLUVIA_DESV_7D_PREV|LLUVIA|LLUVIA_LAG_7D|LLUVIA_MAX_7D_PREV|LLUVIA_LAG_5D|LLUVIA_TOTAL_7D_PREV|LLUVIA_DESV_3D_PREV|LLUVIA_PROMEDIO_14D_PREV|LLUVIA_LAG_2D|LLUVIA_TOTAL_14D_PREV|DIAS_SECOS_7D_PREV|LLUVIA_LAG_1D|LLUVIA_LAG_3D;35;bloques_5;2.744578710184387;0.5724208977189109;0.38362573099415204;0.30000000000000004;0.20997946378209367;0.02499932392951235;73.0;8.0;19.0;33.333333333333336
HUM_MEDIA_lag_1|VIENTO_MEDIO_lag_1|VIENTO_KURT|VIENTO_MEDIO|VIENTO_MAX|LLUVIA_DESV_30D_PREV|VIENTO_SKEW|HUM_MEDIA|LLUVIA_MAX_30D_PREV|TEMP_SKEW|HUM_MIN|HUM_SKEW|TEMP_MEDIA|TEMP_MAX|TEMP_KURT|HUM_KURT|DIAS_SECOS_30D_PREV|TEMP_MIN|LLUVIA_PROMEDIO_30D_PREV|LLUVIA_TOTAL_30D_PREV|LLUVIA_LAG_10D|LLUVIA_PROMEDIO_7D_PREV|LLUVIA_MAX_14D_PREV|DIAS_SECOS_14D_PREV|LLUVIA_LAG_14D|LLUVIA_MAX_7D_PREV|LLUVIA_LAG_5D|LLUVIA_TOTAL_7D_PREV|LLUVIA_DESV_3D_PREV|LLUVIA_PROMEDIO_14D_PREV|LLUVIA_LAG_2D|LLUVIA_TOTAL_14D_PREV|DIAS_SECOS_7D_PREV|LLUVIA_LAG_1D|LLUVIA_LAG_3D;35;bloques_5;2.7272440689518236;0.5686710816777042;0.3769230769230769;0.32000000000000006;0.18487303288846527;0.03107016721543903;14.0;22.0;66.0;34.0
HUM_MEDIA_lag_1|VIENTO_MEDIO_lag_1|VIENTO_KURT|VIENTO_MEDIO|VIENTO_MAX|LLUVIA_DESV_30D_PREV|VIENTO_SKEW|HUM_MEDIA|LLUVIA_MAX_30D_PREV|TEMP_SKEW|HUM_MIN|HUM_SKEW|TEMP_MEDIA|TEMP_MAX|TEMP_KURT|HUM_KURT|DIAS_SECOS_30D_PREV|TEMP_MIN|LLUVIA_PROMEDIO_30D_PREV|LLUVIA_TOTAL_30D_PREV|LLUVIA|LLUVIA_LAG_7D|LLUVIA_LAG_10D|LLUVIA_PROMEDIO_7D_PREV|LLUVIA_MAX_14D_PREV|DIAS_SECOS_14D_PREV|LLUVIA_LAG_14D|LLUVIA_MAX_7D_PREV|LLUVIA_LAG_5D|LLUVIA_TOTAL_7D_PREV|LLUVIA_PROMEDIO_14D_PREV;31;refinamiento_1;2.743403721410706;0.5681766004415011;0.3880597014925373;0.37000000000000005;0.1896208740441134;0.029360815717067237;72.0;27.0;7.0;35.333333333333336
HUM_MEDIA_lag_1|VIENTO_MEDIO_lag_1|VIENTO_KURT|VIENTO_MEDIO|VIENTO_MAX|LLUVIA_DESV_30D_PREV|VIENTO_SKEW|HUM_MEDIA|LLUVIA_MAX_30D_PREV|TEMP_SKEW|HUM_MIN|HUM_SKEW|TEMP_MEDIA|TEMP_MAX|TEMP_KURT|HUM_KURT|DIAS_SECOS_30D_PREV|TEMP_MIN|LLUVIA_PROMEDIO_30D_PREV|LLUVIA_TOTAL_30D_PREV|LLUVIA_LAG_10D|LLUVIA_PROMEDIO_7D_PREV|LLUVIA_MAX_14D_PREV|DIAS_SECOS_14D_PREV|LLUVIA_LAG_14D|LLUVIA_MAX_7D_PREV|LLUVIA_LAG_5D|LLUVIA_TOTAL_7D_PREV|LLUVIA_DESV_3D_PREV|DIAS_SECOS_7D_PREV|LLUVIA_LAG_1D;31;refinamiento_1;2.7182187976519265;0.5678763796909492;0.3765112262521589;0.2;0.1734363133046526;0.041017797226363666;3.0;31.0;74.0;36.0
HUM_MEDIA_lag_1|VIENTO_MEDIO_lag_1|VIENTO_KURT|VIENTO_MEDIO|VIENTO_MAX|LLUVIA_DESV_30D_PREV|VIENTO_SKEW|HUM_MEDIA|LLUVIA_MAX_30D_PREV|TEMP_SKEW|HUM_MIN|HUM_SKEW|TEMP_MEDIA|TEMP_MAX|TEMP_KURT|HUM_KURT|DIAS_SECOS_30D_PREV|TEMP_MIN|LLUVIA_PROMEDIO_30D_PREV|LLUVIA_TOTAL_30D_PREV|LLUVIA_DESV_14D_PREV|HUM_MAX|LLUVIA_DESV_7D_PREV|LLUVIA|LLUVIA_LAG_7D|LLUVIA_LAG_10D|LLUVIA_PROMEDIO_7D_PREV|LLUVIA_MAX_14D_PREV|DIAS_SECOS_14D_PREV|LLUVIA_LAG_14D|LLUVIA_MAX_7D_PREV|LLUVIA_LAG_5D|LLUVIA_TOTAL_7D_PREV|LLUVIA_DESV_3D_PREV|LLUVIA_PROMEDIO_14D_PREV|LLUVIA_LAG_2D|LLUVIA_TOTAL_14D_PREV|DIAS_SECOS_7D_PREV|LLUVIA_LAG_1D|LLUVIA_LAG_3D;40;bloques_5;2.753436343022355;0.5755820456217806;0.3886743886743887;0.32000000000000006;0.2036701066783875;0.03097579825346516;104.0;2.0;4.0;36.666666666666664
HUM_MEDIA_lag_1|VIENTO_MEDIO_lag_1|VIENTO_KURT|VIENTO_MEDIO|VIENTO_MAX|LLUVIA_DESV_30D_PREV|VIENTO_SKEW|HUM_MEDIA|LLUVIA_MAX_30D_PREV|TEMP_SKEW|HUM_MIN|HUM_SKEW|TEMP_MEDIA|TEMP_MAX|TEMP_KURT|HUM_KURT|DIAS_SECOS_30D_PREV|TEMP_MIN|LLUVIA_PROMEDIO_30D_PREV|LLUVIA_TOTAL_30D_PREV|LLUVIA_DESV_14D_PREV|HUM_MAX|LLUVIA_DESV_7D_PREV|LLUVIA|LLUVIA_LAG_7D|LLUVIA_LAG_10D|LLUVIA_PROMEDIO_7D_PREV|LLUVIA_MAX_14D_PREV|DIAS_SECOS_14D_PREV|LLUVIA_TOTAL_7D_PREV|LLUVIA_DESV_3D_PREV|LLUVIA_PROMEDIO_14D_PREV;32;refinamiento_3;2.7409137737733333;0.5697071376011773;0.3816793893129771;0.28;0.18859892841466006;0.02596199806266826;65.0;18.0;28.0;37.0
HUM_MEDIA_lag_1|VIENTO_MEDIO_lag_1|VIENTO_KURT|VIENTO_MEDIO|VIENTO_MAX|LLUVIA_DESV_30D_PREV|VIENTO_SKEW|HUM_MEDIA|LLUVIA_MAX_30D_PREV|TEMP_SKEW|HUM_MIN|HUM_SKEW|TEMP_MEDIA|TEMP_MAX|TEMP_KURT|HUM_KURT|DIAS_SECOS_30D_PREV|TEMP_MIN|LLUVIA_PROMEDIO_30D_PREV|LLUVIA_TOTAL_30D_PREV|LLUVIA|LLUVIA_LAG_7D|LLUVIA_LAG_10D|LLUVIA_PROMEDIO_7D_PREV|LLUVIA_MAX_14D_PREV|DIAS_SECOS_14D_PREV|LLUVIA_LAG_14D|LLUVIA_MAX_7D_PREV|LLUVIA_LAG_5D|LLUVIA_DESV_3D_PREV|LLUVIA_PROMEDIO_14D_PREV;31;refinamiento_1;2.736189993389085;0.5714319352465048;0.37777777777777777;0.36000000000000004;0.2016337820023008;0.03142067999187195;46.0;10.0;57.0;37.666666666666664
HUM_MEDIA_lag_1|VIENTO_MEDIO_lag_1|VIENTO_KURT|VIENTO_MEDIO|VIENTO_MAX|LLUVIA_DESV_30D_PREV|VIENTO_SKEW|HUM_MEDIA|LLUVIA_MAX_30D_PREV|TEMP_SKEW|HUM_MIN|HUM_SKEW|TEMP_MEDIA|TEMP_MAX|TEMP_KURT|HUM_KURT|DIAS_SECOS_30D_PREV|TEMP_MIN|LLUVIA_PROMEDIO_30D_PREV|LLUVIA_TOTAL_30D_PREV|LLUVIA_DESV_14D_PREV|HUM_MAX|LLUVIA_DESV_7D_PREV|LLUVIA|LLUVIA_LAG_7D|LLUVIA_LAG_5D|LLUVIA_TOTAL_7D_PREV|LLUVIA_DESV_3D_PREV|LLUVIA_PROMEDIO_14D_PREV|LLUVIA_LAG_2D|LLUVIA_TOTAL_14D_PREV|DIAS_SECOS_7D_PREV|LLUVIA_LAG_1D|LLUVIA_LAG_3D;34;refinamiento_1;2.748176987241234;0.568476821192053;0.3881019830028329;0.34;0.20085561188829842;0.03639933650683967;85.0;23.0;6.0;38.0
HUM_MEDIA_lag_1|VIENTO_MEDIO_lag_1|VIENTO_KURT|VIENTO_MEDIO|VIENTO_MAX|LLUVIA_DESV_30D_PREV|VIENTO_SKEW|HUM_MEDIA|LLUVIA_MAX_30D_PREV|TEMP_SKEW|HUM_MIN|HUM_SKEW|TEMP_MEDIA|TEMP_MAX|TEMP_KURT|HUM_KURT|DIAS_SECOS_30D_PREV|TEMP_MIN|LLUVIA_PROMEDIO_30D_PREV|LLUVIA_TOTAL_30D_PREV|LLUVIA|LLUVIA_LAG_7D|LLUVIA_LAG_10D|LLUVIA_PROMEDIO_7D_PREV|LLUVIA_MAX_14D_PREV|DIAS_SECOS_14D_PREV|LLUVIA_LAG_14D|LLUVIA_MAX_7D_PREV|LLUVIA_LAG_5D|LLUVIA_TOTAL_7D_PREV|LLUVIA_DESV_3D_PREV;31;refinamiento_1;2.7342560888224887;0.565056659308315;0.38065522620904835;0.36000000000000004;0.18610343279722774;0.0319351005342368;38.0;50.0;32.0;40.0
HUM_MEDIA_lag_1|VIENTO_MEDIO_lag_1|VIENTO_KURT|VIENTO_MEDIO|VIENTO_MAX|LLUVIA_DESV_30D_PREV|VIENTO_SKEW|HUM_MEDIA|LLUVIA_MAX_30D_PREV|TEMP_SKEW|HUM_MIN|HUM_SKEW|TEMP_MEDIA|TEMP_MAX|TEMP_KURT|HUM_KURT|DIAS_SECOS_30D_PREV|TEMP_MIN|LLUVIA_PROMEDIO_30D_PREV|LLUVIA_TOTAL_30D_PREV|LLUVIA_DESV_14D_PREV|HUM_MAX|LLUVIA_DESV_7D_PREV|LLUVIA_MAX_14D_PREV|DIAS_SECOS_14D_PREV|LLUVIA_LAG_14D|LLUVIA_MAX_7D_PREV|LLUVIA_LAG_5D|LLUVIA_TOTAL_7D_PREV|LLUVIA_DESV_3D_PREV|LLUVIA_PROMEDIO_14D_PREV;31;refinamiento_1;2.729585081062682;0.5656158940397351;0.3779527559055118;0.25000000000000006;0.20445826750181237;0.029545283321386836;22.0;45.0;54.0;40.333333333333336
HUM_MEDIA_lag_1|VIENTO_MEDIO_lag_1|VIENTO_KURT|VIENTO_MEDIO|VIENTO_MAX|LLUVIA_DESV_30D_PREV|VIENTO_SKEW|HUM_MEDIA|LLUVIA_MAX_30D_PREV|TEMP_SKEW|HUM_MIN|HUM_SKEW|TEMP_MEDIA|TEMP_MAX|TEMP_KURT|HUM_KURT|DIAS_SECOS_30D_PREV|TEMP_MIN|LLUVIA_PROMEDIO_30D_PREV|LLUVIA_TOTAL_30D_PREV|LLUVIA_LAG_10D|LLUVIA_PROMEDIO_7D_PREV|LLUVIA_MAX_14D_PREV|DIAS_SECOS_14D_PREV|LLUVIA_LAG_14D|LLUVIA_LAG_2D|LLUVIA_TOTAL_14D_PREV|DIAS_SECOS_7D_PREV|LLUVIA_LAG_1D|LLUVIA_LAG_3D|LLUVIA_PROMEDIO_3D_PREV|LLUVIA_MAX_3D_PREV|LLUVIA_TOTAL_3D_PREV|DIAS_SECOS_3D_PREV;34;bloques_5;2.733764805434714;0.5627314201618838;0.3831417624521073;0.32000000000000006;0.19743728258021842;0.028537469923430193;37.0;64.0;20.0;40.333333333333336
HUM_MEDIA_lag_1|VIENTO_MEDIO_lag_1|VIENTO_KURT|VIENTO_MEDIO|VIENTO_MAX|LLUVIA_DESV_30D_PREV|VIENTO_SKEW|HUM_MEDIA|LLUVIA_MAX_30D_PREV|TEMP_SKEW|HUM_MIN|HUM_SKEW|TEMP_MEDIA|TEMP_MAX|TEMP_KURT|HUM_KURT|DIAS_SECOS_30D_PREV|TEMP_MIN|LLUVIA_PROMEDIO_30D_PREV|LLUVIA_TOTAL_30D_PREV|LLUVIA_DESV_14D_PREV|HUM_MAX|LLUVIA_DESV_7D_PREV|LLUVIA|LLUVIA_LAG_7D|LLUVIA_MAX_7D_PREV|LLUVIA_LAG_5D|LLUVIA_TOTAL_7D_PREV|LLUVIA_DESV_3D_PREV|LLUVIA_PROMEDIO_14D_PREV|LLUVIA_LAG_2D|DIAS_SECOS_7D_PREV|LLUVIA_LAG_1D|LLUVIA_LAG_3D;34;refinamiento_1;2.7423658962411155;0.5659514348785871;0.3864864864864865;0.33;0.19873657280593868;0.02975809728787678;70.0;41.0;10.0;40.333333333333336
HUM_MEDIA_lag_1|VIENTO_MEDIO_lag_1|VIENTO_KURT|VIENTO_MEDIO|VIENTO_MAX|LLUVIA_DESV_30D_PREV|VIENTO_SKEW|HUM_MEDIA|LLUVIA_MAX_30D_PREV|TEMP_SKEW|HUM_MIN|HUM_SKEW|TEMP_MEDIA|TEMP_MAX|TEMP_KURT|HUM_KURT|DIAS_SECOS_30D_PREV|TEMP_MIN|LLUVIA_PROMEDIO_30D_PREV|LLUVIA_TOTAL_30D_PREV|LLUVIA_DESV_14D_PREV|HUM_MAX|LLUVIA_DESV_7D_PREV|LLUVIA|LLUVIA_LAG_7D|LLUVIA_LAG_10D|LLUVIA_PROMEDIO_7D_PREV|LLUVIA_MAX_14D_PREV|DIAS_SECOS_14D_PREV|LLUVIA_LAG_14D|LLUVIA_MAX_7D_PREV|LLUVIA_LAG_5D|LLUVIA_TOTAL_7D_PREV|LLUVIA_DESV_3D_PREV|DIAS_SECOS_7D_PREV|LLUVIA_LAG_1D|LLUVIA_LAG_3D;37;refinamiento_3;2.744834902545384;0.5698425312729949;0.3801916932907348;0.36000000000000004;0.19278449126191025;0.03405230104711378;74.0;14.0;37.0;41.666666666666664
HUM_MEDIA_lag_1|VIENTO_MEDIO_lag_1|VIENTO_KURT|VIENTO_MEDIO|VIENTO_MAX|LLUVIA_DESV_30D_PREV|VIENTO_SKEW|HUM_MEDIA|LLUVIA_MAX_30D_PREV|TEMP_SKEW|HUM_MIN|HUM_SKEW|TEMP_MEDIA|TEMP_MAX|TEMP_KURT|HUM_KURT|DIAS_SECOS_30D_PREV|TEMP_MIN|LLUVIA_PROMEDIO_30D_PREV|LLUVIA_TOTAL_30D_PREV|LLUVIA_DESV_14D_PREV|HUM_MAX|LLUVIA_DESV_7D_PREV|LLUVIA|LLUVIA_LAG_7D|LLUVIA_LAG_10D|LLUVIA_PROMEDIO_7D_PREV|LLUVIA_MAX_14D_PREV|DIAS_SECOS_14D_PREV|LLUVIA_LAG_14D|LLUVIA_MAX_7D_PREV|LLUVIA_LAG_5D|LLUVIA_TOTAL_7D_PREV|LLUVIA_DESV_3D_PREV|LLUVIA_PROMEDIO_14D_PREV;35;bloques_5;2.7570353350930694;0.5733745401030169;0.39039039039039036;0.35000000000000003;0.1914480424352391;0.022114167943638255;117.0;6.0;2.0;41.666666666666664
HUM_MEDIA_lag_1|VIENTO_MEDIO_lag_1|VIENTO_KURT|VIENTO_MEDIO|VIENTO_MAX|LLUVIA_DESV_30D_PREV|VIENTO_SKEW|HUM_MEDIA|LLUVIA_MAX_30D_PREV|TEMP_SKEW|HUM_MIN|HUM_SKEW|TEMP_MEDIA|TEMP_MAX|TEMP_KURT|HUM_KURT|DIAS_SECOS_30D_PREV|TEMP_MIN|LLUVIA_PROMEDIO_30D_PREV|LLUVIA_TOTAL_30D_PREV|LLUVIA_DESV_14D_PREV|HUM_MAX|LLUVIA_DESV_7D_PREV|LLUVIA|LLUVIA_LAG_7D|LLUVIA_MAX_7D_PREV|LLUVIA_LAG_5D|LLUVIA_TOTAL_7D_PREV|LLUVIA_DESV_3D_PREV|LLUVIA_PROMEDIO_14D_PREV|LLUVIA_TOTAL_14D_PREV|DIAS_SECOS_7D_PREV|LLUVIA_LAG_1D|LLUVIA_LAG_3D;34;refinamiento_1;2.754159344436886;0.5729801324503312;0.3847980997624703;0.30000000000000004;0.19577516218907048;0.03470024402766489;105.0;7.0;14.0;42.0
HUM_MEDIA_lag_1|VIENTO_MEDIO_lag_1|VIENTO_KURT|VIENTO_MEDIO|VIENTO_MAX|LLUVIA_DESV_30D_PREV|VIENTO_SKEW|HUM_MEDIA|LLUVIA_MAX_30D_PREV|TEMP_SKEW|HUM_MIN|HUM_SKEW|TEMP_MEDIA|TEMP_MAX|TEMP_KURT|HUM_KURT|DIAS_SECOS_30D_PREV|TEMP_MIN|LLUVIA_PROMEDIO_30D_PREV|LLUVIA_TOTAL_30D_PREV|LLUVIA_DESV_14D_PREV|HUM_MAX|LLUVIA_DESV_7D_PREV|LLUVIA|LLUVIA_LAG_7D|LLUVIA_MAX_7D_PREV|LLUVIA_LAG_5D|LLUVIA_TOTAL_7D_PREV|LLUVIA_DESV_3D_PREV|LLUVIA_PROMEDIO_14D_PREV|LLUVIA_LAG_2D|LLUVIA_TOTAL_14D_PREV;32;refinamiento_3;2.7477834483612753;0.5684179543782193;0.38209606986899564;0.28;0.2021319923209835;0.022580057868558236;83.0;24.0;25.0;44.0
HUM_MEDIA_lag_1|VIENTO_MEDIO_lag_1|VIENTO_KURT|VIENTO_MEDIO|VIENTO_MAX|LLUVIA_DESV_30D_PREV|VIENTO_SKEW|HUM_MEDIA|LLUVIA_MAX_30D_PREV|TEMP_SKEW|HUM_MIN|HUM_SKEW|TEMP_MEDIA|TEMP_MAX|TEMP_KURT|HUM_KURT|DIAS_SECOS_30D_PREV|TEMP_MIN|LLUVIA_PROMEDIO_30D_PREV|LLUVIA_TOTAL_30D_PREV|LLUVIA_DESV_14D_PREV|HUM_MAX|LLUVIA_DESV_7D_PREV|LLUVIA|LLUVIA_LAG_7D|LLUVIA_LAG_10D|LLUVIA_PROMEDIO_7D_PREV|LLUVIA_MAX_14D_PREV|DIAS_SECOS_14D_PREV|LLUVIA_LAG_14D|LLUVIA_MAX_7D_PREV|LLUVIA_LAG_5D|LLUVIA_DESV_3D_PREV|LLUVIA_PROMEDIO_14D_PREV;34;refinamiento_1;2.738579082057751;0.56532744665195;0.38095238095238093;0.34;0.2030997903009735;0.02904599034601069;55.0;48.0;30.0;44.333333333333336
HUM_MEDIA_lag_1|VIENTO_MEDIO_lag_1|VIENTO_KURT|VIENTO_MEDIO|VIENTO_MAX|LLUVIA_DESV_30D_PREV|VIENTO_SKEW|HUM_MEDIA|LLUVIA_MAX_30D_PREV|TEMP_SKEW|HUM_MIN|HUM_SKEW|TEMP_MEDIA|TEMP_MAX|TEMP_KURT|HUM_KURT|DIAS_SECOS_30D_PREV|TEMP_MIN|LLUVIA_PROMEDIO_30D_PREV|LLUVIA_TOTAL_30D_PREV|LLUVIA_DESV_14D_PREV|HUM_MAX|LLUVIA_DESV_7D_PREV|LLUVIA|LLUVIA_LAG_7D|LLUVIA_LAG_10D|LLUVIA_PROMEDIO_7D_PREV|LLUVIA_MAX_14D_PREV|DIAS_SECOS_14D_PREV|LLUVIA_LAG_14D|LLUVIA_PROMEDIO_3D_PREV|LLUVIA_MAX_3D_PREV|LLUVIA_TOTAL_3D_PREV|DIAS_SECOS_3D_PREV;34;bloques_5;2.7416269186023134;0.5679058130978661;0.3804347826086957;0.33;0.19404265601494955;0.033139494094336384;68.0;30.0;35.0;44.333333333333336
HUM_MEDIA_lag_1|VIENTO_MEDIO_lag_1|VIENTO_KURT|VIENTO_MEDIO|VIENTO_MAX|LLUVIA_DESV_30D_PREV|VIENTO_SKEW|HUM_MEDIA|LLUVIA_MAX_30D_PREV|TEMP_SKEW|HUM_MIN|HUM_SKEW|TEMP_MEDIA|TEMP_MAX|TEMP_KURT|HUM_KURT|DIAS_SECOS_30D_PREV|TEMP_MIN|LLUVIA_PROMEDIO_30D_PREV|LLUVIA_TOTAL_30D_PREV|LLUVIA_DESV_14D_PREV|HUM_MAX|LLUVIA_DESV_7D_PREV|LLUVIA|LLUVIA_LAG_7D|LLUVIA_LAG_10D|LLUVIA_PROMEDIO_7D_PREV|LLUVIA_MAX_14D_PREV|LLUVIA_LAG_5D|LLUVIA_TOTAL_7D_PREV|LLUVIA_DESV_3D_PREV|LLUVIA_PROMEDIO_14D_PREV|LLUVIA_LAG_2D|LLUVIA_TOTAL_14D_PREV|DIAS_SECOS_7D_PREV|LLUVIA_LAG_1D|LLUVIA_LAG_3D;37;refinamiento_3;2.7463420626409434;0.5707902869757174;0.3788546255506608;0.21000000000000002;0.19827378538034002;0.038319686292550684;76.0;11.0;46.0;44.333333333333336
HUM_MEDIA_lag_1|VIENTO_MEDIO_lag_1|VIENTO_KURT|VIENTO_MEDIO|VIENTO_MAX|LLUVIA_DESV_30D_PREV|VIENTO_SKEW|HUM_MEDIA|LLUVIA_MAX_30D_PREV|TEMP_SKEW|HUM_MIN|HUM_SKEW|TEMP_MEDIA|TEMP_MAX|TEMP_KURT|HUM_KURT|DIAS_SECOS_30D_PREV|TEMP_MIN|LLUVIA_PROMEDIO_30D_PREV|LLUVIA_TOTAL_30D_PREV|LLUVIA_LAG_10D|LLUVIA_PROMEDIO_7D_PREV|LLUVIA_MAX_14D_PREV|DIAS_SECOS_14D_PREV|LLUVIA_LAG_14D|LLUVIA_LAG_5D|LLUVIA_TOTAL_7D_PREV|LLUVIA_DESV_3D_PREV|DIAS_SECOS_7D_PREV|LLUVIA_LAG_1D|LLUVIA_LAG_3D;31;refinamiento_1;2.733414161982635;0.5638145695364238;0.37894736842105264;0.35000000000000003;0.17871726667912294;0.031689416054620924;34.0;56.0;44.0;44.666666666666664
HUM_MEDIA_lag_1|VIENTO_MEDIO_lag_1|VIENTO_KURT|VIENTO_MEDIO|VIENTO_MAX|LLUVIA_DESV_30D_PREV|VIENTO_SKEW|HUM_MEDIA|LLUVIA_MAX_30D_PREV|TEMP_SKEW|HUM_MIN|HUM_SKEW|TEMP_MEDIA|TEMP_MAX|TEMP_KURT|HUM_KURT|DIAS_SECOS_30D_PREV|TEMP_MIN|LLUVIA_PROMEDIO_30D_PREV|LLUVIA_TOTAL_30D_PREV|LLUVIA_DESV_14D_PREV|HUM_MAX|LLUVIA_DESV_7D_PREV|LLUVIA|LLUVIA_LAG_7D|LLUVIA_LAG_10D|LLUVIA_PROMEDIO_7D_PREV|LLUVIA_MAX_14D_PREV|DIAS_SECOS_14D_PREV|LLUVIA_LAG_14D|LLUVIA_LAG_2D|LLUVIA_TOTAL_14D_PREV|DIAS_SECOS_7D_PREV|LLUVIA_LAG_1D|LLUVIA_LAG_3D;35;bloques_5;2.756134473253817;0.5717439293598234;0.386052303860523;0.31000000000000005;0.19594744408056272;0.02040770566605317;115.0;9.0;12.0;45.333333333333336
HUM_MEDIA_lag_1|VIENTO_MEDIO_lag_1|VIENTO_KURT|VIENTO_MEDIO|VIENTO_MAX|LLUVIA_DESV_30D_PREV|VIENTO_SKEW|HUM_MEDIA|LLUVIA_MAX_30D_PREV|TEMP_SKEW|HUM_MIN|HUM_SKEW|TEMP_MEDIA|TEMP_MAX|TEMP_KURT|HUM_KURT|DIAS_SECOS_30D_PREV|TEMP_MIN|LLUVIA_PROMEDIO_30D_PREV|LLUVIA_TOTAL_30D_PREV|LLUVIA_LAG_10D|LLUVIA_PROMEDIO_7D_PREV|LLUVIA_MAX_14D_PREV|DIAS_SECOS_14D_PREV|LLUVIA_LAG_14D|LLUVIA_MAX_7D_PREV|LLUVIA_LAG_5D|LLUVIA_TOTAL_7D_PREV|LLUVIA_DESV_3D_PREV|DIAS_SECOS_7D_PREV|LLUVIA_LAG_3D;31;refinamiento_1;2.72226162559484;0.5646563649742458;0.37608318890814557;0.2;0.17882206051738347;0.03665799760403661;7.0;52.0;79.0;46.0
HUM_MEDIA_lag_1|VIENTO_MEDIO_lag_1|VIENTO_KURT|VIENTO_MEDIO|VIENTO_MAX|LLUVIA_DESV_30D_PREV|VIENTO_SKEW|HUM_MEDIA|LLUVIA_MAX_30D_PREV|TEMP_SKEW|HUM_MIN|HUM_SKEW|TEMP_MEDIA|TEMP_MAX|TEMP_KURT|HUM_KURT|DIAS_SECOS_30D_PREV|TEMP_MIN|LLUVIA_PROMEDIO_30D_PREV|LLUVIA_TOTAL_30D_PREV|LLUVIA_LAG_10D|LLUVIA_PROMEDIO_7D_PREV|LLUVIA_MAX_14D_PREV|DIAS_SECOS_14D_PREV|LLUVIA_LAG_14D|LLUVIA_MAX_7D_PREV|LLUVIA_LAG_5D|LLUVIA_TOTAL_7D_PREV|LLUVIA_DESV_3D_PREV|LLUVIA_PROMEDIO_14D_PREV|LLUVIA_LAG_2D|LLUVIA_TOTAL_14D_PREV;32;refinamiento_3;2.737663104214079;0.565486387049301;0.3790849673202614;0.28;0.19320987103265397;0.027002268489828948;51.0;46.0;43.0;46.666666666666664
HUM_MEDIA_lag_1|VIENTO_MEDIO_lag_1|VIENTO_KURT|VIENTO_MEDIO|VIENTO_MAX|LLUVIA_DESV_30D_PREV|VIENTO_SKEW|HUM_MEDIA|LLUVIA_MAX_30D_PREV|TEMP_SKEW|HUM_MIN|HUM_SKEW|TEMP_MEDIA|TEMP_MAX|TEMP_KURT|HUM_KURT|DIAS_SECOS_30D_PREV|TEMP_MIN|LLUVIA_PROMEDIO_30D_PREV|LLUVIA_TOTAL_30D_PREV|LLUVIA_DESV_14D_PREV|HUM_MAX|LLUVIA_DESV_7D_PREV|LLUVIA|LLUVIA_LAG_7D|LLUVIA_LAG_10D|LLUVIA_PROMEDIO_7D_PREV|LLUVIA_MAX_14D_PREV|DIAS_SECOS_14D_PREV|LLUVIA_LAG_14D|LLUVIA_MAX_7D_PREV|LLUVIA_LAG_5D|LLUVIA_TOTAL_7D_PREV|LLUVIA_PROMEDIO_14D_PREV;34;refinamiento_1;2.738667741499648;0.5631199411331862;0.3817663817663818;0.34;0.17867933032276895;0.026057724836762546;56.0;59.0;27.0;47.333333333333336
HUM_MEDIA_lag_1|VIENTO_MEDIO_lag_1|VIENTO_KURT|VIENTO_MEDIO|VIENTO_MAX|LLUVIA_DESV_30D_PREV|VIENTO_SKEW|HUM_MEDIA|LLUVIA_MAX_30D_PREV|TEMP_SKEW|HUM_MIN|HUM_SKEW|TEMP_MEDIA|TEMP_MAX|TEMP_KURT|HUM_KURT|DIAS_SECOS_30D_PREV|TEMP_MIN|LLUVIA_PROMEDIO_30D_PREV|LLUVIA_TOTAL_30D_PREV|LLUVIA_DESV_14D_PREV|HUM_MAX|LLUVIA_LAG_10D|LLUVIA_PROMEDIO_7D_PREV|LLUVIA_MAX_14D_PREV|DIAS_SECOS_14D_PREV|LLUVIA_LAG_14D|LLUVIA_PROMEDIO_3D_PREV|LLUVIA_MAX_3D_PREV|LLUVIA_TOTAL_3D_PREV|DIAS_SECOS_3D_PREV;31;refinamiento_3;2.7102907669732232;0.5624782928623988;0.37628865979381443;0.32000000000000006;0.18280191628513812;0.039180627158522295;1.0;68.0;76.0;48.333333333333336
HUM_MEDIA_lag_1|VIENTO_MEDIO_lag_1|VIENTO_KURT|VIENTO_MEDIO|VIENTO_MAX|LLUVIA_DESV_30D_PREV|VIENTO_SKEW|HUM_MEDIA|LLUVIA_MAX_30D_PREV|TEMP_SKEW|HUM_MIN|HUM_SKEW|TEMP_MEDIA|TEMP_MAX|TEMP_KURT|HUM_KURT|DIAS_SECOS_30D_PREV|TEMP_MIN|LLUVIA_PROMEDIO_30D_PREV|LLUVIA_TOTAL_30D_PREV|LLUVIA_DESV_14D_PREV|HUM_MAX|LLUVIA_DESV_7D_PREV|LLUVIA|LLUVIA_LAG_7D|LLUVIA_LAG_10D|LLUVIA_PROMEDIO_7D_PREV|LLUVIA_MAX_14D_PREV|DIAS_SECOS_14D_PREV|LLUVIA_LAG_14D|LLUVIA_MAX_7D_PREV|LLUVIA_LAG_5D|LLUVIA_DESV_3D_PREV|LLUVIA_PROMEDIO_14D_PREV|LLUVIA_LAG_2D|LLUVIA_TOTAL_14D_PREV|DIAS_SECOS_7D_PREV|LLUVIA_LAG_1D|LLUVIA_LAG_3D;39;refinamiento_1;2.750611445987461;0.5681707137601177;0.3824884792626728;0.29000000000000004;0.18695427862571068;0.039831223061244966;96.0;28.0;22.0;48.666666666666664
HUM_MEDIA_lag_1|VIENTO_MEDIO_lag_1|VIENTO_KURT|VIENTO_MEDIO|VIENTO_MAX|LLUVIA_DESV_30D_PREV|VIENTO_SKEW|HUM_MEDIA|LLUVIA_MAX_30D_PREV|TEMP_SKEW|HUM_MIN|HUM_SKEW|TEMP_MEDIA|TEMP_MAX|TEMP_KURT|HUM_KURT|DIAS_SECOS_30D_PREV|TEMP_MIN|LLUVIA_PROMEDIO_30D_PREV|LLUVIA_TOTAL_30D_PREV|LLUVIA_LAG_10D|LLUVIA_PROMEDIO_7D_PREV|LLUVIA_MAX_14D_PREV|DIAS_SECOS_14D_PREV|LLUVIA_LAG_14D|LLUVIA_MAX_7D_PREV|LLUVIA_PROMEDIO_14D_PREV|LLUVIA_LAG_2D|LLUVIA_TOTAL_14D_PREV|DIAS_SECOS_7D_PREV|LLUVIA_LAG_1D|LLUVIA_LAG_3D;32;refinamiento_3;2.735940175848885;0.5640441501103752;0.37844611528822053;0.32000000000000006;0.17742769279751888;0.02861712516446084;45.0;55.0;48.0;49.333333333333336
HUM_MEDIA_lag_1|VIENTO_MEDIO_lag_1|VIENTO_KURT|VIENTO_MEDIO|VIENTO_MAX|LLUVIA_DESV_30D_PREV|VIENTO_SKEW|HUM_MEDIA|LLUVIA_MAX_30D_PREV|TEMP_SKEW|HUM_MIN|HUM_SKEW|TEMP_MEDIA|TEMP_MAX|TEMP_KURT|HUM_KURT|DIAS_SECOS_30D_PREV|TEMP_MIN|LLUVIA_PROMEDIO_30D_PREV|LLUVIA_TOTAL_30D_PREV|LLUVIA_DESV_14D_PREV|HUM_MAX|LLUVIA_DESV_7D_PREV|LLUVIA|LLUVIA_LAG_7D|LLUVIA_LAG_10D|LLUVIA_PROMEDIO_7D_PREV|LLUVIA_MAX_14D_PREV|DIAS_SECOS_14D_PREV|LLUVIA_LAG_14D|LLUVIA_LAG_2D|LLUVIA_TOTAL_14D_PREV|DIAS_SECOS_7D_PREV|LLUVIA_LAG_1D|LLUVIA_LAG_3D|LLUVIA_PROMEDIO_3D_PREV|LLUVIA_MAX_3D_PREV|LLUVIA_TOTAL_3D_PREV|DIAS_SECOS_3D_PREV;39;bloques_5;2.7609658652299687;0.5698248712288447;0.3882224645583424;0.28;0.20523277040259955;0.04347506101760979;128.0;15.0;5.0;49.333333333333336
HUM_MEDIA_lag_1|VIENTO_MEDIO_lag_1|VIENTO_KURT|VIENTO_MEDIO|VIENTO_MAX|LLUVIA_DESV_30D_PREV|VIENTO_SKEW|HUM_MEDIA|LLUVIA_MAX_30D_PREV|TEMP_SKEW|HUM_MIN|HUM_SKEW|TEMP_MEDIA|TEMP_MAX|TEMP_KURT|HUM_KURT|DIAS_SECOS_30D_PREV|TEMP_MIN|LLUVIA_PROMEDIO_30D_PREV|LLUVIA_TOTAL_30D_PREV|LLUVIA_LAG_10D|LLUVIA_PROMEDIO_7D_PREV|LLUVIA_MAX_14D_PREV|LLUVIA_LAG_14D|LLUVIA_MAX_7D_PREV|LLUVIA_LAG_5D|LLUVIA_TOTAL_7D_PREV|LLUVIA_DESV_3D_PREV|DIAS_SECOS_7D_PREV|LLUVIA_LAG_1D|LLUVIA_LAG_3D;31;refinamiento_1;2.7234382722331265;0.5630257542310523;0.3760217983651226;0.33;0.1679786894381979;0.03256228780446455;9.0;63.0;81.0;51.0
HUM_MEDIA_lag_1|VIENTO_MEDIO_lag_1|VIENTO_KURT|VIENTO_MEDIO|VIENTO_MAX|LLUVIA_DESV_30D_PREV|VIENTO_SKEW|HUM_MEDIA|LLUVIA_MAX_30D_PREV|TEMP_SKEW|HUM_MIN|HUM_SKEW|TEMP_MEDIA|TEMP_MAX|TEMP_KURT|HUM_KURT|DIAS_SECOS_30D_PREV|TEMP_MIN|LLUVIA_PROMEDIO_30D_PREV|LLUVIA_TOTAL_30D_PREV|LLUVIA_DESV_14D_PREV|HUM_MAX|LLUVIA_DESV_7D_PREV|LLUVIA_PROMEDIO_7D_PREV|LLUVIA_MAX_14D_PREV|LLUVIA_LAG_14D|LLUVIA_MAX_7D_PREV|LLUVIA_LAG_5D|LLUVIA_TOTAL_7D_PREV|LLUVIA_DESV_3D_PREV|LLUVIA_PROMEDIO_14D_PREV;31;refinamiento_1;2.750160499599104;0.5698248712288446;0.37894736842105264;0.27;0.19471601475290082;0.02971629642118719;95.0;16.0;44.0;51.666666666666664
HUM_MEDIA_lag_1|VIENTO_MEDIO_lag_1|VIENTO_KURT|VIENTO_MEDIO|VIENTO_MAX|LLUVIA_DESV_30D_PREV|VIENTO_SKEW|HUM_MEDIA|LLUVIA_MAX_30D_PREV|TEMP_SKEW|HUM_MIN|HUM_SKEW|TEMP_MEDIA|TEMP_MAX|TEMP_KURT|HUM_KURT|DIAS_SECOS_30D_PREV|TEMP_MIN|LLUVIA_PROMEDIO_30D_PREV|LLUVIA_TOTAL_30D_PREV|LLUVIA_DESV_14D_PREV|HUM_MAX|LLUVIA_DESV_7D_PREV|LLUVIA|LLUVIA_LAG_7D|LLUVIA_MAX_7D_PREV|LLUVIA_LAG_5D|LLUVIA_TOTAL_7D_PREV|LLUVIA_DESV_3D_PREV|LLUVIA_PROMEDIO_14D_PREV|LLUVIA_LAG_2D|LLUVIA_TOTAL_14D_PREV|LLUVIA_LAG_1D|LLUVIA_LAG_3D;34;refinamiento_1;2.755353539834968;0.5695894039735099;0.3821478382147838;0.33;0.19892341480088094;0.02731367736264453;112.0;19.0;24.0;51.666666666666664
HUM_MEDIA_lag_1|VIENTO_MEDIO_lag_1|VIENTO_KURT|VIENTO_MEDIO|VIENTO_MAX|LLUVIA_DESV_30D_PREV|VIENTO_SKEW|HUM_MEDIA|LLUVIA_MAX_30D_PREV|TEMP_SKEW|HUM_MIN|HUM_SKEW|TEMP_MEDIA|TEMP_MAX|TEMP_KURT|HUM_KURT|DIAS_SECOS_30D_PREV|TEMP_MIN|LLUVIA_PROMEDIO_30D_PREV|LLUVIA_TOTAL_30D_PREV|LLUVIA_LAG_10D|LLUVIA_PROMEDIO_7D_PREV|LLUVIA_MAX_14D_PREV|DIAS_SECOS_14D_PREV|LLUVIA_LAG_14D|LLUVIA_MAX_7D_PREV|LLUVIA_TOTAL_7D_PREV|LLUVIA_DESV_3D_PREV|DIAS_SECOS_7D_PREV|LLUVIA_LAG_1D|LLUVIA_LAG_3D;31;refinamiento_1;2.7322468701907594;0.5657512877115527;0.3754889178617992;0.32000000000000006;0.1705467423814128;0.030544739850856227;29.0;43.0;89.0;53.666666666666664
HUM_MEDIA_lag_1|VIENTO_MEDIO_lag_1|VIENTO_KURT|VIENTO_MEDIO|VIENTO_MAX|LLUVIA_DESV_30D_PREV|VIENTO_SKEW|HUM_MEDIA|LLUVIA_MAX_30D_PREV|TEMP_SKEW|HUM_MIN|HUM_SKEW|TEMP_MEDIA|TEMP_MAX|TEMP_KURT|HUM_KURT|DIAS_SECOS_30D_PREV|TEMP_MIN|LLUVIA_PROMEDIO_30D_PREV|LLUVIA_TOTAL_30D_PREV|LLUVIA_DESV_14D_PREV|HUM_MAX|LLUVIA_DESV_7D_PREV|LLUVIA|LLUVIA_LAG_7D|LLUVIA_MAX_7D_PREV|LLUVIA_LAG_5D|LLUVIA_TOTAL_7D_PREV|LLUVIA_DESV_3D_PREV|LLUVIA_LAG_2D|LLUVIA_TOTAL_14D_PREV|DIAS_SECOS_7D_PREV|LLUVIA_LAG_1D|LLUVIA_LAG_3D;34;refinamiento_1;2.7543930394276743;0.5677939661515821;0.3823146944083225;0.32000000000000006;0.19937153438037675;0.04038561040099576;108.0;32.0;23.0;54.333333333333336
HUM_MEDIA_lag_1|VIENTO_MEDIO_lag_1|VIENTO_KURT|VIENTO_MEDIO|VIENTO_MAX|LLUVIA_DESV_30D_PREV|VIENTO_SKEW|HUM_MEDIA|LLUVIA_MAX_30D_PREV|TEMP_SKEW|HUM_MIN|HUM_SKEW|TEMP_MEDIA|TEMP_MAX|TEMP_KURT|HUM_KURT|DIAS_SECOS_30D_PREV|TEMP_MIN|LLUVIA_PROMEDIO_30D_PREV|LLUVIA_TOTAL_30D_PREV|LLUVIA_DESV_14D_PREV|HUM_MAX|LLUVIA_DESV_7D_PREV|LLUVIA|LLUVIA_LAG_7D|LLUVIA_LAG_10D|LLUVIA_PROMEDIO_7D_PREV|LLUVIA_MAX_14D_PREV|DIAS_SECOS_14D_PREV|LLUVIA_LAG_14D|LLUVIA_MAX_7D_PREV|LLUVIA_LAG_5D|LLUVIA_TOTAL_7D_PREV|LLUVIA_DESV_3D_PREV|LLUVIA_PROMEDIO_14D_PREV|LLUVIA_LAG_2D|LLUVIA_TOTAL_14D_PREV;37;refinamiento_3;2.759712826327677;0.5705371596762324;0.38188976377952755;0.25000000000000006;0.20579739018315338;0.027966576508563008;125.0;13.0;26.0;54.666666666666664
HUM_MEDIA_lag_1|VIENTO_MEDIO_lag_1|VIENTO_KURT|VIENTO_MEDIO|VIENTO_MAX|LLUVIA_DESV_30D_PREV|VIENTO_SKEW|HUM_MEDIA|LLUVIA_MAX_30D_PREV|TEMP_SKEW|HUM_MIN|HUM_SKEW|TEMP_MEDIA|TEMP_MAX|TEMP_KURT|HUM_KURT|DIAS_SECOS_30D_PREV|TEMP_MIN|LLUVIA_PROMEDIO_30D_PREV|LLUVIA_TOTAL_30D_PREV|LLUVIA_DESV_14D_PREV|HUM_MAX|LLUVIA_DESV_7D_PREV|LLUVIA|LLUVIA_LAG_7D|LLUVIA_LAG_10D|LLUVIA_MAX_14D_PREV|DIAS_SECOS_14D_PREV|LLUVIA_LAG_14D|LLUVIA_MAX_7D_PREV|LLUVIA_LAG_5D|LLUVIA_TOTAL_7D_PREV|LLUVIA_DESV_3D_PREV|LLUVIA_PROMEDIO_14D_PREV;34;refinamiento_1;2.741227204152739;0.5605651214128036;0.3825;0.31000000000000005;0.20471453157763794;0.03191284630998166;66.0;78.0;21.0;55.0
HUM_MEDIA_lag_1|VIENTO_MEDIO_lag_1|VIENTO_KURT|VIENTO_MEDIO|VIENTO_MAX|LLUVIA_DESV_30D_PREV|VIENTO_SKEW|HUM_MEDIA|LLUVIA_MAX_30D_PREV|TEMP_SKEW|HUM_MIN|HUM_SKEW|TEMP_MEDIA|TEMP_MAX|TEMP_KURT|HUM_KURT|DIAS_SECOS_30D_PREV|TEMP_MIN|LLUVIA_PROMEDIO_30D_PREV|LLUVIA_TOTAL_30D_PREV|LLUVIA_DESV_14D_PREV|HUM_MAX|LLUVIA_DESV_7D_PREV|LLUVIA|LLUVIA_LAG_7D|LLUVIA_LAG_10D|LLUVIA_PROMEDIO_7D_PREV|LLUVIA_MAX_14D_PREV|DIAS_SECOS_14D_PREV|LLUVIA_MAX_7D_PREV|LLUVIA_LAG_5D|LLUVIA_TOTAL_7D_PREV|LLUVIA_DESV_3D_PREV|LLUVIA_PROMEDIO_14D_PREV;34;refinamiento_1;2.7423263243654783;0.5630434142752024;0.3802163833075734;0.36000000000000004;0.1883471802763646;0.025225431307752157;69.0;62.0;36.0;55.666666666666664
HUM_MEDIA_lag_1|VIENTO_MEDIO_lag_1|VIENTO_KURT|VIENTO_MEDIO|VIENTO_MAX|LLUVIA_DESV_30D_PREV|VIENTO_SKEW|HUM_MEDIA|LLUVIA_MAX_30D_PREV|TEMP_SKEW|HUM_MIN|HUM_SKEW|TEMP_MEDIA|TEMP_MAX|TEMP_KURT|HUM_KURT|DIAS_SECOS_30D_PREV|TEMP_MIN|LLUVIA_PROMEDIO_30D_PREV|LLUVIA_TOTAL_30D_PREV|LLUVIA_DESV_14D_PREV|HUM_MAX|LLUVIA_DESV_7D_PREV|LLUVIA|LLUVIA_LAG_7D|LLUVIA_MAX_7D_PREV|LLUVIA_LAG_5D|LLUVIA_TOTAL_7D_PREV|LLUVIA_DESV_3D_PREV|LLUVIA_PROMEDIO_14D_PREV|LLUVIA_LAG_2D|LLUVIA_TOTAL_14D_PREV|DIAS_SECOS_7D_PREV|LLUVIA_LAG_1D;34;refinamiento_1;2.7330625874885466;0.5615069904341428;0.37707948243992606;0.23000000000000004;0.19747563900850107;0.026145399112921554;33.0;72.0;64.0;56.333333333333336
HUM_MEDIA_lag_1|VIENTO_MEDIO_lag_1|VIENTO_KURT|VIENTO_MEDIO|VIENTO_MAX|LLUVIA_DESV_30D_PREV|VIENTO_SKEW|HUM_MEDIA|LLUVIA_MAX_30D_PREV|TEMP_SKEW|HUM_MIN|HUM_SKEW|TEMP_MEDIA|TEMP_MAX|TEMP_KURT|HUM_KURT|DIAS_SECOS_30D_PREV|TEMP_MIN|LLUVIA_PROMEDIO_30D_PREV|LLUVIA_TOTAL_30D_PREV|LLUVIA_LAG_10D|LLUVIA_PROMEDIO_7D_PREV|LLUVIA_MAX_14D_PREV|LLUVIA_LAG_5D|LLUVIA_TOTAL_7D_PREV|LLUVIA_DESV_3D_PREV|LLUVIA_PROMEDIO_14D_PREV|LLUVIA_LAG_2D|LLUVIA_TOTAL_14D_PREV|DIAS_SECOS_7D_PREV|LLUVIA_LAG_1D|LLUVIA_LAG_3D;32;refinamiento_3;2.739178823676249;0.5679882266372333;0.3758765778401122;0.34;0.19199221920907633;0.03590948952935532;58.0;29.0;83.0;56.666666666666664
HUM_MEDIA_lag_1|VIENTO_MEDIO_lag_1|VIENTO_KURT|VIENTO_MEDIO|VIENTO_MAX|LLUVIA_DESV_30D_PREV|VIENTO_SKEW|HUM_MEDIA|LLUVIA_MAX_30D_PREV|TEMP_SKEW|HUM_MIN|HUM_SKEW|TEMP_MEDIA|TEMP_MAX|TEMP_KURT|HUM_KURT|DIAS_SECOS_30D_PREV|TEMP_MIN|LLUVIA_PROMEDIO_30D_PREV|LLUVIA_TOTAL_30D_PREV|LLUVIA_DESV_14D_PREV|HUM_MAX|LLUVIA_DESV_7D_PREV|LLUVIA|LLUVIA_LAG_7D|LLUVIA_LAG_10D|LLUVIA_PROMEDIO_7D_PREV|LLUVIA_MAX_14D_PREV|DIAS_SECOS_14D_PREV|LLUVIA_LAG_14D|LLUVIA_PROMEDIO_3D_PREV;31;refinamiento_3;2.7557505495175176;0.5663222958057395;0.38366336633663367;0.31000000000000005;0.1963784857440852;0.023800717112858326;113.0;39.0;18.0;56.666666666666664
HUM_MEDIA_lag_1|VIENTO_MEDIO_lag_1|VIENTO_KURT|VIENTO_MEDIO|VIENTO_MAX|LLUVIA_DESV_30D_PREV|VIENTO_SKEW|HUM_MEDIA|LLUVIA_MAX_30D_PREV|TEMP_SKEW|HUM_MIN|HUM_SKEW|TEMP_MEDIA|TEMP_MAX|TEMP_KURT|HUM_KURT|DIAS_SECOS_30D_PREV|TEMP_MIN|LLUVIA_PROMEDIO_30D_PREV|LLUVIA_TOTAL_30D_PREV|LLUVIA_DESV_14D_PREV|HUM_MAX|LLUVIA_DESV_7D_PREV|LLUVIA|LLUVIA_LAG_7D|LLUVIA_LAG_10D|LLUVIA_PROMEDIO_7D_PREV|LLUVIA_MAX_14D_PREV|DIAS_SECOS_14D_PREV|LLUVIA_LAG_14D|LLUVIA_MAX_7D_PREV|LLUVIA_TOTAL_7D_PREV|LLUVIA_DESV_3D_PREV|LLUVIA_PROMEDIO_14D_PREV|LLUVIA_LAG_2D|LLUVIA_TOTAL_14D_PREV|DIAS_SECOS_7D_PREV|LLUVIA_LAG_1D|LLUVIA_LAG_3D;39;refinamiento_1;2.754165744836372;0.5669580573951436;0.3805970149253731;0.31000000000000005;0.18524480811486208;0.03559699012041089;106.0;36.0;33.0;58.333333333333336
HUM_MEDIA_lag_1|VIENTO_MEDIO_lag_1|VIENTO_KURT|VIENTO_MEDIO|VIENTO_MAX|LLUVIA_DESV_30D_PREV|VIENTO_SKEW|HUM_MEDIA|LLUVIA_MAX_30D_PREV|TEMP_SKEW|HUM_MIN|HUM_SKEW|TEMP_MEDIA|TEMP_MAX|TEMP_KURT|HUM_KURT|DIAS_SECOS_30D_PREV|TEMP_MIN|LLUVIA_PROMEDIO_30D_PREV|LLUVIA_TOTAL_30D_PREV|LLUVIA_DESV_14D_PREV|HUM_MAX|LLUVIA_DESV_7D_PREV|LLUVIA|LLUVIA_LAG_7D|LLUVIA_LAG_10D|LLUVIA_PROMEDIO_7D_PREV|LLUVIA_MAX_14D_PREV|DIAS_SECOS_14D_PREV|LLUVIA_LAG_14D|LLUVIA_MAX_7D_PREV|LLUVIA_LAG_5D|LLUVIA_TOTAL_7D_PREV|LLUVIA_PROMEDIO_14D_PREV|LLUVIA_LAG_2D|LLUVIA_TOTAL_14D_PREV|DIAS_SECOS_7D_PREV|LLUVIA_LAG_1D|LLUVIA_LAG_3D;39;refinamiento_1;2.7767472571732523;0.5683590875643856;0.3847072879330944;0.30000000000000004;0.20568043684875145;0.040356895197464944;135.0;25.0;15.0;58.333333333333336
HUM_MEDIA_lag_1|VIENTO_MEDIO_lag_1|VIENTO_KURT|VIENTO_MEDIO|VIENTO_MAX|LLUVIA_DESV_30D_PREV|VIENTO_SKEW|HUM_MEDIA|LLUVIA_MAX_30D_PREV|TEMP_SKEW|HUM_MIN|HUM_SKEW|TEMP_MEDIA|TEMP_MAX|TEMP_KURT|HUM_KURT|DIAS_SECOS_30D_PREV|TEMP_MIN|LLUVIA_PROMEDIO_30D_PREV|LLUVIA_TOTAL_30D_PREV|LLUVIA_DESV_14D_PREV|HUM_MAX|LLUVIA_DESV_7D_PREV|LLUVIA_PROMEDIO_7D_PREV|LLUVIA_MAX_14D_PREV|DIAS_SECOS_14D_PREV|LLUVIA_MAX_7D_PREV|LLUVIA_LAG_5D|LLUVIA_TOTAL_7D_PREV|LLUVIA_DESV_3D_PREV|LLUVIA_PROMEDIO_14D_PREV;31;refinamiento_1;2.7379344946682886;0.564579838116262;0.3767772511848341;0.30000000000000004;0.1935348368964925;0.02861890889184134;52.0;53.0;71.0;58.666666666666664
HUM_MEDIA_lag_1|VIENTO_MEDIO_lag_1|VIENTO_KURT|VIENTO_MEDIO|VIENTO_MAX|LLUVIA_DESV_30D_PREV|VIENTO_SKEW|HUM_MEDIA|LLUVIA_MAX_30D_PREV|TEMP_SKEW|HUM_MIN|HUM_SKEW|TEMP_MEDIA|TEMP_MAX|TEMP_KURT|HUM_KURT|DIAS_SECOS_30D_PREV|TEMP_MIN|LLUVIA_PROMEDIO_30D_PREV|LLUVIA_TOTAL_30D_PREV|LLUVIA_LAG_10D|LLUVIA_PROMEDIO_7D_PREV|LLUVIA_MAX_14D_PREV|DIAS_SECOS_14D_PREV|LLUVIA_LAG_14D|LLUVIA_LAG_1D|LLUVIA_LAG_3D|LLUVIA_PROMEDIO_3D_PREV|LLUVIA_MAX_3D_PREV|LLUVIA_TOTAL_3D_PREV|DIAS_SECOS_3D_PREV;31;refinamiento_3;2.719506219625229;0.559935246504783;0.37543859649122807;0.21000000000000002;0.19471901240832168;0.03207991575954658;4.0;83.0;91.0;59.333333333333336
HUM_MEDIA_lag_1|VIENTO_MEDIO_lag_1|VIENTO_KURT|VIENTO_MEDIO|VIENTO_MAX|LLUVIA_DESV_30D_PREV|VIENTO_SKEW|HUM_MEDIA|LLUVIA_MAX_30D_PREV|TEMP_SKEW|HUM_MIN|HUM_SKEW|TEMP_MEDIA|TEMP_MAX|TEMP_KURT|HUM_KURT|DIAS_SECOS_30D_PREV|TEMP_MIN|LLUVIA_PROMEDIO_30D_PREV|LLUVIA_TOTAL_30D_PREV|LLUVIA_DESV_14D_PREV|HUM_MAX|LLUVIA_DESV_7D_PREV|LLUVIA|LLUVIA_LAG_7D|LLUVIA_LAG_10D|LLUVIA_PROMEDIO_7D_PREV|LLUVIA_MAX_14D_PREV|DIAS_SECOS_14D_PREV|LLUVIA_LAG_14D|LLUVIA_MAX_7D_PREV|LLUVIA_LAG_5D|LLUVIA_TOTAL_7D_PREV|LLUVIA_DESV_3D_PREV|LLUVIA_PROMEDIO_14D_PREV|LLUVIA_LAG_2D|DIAS_SECOS_7D_PREV|LLUVIA_LAG_1D|LLUVIA_LAG_3D;39;refinamiento_1;2.739264023380157;0.5626077998528329;0.37777777777777777;0.33;0.18387282035072;0.03894846019659291;59.0;67.0;57.0;61.0
HUM_MEDIA_lag_1|VIENTO_MEDIO_lag_1|VIENTO_KURT|VIENTO_MEDIO|VIENTO_MAX|LLUVIA_DESV_30D_PREV|VIENTO_SKEW|HUM_MEDIA|LLUVIA_MAX_30D_PREV|TEMP_SKEW|HUM_MIN|HUM_SKEW|TEMP_MEDIA|TEMP_MAX|TEMP_KURT|HUM_KURT|DIAS_SECOS_30D_PREV|TEMP_MIN|LLUVIA_PROMEDIO_30D_PREV|LLUVIA_TOTAL_30D_PREV|LLUVIA_DESV_14D_PREV|HUM_MAX|LLUVIA_DESV_7D_PREV|LLUVIA_PROMEDIO_7D_PREV|LLUVIA_MAX_14D_PREV|DIAS_SECOS_14D_PREV|LLUVIA_LAG_14D|LLUVIA_LAG_5D|LLUVIA_TOTAL_7D_PREV|LLUVIA_DESV_3D_PREV|LLUVIA_PROMEDIO_14D_PREV;31;refinamiento_1;2.757563961260126;0.567552612214864;0.38108882521489973;0.34;0.19775305341053967;0.03031690525322513;122.0;33.0;29.0;61.333333333333336
HUM_MEDIA_lag_1|VIENTO_MEDIO_lag_1|VIENTO_KURT|VIENTO_MEDIO|VIENTO_MAX|LLUVIA_DESV_30D_PREV|VIENTO_SKEW|HUM_MEDIA|LLUVIA_MAX_30D_PREV|TEMP_SKEW|HUM_MIN|HUM_SKEW|TEMP_MEDIA|TEMP_MAX|TEMP_KURT|HUM_KURT|DIAS_SECOS_30D_PREV|TEMP_MIN|LLUVIA_PROMEDIO_30D_PREV|LLUVIA_TOTAL_30D_PREV|LLUVIA|LLUVIA_LAG_7D|LLUVIA_LAG_10D|LLUVIA_PROMEDIO_7D_PREV|LLUVIA_MAX_14D_PREV|DIAS_SECOS_14D_PREV|LLUVIA_LAG_14D|LLUVIA_LAG_5D|LLUVIA_TOTAL_7D_PREV|LLUVIA_DESV_3D_PREV|LLUVIA_PROMEDIO_14D_PREV;31;refinamiento_1;2.730406316834508;0.5653451066961;0.37375415282392027;0.1;0.17527542039822483;0.03579913840236849;24.0;47.0;118.0;63.0
HUM_MEDIA_lag_1|VIENTO_MEDIO_lag_1|VIENTO_KURT|VIENTO_MEDIO|VIENTO_MAX|LLUVIA_DESV_30D_PREV|VIENTO_SKEW|HUM_MEDIA|LLUVIA_MAX_30D_PREV|TEMP_SKEW|HUM_MIN|HUM_SKEW|TEMP_MEDIA|TEMP_MAX|TEMP_KURT|HUM_KURT|DIAS_SECOS_30D_PREV|TEMP_MIN|LLUVIA_PROMEDIO_30D_PREV|LLUVIA_TOTAL_30D_PREV|LLUVIA|LLUVIA_LAG_7D|LLUVIA_LAG_10D|LLUVIA_PROMEDIO_7D_PREV|LLUVIA_MAX_14D_PREV|DIAS_SECOS_14D_PREV|LLUVIA_LAG_14D|LLUVIA_MAX_7D_PREV|LLUVIA_TOTAL_7D_PREV|LLUVIA_DESV_3D_PREV|LLUVIA_PROMEDIO_14D_PREV;31;refinamiento_1;2.752176236213308;0.5682766740250185;0.3770028275212064;0.24000000000000005;0.21663629058303052;0.033187302595901004;100.0;26.0;65.0;63.666666666666664
HUM_MEDIA_lag_1|VIENTO_MEDIO_lag_1|VIENTO_KURT|VIENTO_MEDIO|VIENTO_MAX|LLUVIA_DESV_30D_PREV|VIENTO_SKEW|HUM_MEDIA|LLUVIA_MAX_30D_PREV|TEMP_SKEW|HUM_MIN|HUM_SKEW|TEMP_MEDIA|TEMP_MAX|TEMP_KURT|HUM_KURT|DIAS_SECOS_30D_PREV|TEMP_MIN|LLUVIA_PROMEDIO_30D_PREV|LLUVIA_TOTAL_30D_PREV|LLUVIA_DESV_14D_PREV|HUM_MAX|LLUVIA_DESV_7D_PREV|LLUVIA|LLUVIA_LAG_7D|LLUVIA_LAG_10D|LLUVIA_PROMEDIO_7D_PREV|LLUVIA_MAX_14D_PREV|DIAS_SECOS_14D_PREV|LLUVIA_LAG_14D|LLUVIA_MAX_7D_PREV|LLUVIA_LAG_5D|LLUVIA_TOTAL_7D_PREV|LLUVIA_DESV_3D_PREV|LLUVIA_PROMEDIO_14D_PREV|LLUVIA_PROMEDIO_3D_PREV|LLUVIA_MAX_3D_PREV|LLUVIA_TOTAL_3D_PREV|DIAS_SECOS_3D_PREV;39;bloques_5;2.7336595876723098;0.5589874908020603;0.3768996960486322;0.35000000000000003;0.19238951268217191;0.039647133615746614;36.0;90.0;67.0;64.33333333333333
HUM_MEDIA_lag_1|VIENTO_MEDIO_lag_1|VIENTO_KURT|VIENTO_MEDIO|VIENTO_MAX|LLUVIA_DESV_30D_PREV|VIENTO_SKEW|HUM_MEDIA|LLUVIA_MAX_30D_PREV|TEMP_SKEW|HUM_MIN|HUM_SKEW|TEMP_MEDIA|TEMP_MAX|TEMP_KURT|HUM_KURT|DIAS_SECOS_30D_PREV|TEMP_MIN|LLUVIA_PROMEDIO_30D_PREV|LLUVIA_TOTAL_30D_PREV|LLUVIA_DESV_14D_PREV|HUM_MAX|LLUVIA_DESV_7D_PREV|LLUVIA|LLUVIA_LAG_7D|LLUVIA_LAG_10D|LLUVIA_PROMEDIO_7D_PREV|LLUVIA_MAX_14D_PREV|DIAS_SECOS_14D_PREV|LLUVIA_LAG_14D|LLUVIA_MAX_7D_PREV|LLUVIA_LAG_5D|LLUVIA_TOTAL_7D_PREV|LLUVIA_DESV_3D_PREV|LLUVIA_LAG_2D|LLUVIA_TOTAL_14D_PREV|DIAS_SECOS_7D_PREV|LLUVIA_LAG_1D|LLUVIA_LAG_3D;39;refinamiento_1;2.7483118725152753;0.5631846946284033;0.37844036697247707;0.29000000000000004;0.18707375073093274;0.04090576116572547;87.0;58.0;49.0;64.66666666666667
HUM_MEDIA_lag_1|VIENTO_MEDIO_lag_1|VIENTO_KURT|VIENTO_MEDIO|VIENTO_MAX|LLUVIA_DESV_30D_PREV|VIENTO_SKEW|HUM_MEDIA|LLUVIA_MAX_30D_PREV|TEMP_SKEW|HUM_MIN|HUM_SKEW|TEMP_MEDIA|TEMP_MAX|TEMP_KURT|HUM_KURT|DIAS_SECOS_30D_PREV|TEMP_MIN|LLUVIA_PROMEDIO_30D_PREV|LLUVIA_TOTAL_30D_PREV|LLUVIA_DESV_14D_PREV|HUM_MAX|LLUVIA_DESV_7D_PREV|LLUVIA|LLUVIA_LAG_7D|LLUVIA_LAG_10D|LLUVIA_PROMEDIO_7D_PREV|LLUVIA_MAX_14D_PREV|DIAS_SECOS_14D_PREV|LLUVIA_LAG_14D|LLUVIA_MAX_7D_PREV|LLUVIA_LAG_5D|LLUVIA_TOTAL_7D_PREV|LLUVIA_DESV_3D_PREV;34;refinamiento_1;2.7573593165206614;0.5630669610007358;0.3849624060150376;0.35000000000000003;0.19763231948871596;0.02699636763955233;121.0;61.0;13.0;65.0
HUM_MEDIA_lag_1|VIENTO_MEDIO_lag_1|VIENTO_KURT|VIENTO_MEDIO|VIENTO_MAX|LLUVIA_DESV_30D_PREV|VIENTO_SKEW|HUM_MEDIA|LLUVIA_MAX_30D_PREV|TEMP_SKEW|HUM_MIN|HUM_SKEW|TEMP_MEDIA|TEMP_MAX|TEMP_KURT|HUM_KURT|DIAS_SECOS_30D_PREV|TEMP_MIN|LLUVIA_PROMEDIO_30D_PREV|LLUVIA_TOTAL_30D_PREV|LLUVIA_DESV_14D_PREV|HUM_MAX|LLUVIA_DESV_7D_PREV|LLUVIA|LLUVIA_LAG_7D|LLUVIA_PROMEDIO_7D_PREV|LLUVIA_MAX_14D_PREV|DIAS_SECOS_14D_PREV|LLUVIA_LAG_14D|LLUVIA_MAX_7D_PREV|LLUVIA_LAG_5D|LLUVIA_TOTAL_7D_PREV|LLUVIA_DESV_3D_PREV|LLUVIA_PROMEDIO_14D_PREV;34;refinamiento_1;2.741517899542425;0.5600176600441501;0.3783132530120482;0.30000000000000004;0.20006677475757972;0.031223012965732877;67.0;82.0;51.0;66.66666666666667
HUM_MEDIA_lag_1|VIENTO_MEDIO_lag_1|VIENTO_KURT|VIENTO_MEDIO|VIENTO_MAX|LLUVIA_DESV_30D_PREV|VIENTO_SKEW|HUM_MEDIA|LLUVIA_MAX_30D_PREV|TEMP_SKEW|HUM_MIN|HUM_SKEW|TEMP_MEDIA|TEMP_MAX|TEMP_KURT|HUM_KURT|DIAS_SECOS_30D_PREV|TEMP_MIN|LLUVIA_PROMEDIO_30D_PREV|LLUVIA_TOTAL_30D_PREV|LLUVIA_LAG_10D|LLUVIA_PROMEDIO_7D_PREV|LLUVIA_MAX_14D_PREV|DIAS_SECOS_14D_PREV|LLUVIA_LAG_14D|LLUVIA_LAG_2D|LLUVIA_TOTAL_14D_PREV|DIAS_SECOS_7D_PREV|LLUVIA_LAG_1D|LLUVIA_LAG_3D|LLUVIA_PROMEDIO_3D_PREV;31;refinamiento_3;2.715846496483767;0.5587108167770419;0.3740648379052369;0.1;0.1820275141735635;0.03365397447748367;2.0;92.0;108.0;67.33333333333333
HUM_MEDIA_lag_1|VIENTO_MEDIO_lag_1|VIENTO_KURT|VIENTO_MEDIO|VIENTO_MAX|LLUVIA_DESV_30D_PREV|VIENTO_SKEW|HUM_MEDIA|LLUVIA_MAX_30D_PREV|TEMP_SKEW|HUM_MIN|HUM_SKEW|TEMP_MEDIA|TEMP_MAX|TEMP_KURT|HUM_KURT|DIAS_SECOS_30D_PREV|TEMP_MIN|LLUVIA_PROMEDIO_30D_PREV|LLUVIA_TOTAL_30D_PREV|LLUVIA_LAG_10D|LLUVIA_PROMEDIO_7D_PREV|LLUVIA_MAX_14D_PREV|DIAS_SECOS_14D_PREV|LLUVIA_LAG_14D|LLUVIA_MAX_7D_PREV|LLUVIA_LAG_5D|LLUVIA_TOTAL_7D_PREV|LLUVIA_DESV_3D_PREV|LLUVIA_LAG_1D|LLUVIA_LAG_3D;31;refinamiento_1;2.7335087818488635;0.5651861662987491;0.37375415282392027;0.1;0.16944938540349277;0.03758544066717813;35.0;49.0;118.0;67.33333333333333
HUM_MEDIA_lag_1|VIENTO_MEDIO_lag_1|VIENTO_KURT|VIENTO_MEDIO|VIENTO_MAX|LLUVIA_DESV_30D_PREV|VIENTO_SKEW|HUM_MEDIA|LLUVIA_MAX_30D_PREV|TEMP_SKEW|HUM_MIN|HUM_SKEW|TEMP_MEDIA|TEMP_MAX|TEMP_KURT|HUM_KURT|DIAS_SECOS_30D_PREV|TEMP_MIN|LLUVIA_PROMEDIO_30D_PREV|LLUVIA_TOTAL_30D_PREV|LLUVIA_LAG_10D|LLUVIA_PROMEDIO_7D_PREV|LLUVIA_MAX_14D_PREV|DIAS_SECOS_14D_PREV|LLUVIA_LAG_14D|LLUVIA_LAG_2D|LLUVIA_TOTAL_14D_PREV|LLUVIA_LAG_1D|LLUVIA_LAG_3D|LLUVIA_PROMEDIO_3D_PREV|LLUVIA_MAX_3D_PREV|LLUVIA_TOTAL_3D_PREV|DIAS_SECOS_3D_PREV;33;refinamiento_1;2.725631360752675;0.5586696100073583;0.37457627118644066;0.18000000000000005;0.21314851031372814;0.04275917935492332;12.0;93.0;98.0;67.66666666666667
HUM_MEDIA_lag_1|VIENTO_MEDIO_lag_1|VIENTO_KURT|VIENTO_MEDIO|VIENTO_MAX|LLUVIA_DESV_30D_PREV|VIENTO_SKEW|HUM_MEDIA|LLUVIA_MAX_30D_PREV|TEMP_SKEW|HUM_MIN|HUM_SKEW|TEMP_MEDIA|TEMP_MAX|TEMP_KURT|HUM_KURT|DIAS_SECOS_30D_PREV|TEMP_MIN|LLUVIA_PROMEDIO_30D_PREV|LLUVIA_TOTAL_30D_PREV|LLUVIA_LAG_10D|LLUVIA_PROMEDIO_7D_PREV|LLUVIA_MAX_14D_PREV|DIAS_SECOS_14D_PREV|LLUVIA_LAG_14D|LLUVIA_LAG_2D|DIAS_SECOS_7D_PREV|LLUVIA_LAG_1D|LLUVIA_LAG_3D|LLUVIA_PROMEDIO_3D_PREV|LLUVIA_MAX_3D_PREV|LLUVIA_TOTAL_3D_PREV|DIAS_SECOS_3D_PREV;33;refinamiento_1;2.723032452651449;0.55786902133922;0.3746031746031746;0.28;0.17602648884296326;0.041667766392477976;8.0;100.0;96.0;68.0
HUM_MEDIA_lag_1|VIENTO_MEDIO_lag_1|VIENTO_KURT|VIENTO_MEDIO|VIENTO_MAX|LLUVIA_DESV_30D_PREV|VIENTO_SKEW|HUM_MEDIA|LLUVIA_MAX_30D_PREV|TEMP_SKEW|HUM_MIN|HUM_SKEW|TEMP_MEDIA|TEMP_MAX|TEMP_KURT|HUM_KURT|DIAS_SECOS_30D_PREV|TEMP_MIN|LLUVIA_PROMEDIO_30D_PREV|LLUVIA_TOTAL_30D_PREV|LLUVIA|LLUVIA_LAG_7D|LLUVIA_LAG_10D|LLUVIA_PROMEDIO_7D_PREV|LLUVIA_MAX_14D_PREV|DIAS_SECOS_14D_PREV|LLUVIA_MAX_7D_PREV|LLUVIA_LAG_5D|LLUVIA_TOTAL_7D_PREV|LLUVIA_DESV_3D_PREV|LLUVIA_PROMEDIO_14D_PREV;31;refinamiento_1;2.7282689293546563;0.5621368653421633;0.37375415282392027;0.1;0.18316407151121938;0.035710760447883794;17.0;71.0;118.0;68.66666666666667
HUM_MEDIA_lag_1|VIENTO_MEDIO_lag_1|VIENTO_KURT|VIENTO_MEDIO|VIENTO_MAX|LLUVIA_DESV_30D_PREV|VIENTO_SKEW|HUM_MEDIA|LLUVIA_MAX_30D_PREV|TEMP_SKEW|HUM_MIN|HUM_SKEW|TEMP_MEDIA|TEMP_MAX|TEMP_KURT|HUM_KURT|DIAS_SECOS_30D_PREV|TEMP_MIN|LLUVIA_PROMEDIO_30D_PREV|LLUVIA_TOTAL_30D_PREV|LLUVIA_LAG_10D|LLUVIA_PROMEDIO_7D_PREV|LLUVIA_MAX_14D_PREV|DIAS_SECOS_14D_PREV|LLUVIA_LAG_14D|LLUVIA_LAG_2D|LLUVIA_TOTAL_14D_PREV|DIAS_SECOS_7D_PREV|LLUVIA_MAX_3D_PREV|LLUVIA_TOTAL_3D_PREV|DIAS_SECOS_3D_PREV;31;refinamiento_3;2.7295965474038866;0.559346578366446;0.37468776019983346;0.11000000000000001;0.2056159322280471;0.030564301703702373;23.0;89.0;95.0;69.0
HUM_MEDIA_lag_1|VIENTO_MEDIO_lag_1|VIENTO_KURT|VIENTO_MEDIO|VIENTO_MAX|LLUVIA_DESV_30D_PREV|VIENTO_SKEW|HUM_MEDIA|LLUVIA_MAX_30D_PREV|TEMP_SKEW|HUM_MIN|HUM_SKEW|TEMP_MEDIA|TEMP_MAX|TEMP_KURT|HUM_KURT|DIAS_SECOS_30D_PREV|TEMP_MIN|LLUVIA_PROMEDIO_30D_PREV|LLUVIA_TOTAL_30D_PREV|LLUVIA_DESV_14D_PREV|HUM_MAX|LLUVIA_DESV_7D_PREV|LLUVIA|LLUVIA_LAG_7D|LLUVIA_LAG_10D|LLUVIA_PROMEDIO_7D_PREV|LLUVIA_MAX_14D_PREV|DIAS_SECOS_14D_PREV|LLUVIA_LAG_14D|LLUVIA_MAX_7D_PREV|LLUVIA_PROMEDIO_14D_PREV|LLUVIA_LAG_2D|LLUVIA_TOTAL_14D_PREV|DIAS_SECOS_7D_PREV|LLUVIA_LAG_1D|LLUVIA_LAG_3D;37;refinamiento_3;2.7488548096789125;0.5660691685062545;0.3761996161228407;0.25000000000000006;0.1970934933074938;0.030788996608207473;91.0;40.0;77.0;69.33333333333333
HUM_MEDIA_lag_1|VIENTO_MEDIO_lag_1|VIENTO_KURT|VIENTO_MEDIO|VIENTO_MAX|LLUVIA_DESV_30D_PREV|VIENTO_SKEW|HUM_MEDIA|LLUVIA_MAX_30D_PREV|TEMP_SKEW|HUM_MIN|HUM_SKEW|TEMP_MEDIA|TEMP_MAX|TEMP_KURT|HUM_KURT|DIAS_SECOS_30D_PREV|TEMP_MIN|LLUVIA_PROMEDIO_30D_PREV|LLUVIA_TOTAL_30D_PREV|LLUVIA_LAG_10D|LLUVIA_PROMEDIO_7D_PREV|LLUVIA_MAX_14D_PREV|DIAS_SECOS_14D_PREV|LLUVIA_MAX_7D_PREV|LLUVIA_LAG_5D|LLUVIA_TOTAL_7D_PREV|LLUVIA_DESV_3D_PREV|DIAS_SECOS_7D_PREV|LLUVIA_LAG_1D|LLUVIA_LAG_3D;31;refinamiento_1;2.721494041240862;0.5597645327446652;0.37375415282392027;0.09000000000000001;0.17562280303582264;0.028696706342817593;6.0;85.0;118.0;69.66666666666667
HUM_MEDIA_lag_1|VIENTO_MEDIO_lag_1|VIENTO_KURT|VIENTO_MEDIO|VIENTO_MAX|LLUVIA_DESV_30D_PREV|VIENTO_SKEW|HUM_MEDIA|LLUVIA_MAX_30D_PREV|TEMP_SKEW|HUM_MIN|HUM_SKEW|TEMP_MEDIA|TEMP_MAX|TEMP_KURT|HUM_KURT|DIAS_SECOS_30D_PREV|TEMP_MIN|LLUVIA_PROMEDIO_30D_PREV|LLUVIA_TOTAL_30D_PREV|LLUVIA_DESV_14D_PREV|LLUVIA_DESV_7D_PREV|LLUVIA|LLUVIA_LAG_7D|LLUVIA_LAG_10D|LLUVIA_PROMEDIO_7D_PREV|LLUVIA_MAX_14D_PREV|LLUVIA_MAX_3D_PREV|LLUVIA_TOTAL_3D_PREV|DIAS_SECOS_3D_PREV;30;refinamiento_1;2.7406799271101203;0.5674937454010301;0.37402597402597404;0.19;0.2008550572748519;0.038212035045931105;64.0;34.0;112.0;70.0
HUM_MEDIA_lag_1|VIENTO_MEDIO_lag_1|VIENTO_KURT|VIENTO_MEDIO|VIENTO_MAX|LLUVIA_DESV_30D_PREV|VIENTO_SKEW|HUM_MEDIA|LLUVIA_MAX_30D_PREV|TEMP_SKEW|HUM_MIN|HUM_SKEW|TEMP_MEDIA|TEMP_MAX|TEMP_KURT|HUM_KURT|DIAS_SECOS_30D_PREV|TEMP_MIN|LLUVIA_PROMEDIO_30D_PREV|LLUVIA_TOTAL_30D_PREV|LLUVIA_LAG_10D|LLUVIA_PROMEDIO_7D_PREV|LLUVIA_MAX_14D_PREV|DIAS_SECOS_14D_PREV|LLUVIA_LAG_14D|LLUVIA_LAG_2D|LLUVIA_TOTAL_14D_PREV|DIAS_SECOS_7D_PREV|LLUVIA_LAG_1D|LLUVIA_LAG_3D|LLUVIA_PROMEDIO_3D_PREV|LLUVIA_MAX_3D_PREV|DIAS_SECOS_3D_PREV;33;refinamiento_1;2.7277749758770304;0.5597174392935982;0.3738656987295826;0.23000000000000004;0.19045489391680975;0.0454355254332439;16.0;86.0;115.0;72.33333333333333
HUM_MEDIA_lag_1|VIENTO_MEDIO_lag_1|VIENTO_KURT|VIENTO_MEDIO|VIENTO_MAX|LLUVIA_DESV_30D_PREV|VIENTO_SKEW|HUM_MEDIA|LLUVIA_MAX_30D_PREV|TEMP_SKEW|HUM_MIN|HUM_SKEW|TEMP_MEDIA|TEMP_MAX|TEMP_KURT|HUM_KURT|DIAS_SECOS_30D_PREV|TEMP_MIN|LLUVIA_PROMEDIO_30D_PREV|LLUVIA_TOTAL_30D_PREV|LLUVIA_DESV_14D_PREV|HUM_MAX|LLUVIA|LLUVIA_LAG_7D|LLUVIA_LAG_10D|LLUVIA_PROMEDIO_7D_PREV|LLUVIA_MAX_14D_PREV|LLUVIA_MAX_3D_PREV|LLUVIA_TOTAL_3D_PREV|DIAS_SECOS_3D_PREV;30;refinamiento_1;2.7488894986913937;0.5627255334805004;0.3772302463891249;0.17000000000000004;0.20502754284692734;0.03859404692874751;92.0;65.0;62.0;73.0
HUM_MEDIA_lag_1|VIENTO_MEDIO_lag_1|VIENTO_KURT|VIENTO_MEDIO|VIENTO_MAX|LLUVIA_DESV_30D_PREV|VIENTO_SKEW|HUM_MEDIA|LLUVIA_MAX_30D_PREV|TEMP_SKEW|HUM_MIN|HUM_SKEW|TEMP_MEDIA|TEMP_MAX|TEMP_KURT|HUM_KURT|DIAS_SECOS_30D_PREV|TEMP_MIN|LLUVIA_PROMEDIO_30D_PREV|LLUVIA_TOTAL_30D_PREV|LLUVIA_DESV_14D_PREV|HUM_MAX|LLUVIA_DESV_7D_PREV|LLUVIA|LLUVIA_LAG_7D|LLUVIA_LAG_10D|LLUVIA_PROMEDIO_7D_PREV|LLUVIA_MAX_14D_PREV|DIAS_SECOS_14D_PREV|LLUVIA_LAG_14D|LLUVIA_LAG_5D|LLUVIA_TOTAL_7D_PREV|LLUVIA_DESV_3D_PREV|LLUVIA_PROMEDIO_14D_PREV;34;refinamiento_1;2.7585422203817873;0.5657983811626196;0.37791411042944784;0.31000000000000005;0.18611274402927092;0.02322597195798159;124.0;42.0;55.0;73.66666666666667
HUM_MEDIA_lag_1|VIENTO_MEDIO_lag_1|VIENTO_KURT|VIENTO_MEDIO|VIENTO_MAX|LLUVIA_DESV_30D_PREV|VIENTO_SKEW|HUM_MEDIA|LLUVIA_MAX_30D_PREV|TEMP_SKEW|HUM_MIN|HUM_SKEW|TEMP_MEDIA|TEMP_MAX|TEMP_KURT|HUM_KURT|DIAS_SECOS_30D_PREV|TEMP_MIN|LLUVIA_PROMEDIO_30D_PREV|LLUVIA_TOTAL_30D_PREV|LLUVIA_DESV_14D_PREV|HUM_MAX|LLUVIA_DESV_7D_PREV|LLUVIA|LLUVIA_LAG_7D|LLUVIA_MAX_7D_PREV|LLUVIA_LAG_5D|LLUVIA_TOTAL_7D_PREV|LLUVIA_PROMEDIO_14D_PREV|LLUVIA_LAG_2D|LLUVIA_TOTAL_14D_PREV|DIAS_SECOS_7D_PREV|LLUVIA_LAG_1D|LLUVIA_LAG_3D;34;refinamiento_1;2.7573291025686526;0.5669698307579103;0.3768472906403941;0.31000000000000005;0.2158685293764249;0.040251082508356344;119.0;35.0;68.0;74.0
HUM_MEDIA_lag_1|VIENTO_MEDIO_lag_1|VIENTO_KURT|VIENTO_MEDIO|VIENTO_MAX|LLUVIA_DESV_30D_PREV|VIENTO_SKEW|HUM_MEDIA|LLUVIA_MAX_30D_PREV|TEMP_SKEW|HUM_MIN|HUM_SKEW|TEMP_MEDIA|TEMP_MAX|TEMP_KURT|HUM_KURT|DIAS_SECOS_30D_PREV|TEMP_MIN|LLUVIA_PROMEDIO_30D_PREV|LLUVIA_TOTAL_30D_PREV|LLUVIA_DESV_14D_PREV|HUM_MAX|LLUVIA_DESV_7D_PREV|LLUVIA|LLUVIA_LAG_7D|LLUVIA_LAG_10D|LLUVIA_LAG_14D|LLUVIA_MAX_7D_PREV|LLUVIA_LAG_5D|LLUVIA_TOTAL_7D_PREV|LLUVIA_DESV_3D_PREV|LLUVIA_PROMEDIO_14D_PREV;32;refinamiento_3;2.7630954409817456;0.5632965415746872;0.37980241492864986;0.28;0.20577730847415446;0.027340371115106007;130.0;57.0;38.0;75.0
HUM_MEDIA_lag_1|VIENTO_MEDIO_lag_1|VIENTO_KURT|VIENTO_MEDIO|VIENTO_MAX|LLUVIA_DESV_30D_PREV|VIENTO_SKEW|HUM_MEDIA|LLUVIA_MAX_30D_PREV|TEMP_SKEW|HUM_MIN|HUM_SKEW|TEMP_MEDIA|TEMP_MAX|TEMP_KURT|HUM_KURT|DIAS_SECOS_30D_PREV|TEMP_MIN|LLUVIA_PROMEDIO_30D_PREV|LLUVIA_TOTAL_30D_PREV|LLUVIA_DESV_14D_PREV|HUM_MAX|LLUVIA_DESV_7D_PREV|LLUVIA|LLUVIA_LAG_7D|LLUVIA_MAX_7D_PREV|LLUVIA_LAG_5D|LLUVIA_TOTAL_7D_PREV|LLUVIA_DESV_3D_PREV|LLUVIA_PROMEDIO_14D_PREV|LLUVIA_LAG_2D|LLUVIA_TOTAL_14D_PREV|DIAS_SECOS_7D_PREV|LLUVIA_LAG_3D;34;refinamiento_1;2.7562438897055097;0.5668697571743929;0.3764705882352941;0.30000000000000004;0.21209038468867528;0.02841731723548832;116.0;37.0;75.0;76.0
HUM_MEDIA_lag_1|VIENTO_MEDIO_lag_1|VIENTO_KURT|VIENTO_MEDIO|VIENTO_MAX|LLUVIA_DESV_30D_PREV|VIENTO_SKEW|HUM_MEDIA|LLUVIA_MAX_30D_PREV|TEMP_SKEW|HUM_MIN|HUM_SKEW|TEMP_MEDIA|TEMP_MAX|TEMP_KURT|HUM_KURT|DIAS_SECOS_30D_PREV|TEMP_MIN|LLUVIA_PROMEDIO_30D_PREV|LLUVIA_TOTAL_30D_PREV|LLUVIA_DESV_14D_PREV|HUM_MAX|LLUVIA_DESV_7D_PREV|LLUVIA|LLUVIA_LAG_7D|LLUVIA_MAX_7D_PREV|LLUVIA_LAG_5D|LLUVIA_TOTAL_7D_PREV|LLUVIA_DESV_3D_PREV|DIAS_SECOS_7D_PREV|LLUVIA_LAG_1D|LLUVIA_LAG_3D;32;refinamiento_3;2.7570917780313553;0.5623193524650478;0.37949836423118866;0.28;0.18844928821785173;0.02562575904790266;118.0;70.0;41.0;76.33333333333333
HUM_MEDIA_lag_1|VIENTO_MEDIO_lag_1|VIENTO_KURT|VIENTO_MEDIO|VIENTO_MAX|LLUVIA_DESV_30D_PREV|VIENTO_SKEW|HUM_MEDIA|LLUVIA_MAX_30D_PREV|TEMP_SKEW|HUM_MIN|HUM_SKEW|TEMP_MEDIA|TEMP_MAX|TEMP_KURT|HUM_KURT|DIAS_SECOS_30D_PREV|TEMP_MIN|LLUVIA_PROMEDIO_30D_PREV|LLUVIA_TOTAL_30D_PREV|LLUVIA_DESV_14D_PREV|HUM_MAX|LLUVIA_DESV_7D_PREV|LLUVIA|LLUVIA_LAG_7D|LLUVIA_LAG_10D|LLUVIA_PROMEDIO_7D_PREV|LLUVIA_MAX_14D_PREV|DIAS_SECOS_14D_PREV|LLUVIA_LAG_14D|LLUVIA_MAX_7D_PREV|LLUVIA_LAG_5D|LLUVIA_TOTAL_7D_PREV|LLUVIA_DESV_3D_PREV|LLUVIA_PROMEDIO_14D_PREV|LLUVIA_TOTAL_14D_PREV|DIAS_SECOS_7D_PREV|LLUVIA_LAG_1D|LLUVIA_LAG_3D;39;refinamiento_1;2.7552269863284042;0.562401766004415;0.3781979977753059;0.28;0.18834548210812946;0.03476465475323026;111.0;69.0;52.0;77.33333333333333
HUM_MEDIA_lag_1|VIENTO_MEDIO_lag_1|VIENTO_KURT|VIENTO_MEDIO|VIENTO_MAX|LLUVIA_DESV_30D_PREV|VIENTO_SKEW|HUM_MEDIA|LLUVIA_MAX_30D_PREV|TEMP_SKEW|HUM_MIN|HUM_SKEW|TEMP_MEDIA|TEMP_MAX|TEMP_KURT|HUM_KURT|DIAS_SECOS_30D_PREV|TEMP_MIN|LLUVIA_PROMEDIO_30D_PREV|LLUVIA_TOTAL_30D_PREV|LLUVIA_DESV_14D_PREV|HUM_MAX|LLUVIA_DESV_7D_PREV|LLUVIA_PROMEDIO_7D_PREV|LLUVIA_MAX_14D_PREV|DIAS_SECOS_14D_PREV|LLUVIA_LAG_14D|LLUVIA_MAX_7D_PREV|LLUVIA_LAG_5D|LLUVIA_TOTAL_7D_PREV|LLUVIA_PROMEDIO_14D_PREV;31;refinamiento_1;2.748505683751928;0.5647505518763797;0.375;0.33;0.1755266363075186;0.028019989438561987;89.0;51.0;93.0;77.66666666666667
HUM_MEDIA_lag_1|VIENTO_MEDIO_lag_1|VIENTO_KURT|VIENTO_MEDIO|VIENTO_MAX|LLUVIA_DESV_30D_PREV|VIENTO_SKEW|HUM_MEDIA|LLUVIA_MAX_30D_PREV|TEMP_SKEW|HUM_MIN|HUM_SKEW|TEMP_MEDIA|TEMP_MAX|TEMP_KURT|HUM_KURT|DIAS_SECOS_30D_PREV|TEMP_MIN|LLUVIA_PROMEDIO_30D_PREV|LLUVIA_MAX_14D_PREV|DIAS_SECOS_14D_PREV|LLUVIA_LAG_14D|LLUVIA_LAG_2D|LLUVIA_TOTAL_14D_PREV|DIAS_SECOS_7D_PREV|LLUVIA_LAG_1D|LLUVIA_LAG_3D|LLUVIA_PROMEDIO_3D_PREV|LLUVIA_MAX_3D_PREV|LLUVIA_TOTAL_3D_PREV|DIAS_SECOS_3D_PREV;31;refinamiento_3;2.7314582614392493;0.5587225901398087;0.373806275579809;0.34;0.17062397959347186;0.04096340297112267;26.0;91.0;117.0;78.0
HUM_MEDIA_lag_1|VIENTO_MEDIO_lag_1|VIENTO_KURT|VIENTO_MEDIO|VIENTO_MAX|LLUVIA_DESV_30D_PREV|VIENTO_SKEW|HUM_MEDIA|LLUVIA_MAX_30D_PREV|TEMP_SKEW|HUM_MIN|HUM_SKEW|TEMP_MEDIA|TEMP_MAX|TEMP_KURT|HUM_KURT|DIAS_SECOS_30D_PREV|TEMP_MIN|LLUVIA_PROMEDIO_30D_PREV|LLUVIA_TOTAL_30D_PREV|LLUVIA_LAG_10D|LLUVIA_PROMEDIO_7D_PREV|LLUVIA_MAX_14D_PREV|DIAS_SECOS_14D_PREV|LLUVIA_LAG_14D|LLUVIA_LAG_2D|LLUVIA_TOTAL_14D_PREV|DIAS_SECOS_7D_PREV|LLUVIA_LAG_1D|LLUVIA_LAG_3D|LLUVIA_PROMEDIO_3D_PREV|LLUVIA_TOTAL_3D_PREV|DIAS_SECOS_3D_PREV;33;refinamiento_1;2.734700309000789;0.5567740986019132;0.37585733882030176;0.33;0.1922687505950131;0.04531687241555837;41.0;109.0;84.0;78.0
HUM_MEDIA_lag_1|VIENTO_MEDIO_lag_1|VIENTO_KURT|VIENTO_MEDIO|VIENTO_MAX|LLUVIA_DESV_30D_PREV|VIENTO_SKEW|HUM_MEDIA|LLUVIA_MAX_30D_PREV|TEMP_SKEW|HUM_MIN|HUM_SKEW|TEMP_MEDIA|TEMP_MAX|TEMP_KURT|HUM_KURT|DIAS_SECOS_30D_PREV|TEMP_MIN|LLUVIA_PROMEDIO_30D_PREV|LLUVIA_TOTAL_30D_PREV|LLUVIA_DESV_14D_PREV|HUM_MAX|LLUVIA_DESV_7D_PREV|LLUVIA|LLUVIA_LAG_7D|LLUVIA_LAG_2D|LLUVIA_TOTAL_14D_PREV|DIAS_SECOS_7D_PREV|LLUVIA_LAG_1D|LLUVIA_LAG_3D|LLUVIA_PROMEDIO_3D_PREV|LLUVIA_MAX_3D_PREV|LLUVIA_TOTAL_3D_PREV|DIAS_SECOS_3D_PREV;34;bloques_5;2.7371936873708194;0.5522178072111847;0.37746478873239436;0.24000000000000005;0.2118701475062553;0.026784133282738622;49.0;126.0;60.0;78.33333333333333
HUM_MEDIA_lag_1|VIENTO_MEDIO_lag_1|VIENTO_KURT|VIENTO_MEDIO|VIENTO_MAX|LLUVIA_DESV_30D_PREV|VIENTO_SKEW|HUM_MEDIA|LLUVIA_MAX_30D_PREV|TEMP_SKEW|HUM_MIN|HUM_SKEW|TEMP_MEDIA|TEMP_MAX|TEMP_KURT|HUM_KURT|DIAS_SECOS_30D_PREV|TEMP_MIN|LLUVIA_PROMEDIO_30D_PREV|LLUVIA_TOTAL_30D_PREV|LLUVIA_DESV_14D_PREV|HUM_MAX|LLUVIA_DESV_7D_PREV|LLUVIA_PROMEDIO_7D_PREV|LLUVIA_MAX_14D_PREV|DIAS_SECOS_14D_PREV|LLUVIA_LAG_14D|LLUVIA_MAX_7D_PREV|LLUVIA_TOTAL_7D_PREV|LLUVIA_DESV_3D_PREV|LLUVIA_PROMEDIO_14D_PREV;31;refinamiento_1;2.7530813139975017;0.5631081677704194;0.3767313019390582;0.33;0.2006897378191093;0.034822945620408836;103.0;60.0;72.0;78.33333333333333
HUM_MEDIA_lag_1|VIENTO_MEDIO_lag_1|VIENTO_KURT|VIENTO_MEDIO|VIENTO_MAX|LLUVIA_DESV_30D_PREV|VIENTO_SKEW|HUM_MEDIA|LLUVIA_MAX_30D_PREV|TEMP_SKEW|HUM_MIN|HUM_SKEW|TEMP_MEDIA|TEMP_MAX|TEMP_KURT|HUM_KURT|DIAS_SECOS_30D_PREV|TEMP_MIN|LLUVIA_PROMEDIO_30D_PREV|LLUVIA_TOTAL_30D_PREV|LLUVIA_DESV_14D_PREV|HUM_MAX|LLUVIA_DESV_7D_PREV|LLUVIA_LAG_7D|LLUVIA_LAG_10D|LLUVIA_PROMEDIO_7D_PREV|LLUVIA_MAX_14D_PREV|LLUVIA_MAX_3D_PREV|LLUVIA_TOTAL_3D_PREV|DIAS_SECOS_3D_PREV;30;refinamiento_1;2.7353736096648658;0.5554790286975717;0.37606837606837606;0.24000000000000005;0.21245524043448785;0.04228370105456184;44.0;114.0;80.0;79.33333333333333
HUM_MEDIA_lag_1|VIENTO_MEDIO_lag_1|VIENTO_KURT|VIENTO_MEDIO|VIENTO_MAX|LLUVIA_DESV_30D_PREV|VIENTO_SKEW|HUM_MEDIA|LLUVIA_MAX_30D_PREV|TEMP_SKEW|HUM_MIN|HUM_SKEW|TEMP_MEDIA|TEMP_MAX|TEMP_KURT|HUM_KURT|DIAS_SECOS_30D_PREV|TEMP_MIN|LLUVIA_PROMEDIO_30D_PREV|LLUVIA_TOTAL_30D_PREV|LLUVIA_DESV_14D_PREV|HUM_MAX|LLUVIA_PROMEDIO_7D_PREV|LLUVIA_MAX_14D_PREV|DIAS_SECOS_14D_PREV|LLUVIA_LAG_14D|LLUVIA_MAX_7D_PREV|LLUVIA_LAG_5D|LLUVIA_TOTAL_7D_PREV|LLUVIA_DESV_3D_PREV|LLUVIA_PROMEDIO_14D_PREV;31;refinamiento_1;2.7345423123219073;0.5600883002207505;0.37375415282392027;0.09000000000000001;0.1840515868056931;0.032842492618626436;40.0;81.0;118.0;79.66666666666667
HUM_MEDIA_lag_1|VIENTO_MEDIO_lag_1|VIENTO_KURT|VIENTO_MEDIO|VIENTO_MAX|LLUVIA_DESV_30D_PREV|VIENTO_SKEW|HUM_MEDIA|LLUVIA_MAX_30D_PREV|TEMP_SKEW|HUM_MIN|HUM_SKEW|TEMP_MEDIA|TEMP_MAX|TEMP_KURT|HUM_KURT|DIAS_SECOS_30D_PREV|TEMP_MIN|LLUVIA_PROMEDIO_30D_PREV|LLUVIA_TOTAL_30D_PREV|LLUVIA_DESV_14D_PREV|HUM_MAX|LLUVIA_DESV_7D_PREV|LLUVIA|LLUVIA_LAG_7D|LLUVIA_LAG_10D|LLUVIA_PROMEDIO_7D_PREV|LLUVIA_MAX_14D_PREV|DIAS_SECOS_14D_PREV|LLUVIA_LAG_14D|LLUVIA_LAG_5D|LLUVIA_TOTAL_7D_PREV|LLUVIA_DESV_3D_PREV|LLUVIA_PROMEDIO_14D_PREV|LLUVIA_LAG_2D|LLUVIA_TOTAL_14D_PREV|DIAS_SECOS_7D_PREV|LLUVIA_LAG_1D|LLUVIA_LAG_3D;39;refinamiento_1;2.748202177913624;0.5585224429727741;0.3776091081593928;0.24000000000000005;0.18405589880529066;0.04008078144598118;86.0;94.0;59.0;79.66666666666667
HUM_MEDIA_lag_1|VIENTO_MEDIO_lag_1|VIENTO_KURT|VIENTO_MEDIO|VIENTO_MAX|LLUVIA_DESV_30D_PREV|VIENTO_SKEW|HUM_MEDIA|LLUVIA_MAX_30D_PREV|TEMP_SKEW|HUM_MIN|HUM_SKEW|TEMP_MEDIA|TEMP_MAX|TEMP_KURT|HUM_KURT|DIAS_SECOS_30D_PREV|TEMP_MIN|LLUVIA_PROMEDIO_30D_PREV|LLUVIA_TOTAL_30D_PREV|LLUVIA_DESV_14D_PREV|HUM_MAX|LLUVIA_DESV_7D_PREV|LLUVIA|LLUVIA_LAG_7D|LLUVIA_MAX_7D_PREV|LLUVIA_LAG_5D|LLUVIA_DESV_3D_PREV|LLUVIA_PROMEDIO_14D_PREV|LLUVIA_LAG_2D|LLUVIA_TOTAL_14D_PREV|DIAS_SECOS_7D_PREV|LLUVIA_LAG_1D|LLUVIA_LAG_3D;34;refinamiento_1;2.747280283234318;0.560653421633554;0.3759656652360515;0.19;0.1980313419649263;0.03258272057658514;81.0;77.0;82.0;80.0
HUM_MEDIA_lag_1|VIENTO_MEDIO_lag_1|VIENTO_KURT|VIENTO_MEDIO|VIENTO_MAX|LLUVIA_DESV_30D_PREV|VIENTO_SKEW|HUM_MEDIA|LLUVIA_MAX_30D_PREV|TEMP_SKEW|HUM_MIN|HUM_SKEW|TEMP_MEDIA|TEMP_MAX|TEMP_KURT|HUM_KURT|DIAS_SECOS_30D_PREV|TEMP_MIN|LLUVIA_PROMEDIO_30D_PREV|LLUVIA_TOTAL_30D_PREV|LLUVIA_DESV_14D_PREV|HUM_MAX|LLUVIA_DESV_7D_PREV|LLUVIA|LLUVIA_LAG_7D|LLUVIA_LAG_10D|LLUVIA_PROMEDIO_7D_PREV|LLUVIA_MAX_14D_PREV|LLUVIA_TOTAL_3D_PREV|DIAS_SECOS_3D_PREV;30;refinamiento_1;2.7326106975068485;0.5516585724797647;0.37553101104502973;0.17000000000000004;0.1932097566108744;0.03757945447137364;30.0;127.0;87.0;81.33333333333333
HUM_MEDIA_lag_1|VIENTO_MEDIO_lag_1|VIENTO_KURT|VIENTO_MEDIO|VIENTO_MAX|LLUVIA_DESV_30D_PREV|VIENTO_SKEW|HUM_MEDIA|LLUVIA_MAX_30D_PREV|TEMP_SKEW|HUM_MIN|HUM_SKEW|TEMP_MEDIA|TEMP_MAX|TEMP_KURT|HUM_KURT|DIAS_SECOS_30D_PREV|TEMP_MIN|LLUVIA_PROMEDIO_30D_PREV|LLUVIA_TOTAL_30D_PREV|LLUVIA_DESV_14D_PREV|HUM_MAX|LLUVIA_DESV_7D_PREV|LLUVIA|LLUVIA_LAG_7D|LLUVIA_LAG_10D|LLUVIA_PROMEDIO_7D_PREV|LLUVIA_MAX_14D_PREV|DIAS_SECOS_14D_PREV|LLUVIA_LAG_14D|LLUVIA_MAX_7D_PREV|LLUVIA_TOTAL_7D_PREV|LLUVIA_DESV_3D_PREV|LLUVIA_PROMEDIO_14D_PREV;34;refinamiento_1;2.752603056884967;0.5642855040470934;0.3754889178617992;0.32000000000000006;0.19247936465335158;0.029732634364686795;101.0;54.0;89.0;81.33333333333333
HUM_MEDIA_lag_1|VIENTO_MEDIO_lag_1|VIENTO_KURT|VIENTO_MEDIO|VIENTO_MAX|LLUVIA_DESV_30D_PREV|VIENTO_SKEW|HUM_MEDIA|LLUVIA_MAX_30D_PREV|TEMP_SKEW|HUM_MIN|HUM_SKEW|TEMP_MEDIA|TEMP_MAX|TEMP_KURT|HUM_KURT|DIAS_SECOS_30D_PREV|TEMP_MIN|LLUVIA_PROMEDIO_30D_PREV|LLUVIA_TOTAL_30D_PREV|LLUVIA_DESV_14D_PREV|HUM_MAX|LLUVIA_DESV_7D_PREV|LLUVIA|LLUVIA_LAG_7D|DIAS_SECOS_14D_PREV|LLUVIA_LAG_14D|LLUVIA_MAX_7D_PREV|LLUVIA_LAG_5D|LLUVIA_TOTAL_7D_PREV|LLUVIA_DESV_3D_PREV|LLUVIA_PROMEDIO_14D_PREV|LLUVIA_LAG_2D|LLUVIA_TOTAL_14D_PREV|DIAS_SECOS_7D_PREV|LLUVIA_LAG_1D|LLUVIA_LAG_3D;37;refinamiento_3;2.7633471024267653;0.5626195732155997;0.3785211267605634;0.21000000000000002;0.2017681126777749;0.04500346248585359;131.0;66.0;47.0;81.33333333333333
HUM_MEDIA_lag_1|VIENTO_MEDIO_lag_1|VIENTO_KURT|VIENTO_MEDIO|VIENTO_MAX|LLUVIA_DESV_30D_PREV|VIENTO_SKEW|HUM_MEDIA|LLUVIA_MAX_30D_PREV|TEMP_SKEW|HUM_MIN|HUM_SKEW|TEMP_MEDIA|TEMP_MAX|TEMP_KURT|HUM_KURT|DIAS_SECOS_30D_PREV|TEMP_MIN|LLUVIA_PROMEDIO_30D_PREV|LLUVIA_TOTAL_30D_PREV|LLUVIA|LLUVIA_LAG_7D|LLUVIA_MAX_7D_PREV|LLUVIA_LAG_5D|LLUVIA_TOTAL_7D_PREV|LLUVIA_DESV_3D_PREV|LLUVIA_PROMEDIO_14D_PREV|LLUVIA_LAG_2D|LLUVIA_TOTAL_14D_PREV|DIAS_SECOS_7D_PREV|LLUVIA_LAG_1D|LLUVIA_LAG_3D;32;refinamiento_3;2.7276637315048076;0.5576983075791023;0.37353433835845895;0.14;0.188549901584531;0.03471376221957818;15.0;101.0;134.0;83.33333333333333
HUM_MEDIA_lag_1|VIENTO_MEDIO_lag_1|VIENTO_KURT|VIENTO_MEDIO|VIENTO_MAX|LLUVIA_DESV_30D_PREV|VIENTO_SKEW|HUM_MEDIA|LLUVIA_MAX_30D_PREV|TEMP_SKEW|HUM_MIN|HUM_SKEW|TEMP_MEDIA|TEMP_MAX|TEMP_KURT|HUM_KURT|DIAS_SECOS_30D_PREV|TEMP_MIN|LLUVIA_PROMEDIO_30D_PREV|LLUVIA_TOTAL_30D_PREV|DIAS_SECOS_14D_PREV|LLUVIA_LAG_14D|LLUVIA_MAX_7D_PREV|LLUVIA_LAG_5D|LLUVIA_TOTAL_7D_PREV|LLUVIA_DESV_3D_PREV|LLUVIA_PROMEDIO_14D_PREV|LLUVIA_LAG_2D|LLUVIA_TOTAL_14D_PREV|DIAS_SECOS_7D_PREV|LLUVIA_LAG_1D|LLUVIA_LAG_3D;32;refinamiento_3;2.738102792293374;0.5583693892568066;0.3745704467353952;0.19;0.20095383881217696;0.03541362402336028;54.0;97.0;99.0;83.33333333333333
HUM_MEDIA_lag_1|VIENTO_MEDIO_lag_1|VIENTO_KURT|VIENTO_MEDIO|VIENTO_MAX|LLUVIA_DESV_30D_PREV|VIENTO_SKEW|HUM_MEDIA|LLUVIA_MAX_30D_PREV|TEMP_SKEW|HUM_MIN|HUM_SKEW|TEMP_MEDIA|TEMP_MAX|TEMP_KURT|HUM_KURT|DIAS_SECOS_30D_PREV|TEMP_MIN|LLUVIA_PROMEDIO_30D_PREV|LLUVIA_TOTAL_30D_PREV|LLUVIA_LAG_10D|LLUVIA_PROMEDIO_7D_PREV|LLUVIA_MAX_14D_PREV|DIAS_SECOS_14D_PREV|LLUVIA_LAG_14D|LLUVIA_TOTAL_14D_PREV|DIAS_SECOS_7D_PREV|LLUVIA_LAG_1D|LLUVIA_LAG_3D|LLUVIA_PROMEDIO_3D_PREV|LLUVIA_MAX_3D_PREV|LLUVIA_TOTAL_3D_PREV|DIAS_SECOS_3D_PREV;33;refinamiento_1;2.7343401175471533;0.55841059602649;0.37375415282392027;0.12000000000000001;0.20220268137548192;0.04045517853655419;39.0;96.0;118.0;84.33333333333333
HUM_MEDIA_lag_1|VIENTO_MEDIO_lag_1|VIENTO_KURT|VIENTO_MEDIO|VIENTO_MAX|LLUVIA_DESV_30D_PREV|VIENTO_SKEW|HUM_MEDIA|LLUVIA_MAX_30D_PREV|TEMP_SKEW|HUM_MIN|HUM_SKEW|TEMP_MEDIA|TEMP_MAX|TEMP_KURT|HUM_KURT|DIAS_SECOS_30D_PREV|TEMP_MIN|LLUVIA_PROMEDIO_30D_PREV|LLUVIA_TOTAL_30D_PREV|LLUVIA_LAG_10D|LLUVIA_PROMEDIO_7D_PREV|LLUVIA_MAX_14D_PREV|DIAS_SECOS_14D_PREV|LLUVIA_LAG_14D|LLUVIA_MAX_7D_PREV|LLUVIA_LAG_5D|LLUVIA_TOTAL_7D_PREV|LLUVIA_DESV_3D_PREV|LLUVIA_PROMEDIO_14D_PREV|LLUVIA_PROMEDIO_3D_PREV|LLUVIA_MAX_3D_PREV|LLUVIA_TOTAL_3D_PREV|DIAS_SECOS_3D_PREV;34;bloques_5;2.7426528674820174;0.5608005886681384;0.374079528718704;0.34;0.19760181446777683;0.040227273958860735;71.0;75.0;107.0;84.33333333333333
HUM_MEDIA_lag_1|VIENTO_MEDIO_lag_1|VIENTO_KURT|VIENTO_MEDIO|VIENTO_MAX|LLUVIA_DESV_30D_PREV|VIENTO_SKEW|HUM_MEDIA|LLUVIA_MAX_30D_PREV|TEMP_SKEW|HUM_MIN|HUM_SKEW|TEMP_MEDIA|TEMP_MAX|TEMP_KURT|HUM_KURT|DIAS_SECOS_30D_PREV|TEMP_MIN|LLUVIA_PROMEDIO_30D_PREV|LLUVIA_TOTAL_30D_PREV|LLUVIA_DESV_14D_PREV|HUM_MAX|LLUVIA_DESV_7D_PREV|LLUVIA|LLUVIA_LAG_7D|LLUVIA_PROMEDIO_7D_PREV|LLUVIA_MAX_14D_PREV|LLUVIA_MAX_3D_PREV|LLUVIA_TOTAL_3D_PREV|DIAS_SECOS_3D_PREV;30;refinamiento_1;2.7294245059768056;0.5553789551140546;0.37375415282392027;0.09000000000000001;0.19165321626140333;0.033504728690634804;21.0;115.0;118.0;84.66666666666667
HUM_MEDIA_lag_1|VIENTO_MEDIO_lag_1|VIENTO_KURT|VIENTO_MEDIO|VIENTO_MAX|LLUVIA_DESV_30D_PREV|VIENTO_SKEW|HUM_MEDIA|LLUVIA_MAX_30D_PREV|TEMP_SKEW|HUM_MIN|HUM_SKEW|TEMP_MEDIA|TEMP_MAX|TEMP_KURT|HUM_KURT|DIAS_SECOS_30D_PREV|TEMP_MIN|LLUVIA_PROMEDIO_30D_PREV|LLUVIA_TOTAL_30D_PREV;20;bloques_5;2.73504362900587;0.5601942604856512;0.37364470391993326;0.15000000000000002;0.14447003339787512;0.031199966215160392;43.0;80.0;131.0;84.66666666666667
HUM_MEDIA_lag_1|VIENTO_MEDIO_lag_1|VIENTO_KURT|VIENTO_MEDIO|VIENTO_MAX|LLUVIA_DESV_30D_PREV|VIENTO_SKEW|HUM_MEDIA|LLUVIA_MAX_30D_PREV|TEMP_SKEW|HUM_MIN|HUM_SKEW|TEMP_MEDIA|TEMP_MAX|TEMP_KURT|HUM_KURT|DIAS_SECOS_30D_PREV|TEMP_MIN|LLUVIA_PROMEDIO_30D_PREV|LLUVIA_TOTAL_30D_PREV|LLUVIA_DESV_14D_PREV|HUM_MAX|LLUVIA_DESV_7D_PREV|LLUVIA_PROMEDIO_7D_PREV|DIAS_SECOS_14D_PREV|LLUVIA_LAG_14D|LLUVIA_MAX_7D_PREV|LLUVIA_LAG_5D|LLUVIA_TOTAL_7D_PREV|LLUVIA_DESV_3D_PREV|LLUVIA_PROMEDIO_14D_PREV;31;refinamiento_1;2.736377901005273;0.5580044150110375;0.3740648379052369;0.12000000000000001;0.2011368195639488;0.03404127368077347;48.0;99.0;108.0;85.0
HUM_MEDIA_lag_1|VIENTO_MEDIO_lag_1|VIENTO_KURT|VIENTO_MEDIO|VIENTO_MAX|LLUVIA_DESV_30D_PREV|VIENTO_SKEW|HUM_MEDIA|LLUVIA_MAX_30D_PREV|TEMP_SKEW|HUM_MIN|HUM_SKEW|TEMP_MEDIA|TEMP_MAX|TEMP_KURT|HUM_KURT|DIAS_SECOS_30D_PREV|TEMP_MIN|LLUVIA_PROMEDIO_30D_PREV|LLUVIA_TOTAL_30D_PREV|LLUVIA_LAG_10D|LLUVIA_PROMEDIO_7D_PREV|LLUVIA_MAX_14D_PREV|DIAS_SECOS_14D_PREV|LLUVIA_LAG_14D|LLUVIA_MAX_7D_PREV|LLUVIA_LAG_5D|LLUVIA_TOTAL_7D_PREV|LLUVIA_DESV_3D_PREV|LLUVIA_PROMEDIO_14D_PREV|LLUVIA_LAG_2D|LLUVIA_TOTAL_14D_PREV|DIAS_SECOS_7D_PREV|LLUVIA_LAG_1D|LLUVIA_LAG_3D|LLUVIA_PROMEDIO_3D_PREV|LLUVIA_MAX_3D_PREV|LLUVIA_TOTAL_3D_PREV|DIAS_SECOS_3D_PREV;39;bloques_5;2.7317547509681726;0.556326710816777;0.37375415282392027;0.09000000000000001;0.1836982504872578;0.04353720295394533;27.0;112.0;118.0;85.66666666666667
HUM_MEDIA_lag_1|VIENTO_MEDIO_lag_1|VIENTO_KURT|VIENTO_MEDIO|VIENTO_MAX|LLUVIA_DESV_30D_PREV|VIENTO_SKEW|HUM_MEDIA|LLUVIA_MAX_30D_PREV|TEMP_SKEW|HUM_MIN|HUM_SKEW|TEMP_MEDIA|TEMP_MAX|TEMP_KURT|HUM_KURT|DIAS_SECOS_30D_PREV|TEMP_MIN|LLUVIA_PROMEDIO_30D_PREV|LLUVIA_TOTAL_30D_PREV|LLUVIA_DESV_14D_PREV|HUM_MAX|LLUVIA_DESV_7D_PREV|LLUVIA|LLUVIA_LAG_7D|LLUVIA_MAX_7D_PREV|LLUVIA_PROMEDIO_14D_PREV|LLUVIA_LAG_2D|LLUVIA_TOTAL_14D_PREV|DIAS_SECOS_7D_PREV|LLUVIA_LAG_1D|LLUVIA_LAG_3D;32;refinamiento_3;2.7606221990657396;0.560971302428256;0.37720488466757124;0.33;0.19984329984171162;0.030957215092798657;127.0;74.0;63.0;88.0
HUM_MEDIA_lag_1|VIENTO_MEDIO_lag_1|VIENTO_KURT|VIENTO_MEDIO|VIENTO_MAX|HUM_MIN|HUM_SKEW|TEMP_MEDIA|TEMP_MAX|TEMP_KURT|HUM_KURT|DIAS_SECOS_30D_PREV|TEMP_MIN|LLUVIA_PROMEDIO_30D_PREV|LLUVIA_TOTAL_30D_PREV|LLUVIA_DESV_14D_PREV|HUM_MAX|LLUVIA_DESV_7D_PREV|LLUVIA|LLUVIA_LAG_7D|LLUVIA_LAG_10D|LLUVIA_PROMEDIO_7D_PREV|LLUVIA_MAX_14D_PREV|DIAS_SECOS_14D_PREV|LLUVIA_LAG_14D|LLUVIA_MAX_7D_PREV|LLUVIA_LAG_5D|LLUVIA_TOTAL_7D_PREV|LLUVIA_DESV_3D_PREV|LLUVIA_PROMEDIO_14D_PREV|LLUVIA_LAG_2D|LLUVIA_TOTAL_14D_PREV|DIAS_SECOS_7D_PREV|LLUVIA_LAG_1D|LLUVIA_LAG_3D|LLUVIA_PROMEDIO_3D_PREV|LLUVIA_MAX_3D_PREV|LLUVIA_TOTAL_3D_PREV|DIAS_SECOS_3D_PREV;39;bloques_5;2.784930431479653;0.5611655629139074;0.3780630105017503;0.30000000000000004;0.21465145974252534;0.03865657846025976;138.0;73.0;53.0;88.0
HUM_MEDIA_lag_1|VIENTO_MEDIO_lag_1|VIENTO_KURT|VIENTO_MEDIO|VIENTO_MAX|LLUVIA_DESV_30D_PREV|VIENTO_SKEW|HUM_MEDIA|LLUVIA_MAX_30D_PREV|TEMP_SKEW|HUM_MIN|HUM_SKEW|TEMP_MEDIA|TEMP_MAX|TEMP_KURT|HUM_KURT|DIAS_SECOS_30D_PREV|TEMP_MIN|LLUVIA_PROMEDIO_30D_PREV|LLUVIA_TOTAL_30D_PREV|LLUVIA_LAG_10D|LLUVIA_PROMEDIO_7D_PREV|LLUVIA_MAX_14D_PREV|DIAS_SECOS_14D_PREV|LLUVIA_LAG_14D|LLUVIA_LAG_2D|LLUVIA_TOTAL_14D_PREV|DIAS_SECOS_7D_PREV|LLUVIA_LAG_1D|LLUVIA_LAG_3D|LLUVIA_PROMEDIO_3D_PREV|LLUVIA_MAX_3D_PREV|LLUVIA_TOTAL_3D_PREV;33;refinamiento_1;2.7288030951868185;0.5564562178072112;0.37344398340248963;0.05;0.20440787238182317;0.045195187834730734;20.0;111.0;135.0;88.66666666666667
HUM_MEDIA_lag_1|VIENTO_MEDIO_lag_1|VIENTO_KURT|VIENTO_MEDIO|VIENTO_MAX|LLUVIA_DESV_30D_PREV|VIENTO_SKEW|HUM_MEDIA|LLUVIA_MAX_30D_PREV|TEMP_SKEW|HUM_MIN|HUM_SKEW|TEMP_MEDIA|TEMP_MAX|TEMP_KURT|HUM_KURT|DIAS_SECOS_30D_PREV|TEMP_MIN|LLUVIA_PROMEDIO_30D_PREV|LLUVIA_TOTAL_30D_PREV|LLUVIA_DESV_14D_PREV|HUM_MAX|LLUVIA_DESV_7D_PREV|LLUVIA|LLUVIA_LAG_7D|LLUVIA_LAG_10D|LLUVIA_PROMEDIO_7D_PREV|LLUVIA_MAX_14D_PREV|LLUVIA_LAG_14D|LLUVIA_MAX_7D_PREV|LLUVIA_LAG_5D|LLUVIA_TOTAL_7D_PREV|LLUVIA_DESV_3D_PREV|LLUVIA_PROMEDIO_14D_PREV;34;refinamiento_1;2.747771269569901;0.5595820456217806;0.3745664739884393;0.29000000000000004;0.2029435302800731;0.027701809285655337;82.0;87.0;100.0;89.66666666666667
HUM_MEDIA_lag_1|VIENTO_MEDIO_lag_1|VIENTO_KURT|VIENTO_MEDIO|VIENTO_MAX|LLUVIA_DESV_30D_PREV|VIENTO_SKEW|HUM_MEDIA|LLUVIA_MAX_30D_PREV|TEMP_SKEW|HUM_MIN|HUM_SKEW|TEMP_MEDIA|TEMP_MAX|TEMP_KURT|HUM_KURT|DIAS_SECOS_30D_PREV|TEMP_MIN|LLUVIA_PROMEDIO_30D_PREV|LLUVIA_TOTAL_30D_PREV|LLUVIA_LAG_10D|LLUVIA_PROMEDIO_7D_PREV|LLUVIA_MAX_14D_PREV|DIAS_SECOS_14D_PREV|LLUVIA_LAG_14D|LLUVIA_LAG_2D|LLUVIA_TOTAL_14D_PREV|DIAS_SECOS_7D_PREV|LLUVIA_LAG_1D|LLUVIA_PROMEDIO_3D_PREV|LLUVIA_MAX_3D_PREV|LLUVIA_TOTAL_3D_PREV|DIAS_SECOS_3D_PREV;33;refinamiento_1;2.728414952856125;0.5500220750551876;0.37375415282392027;0.11000000000000001;0.20600489488963464;0.04597157194082492;18.0;134.0;118.0;90.0
HUM_MEDIA_lag_1|VIENTO_MEDIO_lag_1|VIENTO_KURT|VIENTO_MEDIO|VIENTO_MAX|LLUVIA_DESV_30D_PREV|VIENTO_SKEW|HUM_MEDIA|LLUVIA_MAX_30D_PREV|TEMP_SKEW|HUM_MIN|HUM_SKEW|TEMP_MEDIA|TEMP_MAX|TEMP_KURT|HUM_KURT|DIAS_SECOS_30D_PREV|TEMP_MIN|LLUVIA_PROMEDIO_30D_PREV|LLUVIA_TOTAL_30D_PREV|LLUVIA_LAG_10D|LLUVIA_PROMEDIO_7D_PREV|LLUVIA_MAX_14D_PREV|DIAS_SECOS_14D_PREV|LLUVIA_LAG_14D|LLUVIA_LAG_2D|LLUVIA_TOTAL_14D_PREV|DIAS_SECOS_7D_PREV|LLUVIA_LAG_3D|LLUVIA_PROMEDIO_3D_PREV|LLUVIA_MAX_3D_PREV|LLUVIA_TOTAL_3D_PREV|DIAS_SECOS_3D_PREV;33;refinamiento_1;2.7330521342530223;0.5575452538631346;0.37344398340248963;0.05;0.2091336013021323;0.04118808605827174;32.0;103.0;135.0;90.0
HUM_MEDIA_lag_1|VIENTO_MEDIO_lag_1|VIENTO_KURT|VIENTO_MEDIO|VIENTO_MAX|LLUVIA_DESV_30D_PREV|VIENTO_SKEW|HUM_MEDIA|LLUVIA_MAX_30D_PREV|TEMP_SKEW|HUM_MIN|HUM_SKEW|TEMP_MEDIA|TEMP_MAX|TEMP_KURT|HUM_KURT|DIAS_SECOS_30D_PREV|TEMP_MIN|LLUVIA_PROMEDIO_30D_PREV|LLUVIA_TOTAL_30D_PREV|LLUVIA_LAG_10D|LLUVIA_PROMEDIO_7D_PREV|LLUVIA_MAX_14D_PREV|DIAS_SECOS_14D_PREV|LLUVIA_LAG_2D|LLUVIA_TOTAL_14D_PREV|DIAS_SECOS_7D_PREV|LLUVIA_LAG_1D|LLUVIA_LAG_3D|LLUVIA_PROMEDIO_3D_PREV|LLUVIA_MAX_3D_PREV|LLUVIA_TOTAL_3D_PREV|DIAS_SECOS_3D_PREV;33;refinamiento_1;2.7321258842802942;0.5523237674760854;0.37375415282392027;0.12000000000000001;0.17997098325383867;0.04029694080200504;28.0;125.0;118.0;90.33333333333333
HUM_MEDIA_lag_1|VIENTO_MEDIO_lag_1|VIENTO_KURT|VIENTO_MEDIO|VIENTO_MAX|LLUVIA_DESV_30D_PREV|VIENTO_SKEW|HUM_MEDIA|LLUVIA_MAX_30D_PREV|TEMP_SKEW|HUM_MIN|HUM_SKEW|TEMP_MEDIA|TEMP_MAX|TEMP_KURT|HUM_KURT|DIAS_SECOS_30D_PREV|TEMP_MIN|LLUVIA_PROMEDIO_30D_PREV|LLUVIA_TOTAL_30D_PREV|LLUVIA_DESV_14D_PREV|HUM_MAX|LLUVIA_DESV_7D_PREV|LLUVIA_LAG_5D|LLUVIA_TOTAL_7D_PREV|LLUVIA_DESV_3D_PREV|LLUVIA_PROMEDIO_14D_PREV|LLUVIA_LAG_2D|LLUVIA_TOTAL_14D_PREV|DIAS_SECOS_7D_PREV|LLUVIA_LAG_1D|LLUVIA_LAG_3D;32;refinamiento_3;2.7465534218963077;0.5575982339955851;0.3751438434982739;0.30000000000000004;0.21596498974318212;0.03361013591928166;77.0;102.0;92.0;90.33333333333333
LLUVIA_DESV_30D_PREV|VIENTO_SKEW|HUM_MEDIA|LLUVIA_MAX_30D_PREV|TEMP_SKEW|HUM_MIN|HUM_SKEW|TEMP_MEDIA|TEMP_MAX|TEMP_KURT|HUM_KURT|DIAS_SECOS_30D_PREV|TEMP_MIN|LLUVIA_PROMEDIO_30D_PREV|LLUVIA_TOTAL_30D_PREV|LLUVIA_DESV_14D_PREV|HUM_MAX|LLUVIA_DESV_7D_PREV|LLUVIA|LLUVIA_LAG_7D|LLUVIA_LAG_10D|LLUVIA_PROMEDIO_7D_PREV|LLUVIA_MAX_14D_PREV|DIAS_SECOS_14D_PREV|LLUVIA_LAG_14D|LLUVIA_MAX_7D_PREV|LLUVIA_LAG_5D|LLUVIA_TOTAL_7D_PREV|LLUVIA_DESV_3D_PREV|LLUVIA_PROMEDIO_14D_PREV|LLUVIA_LAG_2D|LLUVIA_TOTAL_14D_PREV|DIAS_SECOS_7D_PREV|LLUVIA_LAG_1D|LLUVIA_LAG_3D|LLUVIA_PROMEDIO_3D_PREV|LLUVIA_MAX_3D_PREV|LLUVIA_TOTAL_3D_PREV|DIAS_SECOS_3D_PREV;39;bloques_5;2.7677419126264886;0.5515938189845475;0.3878241262683202;0.30000000000000004;0.1724708196973395;0.031564967342524564;134.0;129.0;8.0;90.33333333333333
HUM_MEDIA_lag_1|VIENTO_MEDIO_lag_1|VIENTO_KURT|VIENTO_MEDIO|VIENTO_MAX|LLUVIA_DESV_30D_PREV|VIENTO_SKEW|HUM_MEDIA|LLUVIA_MAX_30D_PREV|TEMP_SKEW|HUM_MIN|HUM_SKEW|TEMP_MEDIA|TEMP_MAX|TEMP_KURT|HUM_KURT|DIAS_SECOS_30D_PREV|TEMP_MIN|LLUVIA_PROMEDIO_30D_PREV|LLUVIA_TOTAL_30D_PREV|LLUVIA_LAG_10D|LLUVIA_PROMEDIO_7D_PREV|DIAS_SECOS_14D_PREV|LLUVIA_LAG_14D|LLUVIA_MAX_7D_PREV|LLUVIA_LAG_5D|LLUVIA_TOTAL_7D_PREV|LLUVIA_DESV_3D_PREV|DIAS_SECOS_7D_PREV|LLUVIA_LAG_1D|LLUVIA_LAG_3D;31;refinamiento_1;2.734854078084072;0.5543723325974982;0.3740053050397878;0.33;0.1894883175456226;0.029756274435281872;42.0;117.0;113.0;90.66666666666667
HUM_MEDIA_lag_1|VIENTO_MEDIO_lag_1|VIENTO_KURT|VIENTO_MEDIO|VIENTO_MAX|LLUVIA_DESV_30D_PREV|VIENTO_SKEW|HUM_MEDIA|LLUVIA_MAX_30D_PREV|TEMP_SKEW|HUM_MIN|HUM_SKEW|TEMP_MEDIA|TEMP_MAX|TEMP_KURT|HUM_KURT|DIAS_SECOS_30D_PREV|TEMP_MIN|LLUVIA_PROMEDIO_30D_PREV|LLUVIA_TOTAL_30D_PREV|LLUVIA_DESV_14D_PREV|HUM_MAX|LLUVIA_DESV_7D_PREV|LLUVIA|LLUVIA_LAG_7D;25;bloques_5;2.7497138638629215;0.5607476085356881;0.37437603993344426;0.11000000000000001;0.1856354371545835;0.028885125726698466;94.0;76.0;102.0;90.66666666666667
HUM_MEDIA_lag_1|VIENTO_MEDIO_lag_1|VIENTO_KURT|VIENTO_MEDIO|VIENTO_MAX|LLUVIA_DESV_30D_PREV|VIENTO_SKEW|HUM_MEDIA|LLUVIA_MAX_30D_PREV|TEMP_SKEW|HUM_MIN|HUM_SKEW|TEMP_MEDIA|TEMP_MAX|TEMP_KURT|HUM_KURT|DIAS_SECOS_30D_PREV|TEMP_MIN|LLUVIA_PROMEDIO_30D_PREV|LLUVIA_TOTAL_30D_PREV|LLUVIA_DESV_14D_PREV|HUM_MAX|LLUVIA_DESV_7D_PREV|LLUVIA|LLUVIA_LAG_10D|LLUVIA_PROMEDIO_7D_PREV|LLUVIA_MAX_14D_PREV|LLUVIA_MAX_3D_PREV|LLUVIA_TOTAL_3D_PREV|DIAS_SECOS_3D_PREV;30;refinamiento_1;2.738821179921588;0.5564974245768948;0.3740648379052369;0.11000000000000001;0.19525612123000602;0.03549465565487176;57.0;110.0;108.0;91.66666666666667
HUM_MEDIA_lag_1|VIENTO_MEDIO_lag_1|VIENTO_KURT|VIENTO_MEDIO|VIENTO_MAX|LLUVIA_DESV_30D_PREV|VIENTO_SKEW|HUM_MEDIA|LLUVIA_MAX_30D_PREV|TEMP_SKEW|HUM_MIN|HUM_SKEW|TEMP_MEDIA|TEMP_MAX|TEMP_KURT|HUM_KURT|DIAS_SECOS_30D_PREV|TEMP_MIN|LLUVIA_PROMEDIO_30D_PREV|LLUVIA_TOTAL_30D_PREV|LLUVIA_DESV_14D_PREV|HUM_MAX|LLUVIA_DESV_7D_PREV|LLUVIA|LLUVIA_LAG_7D|DIAS_SECOS_14D_PREV|LLUVIA_LAG_14D|LLUVIA_PROMEDIO_3D_PREV|LLUVIA_MAX_3D_PREV|LLUVIA_TOTAL_3D_PREV|DIAS_SECOS_3D_PREV;31;refinamiento_3;2.7452528018864952;0.5573804267844003;0.3745819397993311;0.15000000000000002;0.19139887535598554;0.03331879272254417;75.0;104.0;97.0;92.0
HUM_MEDIA_lag_1|VIENTO_MEDIO_lag_1|VIENTO_KURT|VIENTO_MEDIO|VIENTO_MAX|LLUVIA_DESV_30D_PREV|VIENTO_SKEW|HUM_MEDIA|LLUVIA_MAX_30D_PREV|TEMP_SKEW|HUM_MIN|HUM_SKEW|TEMP_MEDIA|TEMP_MAX|TEMP_KURT|HUM_KURT|DIAS_SECOS_30D_PREV|TEMP_MIN|LLUVIA_PROMEDIO_30D_PREV|LLUVIA_TOTAL_30D_PREV|LLUVIA_DESV_14D_PREV|HUM_MAX|LLUVIA_DESV_7D_PREV|LLUVIA|LLUVIA_LAG_7D|LLUVIA_LAG_10D|LLUVIA_PROMEDIO_7D_PREV|LLUVIA_MAX_14D_PREV|LLUVIA_MAX_3D_PREV|DIAS_SECOS_3D_PREV;30;refinamiento_1;2.7480281966713873;0.5516467991169979;0.37681159420289856;0.18000000000000005;0.18970785363189713;0.035940514895701874;84.0;128.0;69.0;93.66666666666667
HUM_MEDIA_lag_1|VIENTO_MEDIO_lag_1|VIENTO_KURT|VIENTO_MEDIO|VIENTO_MAX|LLUVIA_DESV_30D_PREV|VIENTO_SKEW|HUM_MEDIA|LLUVIA_MAX_30D_PREV|TEMP_SKEW|HUM_MIN|HUM_SKEW|TEMP_MEDIA|TEMP_MAX|TEMP_KURT|HUM_KURT|DIAS_SECOS_30D_PREV|TEMP_MIN|LLUVIA_PROMEDIO_30D_PREV|LLUVIA_TOTAL_30D_PREV|LLUVIA_LAG_10D|LLUVIA_PROMEDIO_7D_PREV|LLUVIA_MAX_14D_PREV|DIAS_SECOS_14D_PREV|LLUVIA_LAG_14D|LLUVIA_LAG_2D|LLUVIA_TOTAL_14D_PREV|DIAS_SECOS_7D_PREV|LLUVIA_LAG_1D|LLUVIA_LAG_3D|LLUVIA_MAX_3D_PREV|LLUVIA_TOTAL_3D_PREV|DIAS_SECOS_3D_PREV;33;refinamiento_1;2.7326906509242046;0.554513612950699;0.37344398340248963;0.05;0.2049469963785588;0.048170557508153154;31.0;116.0;135.0;94.0
HUM_MIN|HUM_SKEW|TEMP_MEDIA|TEMP_MAX|TEMP_KURT;5;bloques_5;2.8236073246746947;0.5490154525386314;0.3864734299516908;0.25000000000000006;0.13443734099652196;0.02627822305987513;142.0;135.0;11.0;96.0
HUM_MEDIA_lag_1|VIENTO_MEDIO_lag_1|VIENTO_KURT|VIENTO_MEDIO|VIENTO_MAX|LLUVIA_DESV_30D_PREV|VIENTO_SKEW|HUM_MEDIA|LLUVIA_MAX_30D_PREV|TEMP_SKEW|HUM_MIN|HUM_SKEW|TEMP_MEDIA|TEMP_MAX|TEMP_KURT|HUM_KURT|DIAS_SECOS_30D_PREV|TEMP_MIN|LLUVIA_PROMEDIO_30D_PREV|LLUVIA_TOTAL_30D_PREV|LLUVIA_DESV_14D_PREV|HUM_MAX|LLUVIA_DESV_7D_PREV|LLUVIA|LLUVIA_LAG_7D|LLUVIA_LAG_10D|LLUVIA_PROMEDIO_7D_PREV|LLUVIA_MAX_14D_PREV|LLUVIA_MAX_3D_PREV|LLUVIA_TOTAL_3D_PREV;30;refinamiento_1;2.7404193739133484;0.5527358351729212;0.37425910245554617;0.17000000000000004;0.18870222466414333;0.03184048365082248;61.0;124.0;104.0;96.33333333333333
HUM_MEDIA_lag_1|VIENTO_MEDIO_lag_1|VIENTO_KURT|VIENTO_MEDIO|VIENTO_MAX|LLUVIA_DESV_30D_PREV|VIENTO_SKEW|HUM_MEDIA|LLUVIA_MAX_30D_PREV|TEMP_SKEW|HUM_MIN|HUM_SKEW|TEMP_MEDIA|TEMP_MAX|TEMP_KURT|HUM_KURT|DIAS_SECOS_30D_PREV|TEMP_MIN|LLUVIA_PROMEDIO_30D_PREV|LLUVIA_TOTAL_30D_PREV|LLUVIA|LLUVIA_LAG_7D|LLUVIA_LAG_10D|LLUVIA_PROMEDIO_7D_PREV|DIAS_SECOS_14D_PREV|LLUVIA_LAG_14D|LLUVIA_MAX_7D_PREV|LLUVIA_LAG_5D|LLUVIA_TOTAL_7D_PREV|LLUVIA_DESV_3D_PREV|LLUVIA_PROMEDIO_14D_PREV;31;refinamiento_1;2.758067883154491;0.5599058130978661;0.37582128777923784;0.33;0.21336583195581338;0.03838361075049317;123.0;84.0;85.0;97.33333333333333
HUM_MEDIA_lag_1|VIENTO_MEDIO_lag_1|VIENTO_KURT|VIENTO_MEDIO|VIENTO_MAX|LLUVIA_DESV_30D_PREV|VIENTO_SKEW|HUM_MEDIA|LLUVIA_MAX_30D_PREV|TEMP_SKEW|HUM_MIN|HUM_SKEW|TEMP_MEDIA|TEMP_MAX|TEMP_KURT|HUM_KURT|DIAS_SECOS_30D_PREV|TEMP_MIN|LLUVIA_PROMEDIO_30D_PREV|LLUVIA_TOTAL_30D_PREV|LLUVIA_DESV_14D_PREV|HUM_MAX|LLUVIA_DESV_7D_PREV|LLUVIA|LLUVIA_LAG_7D|LLUVIA_MAX_7D_PREV|LLUVIA_TOTAL_7D_PREV|LLUVIA_DESV_3D_PREV|LLUVIA_PROMEDIO_14D_PREV|LLUVIA_LAG_2D|LLUVIA_TOTAL_14D_PREV|DIAS_SECOS_7D_PREV|LLUVIA_LAG_1D|LLUVIA_LAG_3D;34;refinamiento_1;2.746612842666815;0.5573568800588669;0.3738474434199497;0.15000000000000002;0.1931876499204221;0.029132521233385007;78.0;105.0;116.0;99.66666666666667
HUM_MEDIA_lag_1|VIENTO_MEDIO_lag_1|VIENTO_KURT|VIENTO_MEDIO|VIENTO_MAX|LLUVIA_DESV_30D_PREV|VIENTO_SKEW|HUM_MEDIA|LLUVIA_MAX_30D_PREV|TEMP_SKEW|HUM_MIN|HUM_SKEW|TEMP_MEDIA|TEMP_MAX|TEMP_KURT|HUM_KURT|DIAS_SECOS_30D_PREV|TEMP_MIN|LLUVIA_PROMEDIO_30D_PREV|LLUVIA_TOTAL_30D_PREV|LLUVIA_DESV_14D_PREV|HUM_MAX|LLUVIA_DESV_7D_PREV|LLUVIA_PROMEDIO_7D_PREV|LLUVIA_MAX_14D_PREV|DIAS_SECOS_14D_PREV|LLUVIA_LAG_14D|LLUVIA_MAX_7D_PREV|LLUVIA_LAG_5D|LLUVIA_TOTAL_7D_PREV|LLUVIA_DESV_3D_PREV;31;refinamiento_1;2.751762066879298;0.5584753495217072;0.37420526793823794;0.22000000000000003;0.1949362314766689;0.029706402476463112;99.0;95.0;105.0;99.66666666666667
HUM_MEDIA_lag_1|VIENTO_MEDIO_lag_1|VIENTO_KURT|VIENTO_MEDIO|VIENTO_MAX|LLUVIA_DESV_30D_PREV|VIENTO_SKEW|HUM_MEDIA|LLUVIA_MAX_30D_PREV|TEMP_SKEW|HUM_MIN|HUM_SKEW|TEMP_MEDIA|TEMP_MAX|TEMP_KURT|HUM_KURT|DIAS_SECOS_30D_PREV|TEMP_MIN|LLUVIA_PROMEDIO_30D_PREV|LLUVIA_TOTAL_30D_PREV|LLUVIA_DESV_14D_PREV|HUM_MAX|LLUVIA_DESV_7D_PREV|LLUVIA|LLUVIA_LAG_7D|LLUVIA_LAG_10D|LLUVIA_MAX_14D_PREV|LLUVIA_MAX_3D_PREV|LLUVIA_TOTAL_3D_PREV|DIAS_SECOS_3D_PREV;30;refinamiento_1;2.755996640127369;0.5582163355408388;0.37553101104502973;0.17000000000000004;0.20041732490090616;0.034004053150752646;114.0;98.0;87.0;99.66666666666667
HUM_MEDIA_lag_1|VIENTO_MEDIO_lag_1|VIENTO_KURT|VIENTO_MEDIO|VIENTO_MAX|LLUVIA_DESV_30D_PREV|VIENTO_SKEW|HUM_MEDIA|LLUVIA_MAX_30D_PREV|TEMP_SKEW|HUM_MIN|HUM_SKEW|TEMP_MEDIA|TEMP_MAX|TEMP_KURT|HUM_KURT|DIAS_SECOS_30D_PREV|TEMP_MIN|LLUVIA_PROMEDIO_30D_PREV|LLUVIA_TOTAL_30D_PREV|LLUVIA_MAX_7D_PREV|LLUVIA_LAG_5D|LLUVIA_TOTAL_7D_PREV|LLUVIA_DESV_3D_PREV|LLUVIA_PROMEDIO_14D_PREV|LLUVIA_LAG_2D|LLUVIA_TOTAL_14D_PREV|DIAS_SECOS_7D_PREV|LLUVIA_LAG_1D|LLUVIA_LAG_3D|LLUVIA_PROMEDIO_3D_PREV|LLUVIA_MAX_3D_PREV|LLUVIA_TOTAL_3D_PREV|DIAS_SECOS_3D_PREV;34;bloques_5;2.746714188437757;0.5536011773362768;0.3744752308984047;0.16000000000000003;0.18762656172879377;0.03228428254642164;79.0;122.0;101.0;100.66666666666667
LLUVIA_PROMEDIO_3D_PREV|LLUVIA_MAX_3D_PREV|LLUVIA_TOTAL_3D_PREV|DIAS_SECOS_3D_PREV;4;bloques_5;2.8544889441592582;0.4868285504047094;0.38446969696969696;0.30000000000000004;0.25741506134712794;0.03761053900262935;143.0;143.0;16.0;100.66666666666667
HUM_MEDIA_lag_1|VIENTO_MEDIO_lag_1|VIENTO_KURT|VIENTO_MEDIO|VIENTO_MAX|LLUVIA_DESV_30D_PREV|VIENTO_SKEW|HUM_MEDIA|LLUVIA_MAX_30D_PREV|TEMP_SKEW|HUM_MIN|HUM_SKEW|TEMP_MEDIA|TEMP_MAX|TEMP_KURT|HUM_KURT|DIAS_SECOS_30D_PREV|TEMP_MIN|LLUVIA_PROMEDIO_30D_PREV|LLUVIA_TOTAL_30D_PREV|LLUVIA_DESV_14D_PREV|HUM_MAX|LLUVIA_DESV_7D_PREV|LLUVIA|LLUVIA_LAG_7D|LLUVIA_LAG_10D|LLUVIA_PROMEDIO_7D_PREV|LLUVIA_MAX_14D_PREV|DIAS_SECOS_14D_PREV|LLUVIA_LAG_14D|LLUVIA_MAX_7D_PREV|LLUVIA_LAG_5D|LLUVIA_TOTAL_7D_PREV|LLUVIA_DESV_3D_PREV|LLUVIA_PROMEDIO_14D_PREV|LLUVIA_LAG_2D|LLUVIA_TOTAL_14D_PREV|DIAS_SECOS_7D_PREV|LLUVIA_LAG_3D;39;refinamiento_1;2.7469467989836183;0.5558734363502575;0.3739565943238731;0.14;0.20416082100129176;0.04619736364691587;80.0;113.0;114.0;102.33333333333333
HUM_MEDIA_lag_1|VIENTO_MEDIO_lag_1|VIENTO_KURT|VIENTO_MEDIO|VIENTO_MAX|LLUVIA_DESV_30D_PREV|VIENTO_SKEW|HUM_MEDIA|LLUVIA_MAX_30D_PREV|TEMP_SKEW|HUM_MIN|HUM_SKEW|TEMP_MEDIA|TEMP_MAX|TEMP_KURT|HUM_KURT|DIAS_SECOS_30D_PREV|TEMP_MIN|LLUVIA_PROMEDIO_30D_PREV|LLUVIA_DESV_7D_PREV|LLUVIA|LLUVIA_LAG_7D|LLUVIA_LAG_10D|LLUVIA_PROMEDIO_7D_PREV|LLUVIA_MAX_14D_PREV|DIAS_SECOS_14D_PREV|LLUVIA_LAG_14D|LLUVIA_PROMEDIO_3D_PREV|LLUVIA_MAX_3D_PREV|LLUVIA_TOTAL_3D_PREV|DIAS_SECOS_3D_PREV;31;refinamiento_3;2.7380433515182547;0.5537130242825608;0.37344398340248963;0.05;0.19435686534106178;0.04396873042109405;53.0;120.0;135.0;102.66666666666667
HUM_MEDIA_lag_1|VIENTO_MEDIO_lag_1|VIENTO_KURT|VIENTO_MEDIO|VIENTO_MAX|LLUVIA_DESV_30D_PREV|VIENTO_SKEW|HUM_MEDIA|LLUVIA_MAX_30D_PREV|TEMP_SKEW|HUM_MIN|HUM_SKEW|TEMP_MEDIA|TEMP_MAX|TEMP_KURT;15;bloques_5;2.740437315978282;0.5515938189845475;0.37375415282392027;0.11000000000000001;0.14560682783699186;0.0428577260405458;62.0;129.0;118.0;103.0
HUM_MEDIA_lag_1|VIENTO_MEDIO_lag_1|VIENTO_KURT|VIENTO_MEDIO|VIENTO_MAX|LLUVIA_DESV_30D_PREV|VIENTO_SKEW|HUM_MEDIA|LLUVIA_MAX_30D_PREV|TEMP_SKEW|HUM_MIN|HUM_SKEW|TEMP_MEDIA|TEMP_MAX|TEMP_KURT|HUM_KURT|DIAS_SECOS_30D_PREV|TEMP_MIN|LLUVIA_PROMEDIO_30D_PREV|LLUVIA_TOTAL_30D_PREV|LLUVIA_DESV_14D_PREV|HUM_MAX|LLUVIA_DESV_7D_PREV|LLUVIA|LLUVIA_LAG_7D|LLUVIA_LAG_10D|LLUVIA_PROMEDIO_7D_PREV|LLUVIA_MAX_14D_PREV|DIAS_SECOS_14D_PREV|LLUVIA_LAG_14D;30;bloques_5;2.7483656398872447;0.5570802060338484;0.37375415282392027;0.1;0.19784657753337662;0.028207709658726782;88.0;107.0;118.0;104.33333333333333
HUM_MEDIA_lag_1|VIENTO_MEDIO_lag_1|VIENTO_KURT|VIENTO_MEDIO|VIENTO_MAX|LLUVIA_DESV_30D_PREV|VIENTO_SKEW|HUM_MEDIA|LLUVIA_MAX_30D_PREV|TEMP_SKEW|HUM_MIN|HUM_SKEW|TEMP_MEDIA|TEMP_MAX|TEMP_KURT|HUM_KURT|DIAS_SECOS_30D_PREV|TEMP_MIN|LLUVIA_PROMEDIO_30D_PREV|LLUVIA_TOTAL_30D_PREV|LLUVIA_DESV_14D_PREV|HUM_MAX|LLUVIA_DESV_7D_PREV|LLUVIA|LLUVIA_LAG_7D|LLUVIA_MAX_7D_PREV|LLUVIA_LAG_5D|LLUVIA_TOTAL_7D_PREV|LLUVIA_DESV_3D_PREV|LLUVIA_PROMEDIO_14D_PREV|LLUVIA_LAG_2D|LLUVIA_TOTAL_14D_PREV|DIAS_SECOS_7D_PREV|LLUVIA_LAG_1D|LLUVIA_LAG_3D|LLUVIA_PROMEDIO_3D_PREV|LLUVIA_MAX_3D_PREV|LLUVIA_TOTAL_3D_PREV|DIAS_SECOS_3D_PREV;39;bloques_5;2.7627190100456085;0.5542545989698308;0.3767872161480236;0.16000000000000003;0.1925625287683095;0.04593796785677875;129.0;118.0;70.0;105.66666666666667
HUM_MEDIA_lag_1|VIENTO_MEDIO_lag_1|VIENTO_KURT|VIENTO_MEDIO|VIENTO_MAX|LLUVIA_DESV_30D_PREV|VIENTO_SKEW|HUM_MEDIA|LLUVIA_MAX_30D_PREV|TEMP_SKEW|HUM_MIN|HUM_SKEW|TEMP_MEDIA|TEMP_MAX|TEMP_KURT|HUM_KURT|DIAS_SECOS_30D_PREV|TEMP_MIN|LLUVIA_PROMEDIO_30D_PREV|LLUVIA_TOTAL_30D_PREV|LLUVIA_DESV_14D_PREV|HUM_MAX|LLUVIA_DESV_7D_PREV|LLUVIA|LLUVIA_LAG_7D|LLUVIA_LAG_10D|LLUVIA_PROMEDIO_7D_PREV|LLUVIA_MAX_14D_PREV|DIAS_SECOS_14D_PREV|LLUVIA_LAG_14D|LLUVIA_MAX_7D_PREV|LLUVIA_LAG_5D|LLUVIA_TOTAL_7D_PREV|LLUVIA_DESV_3D_PREV|LLUVIA_PROMEDIO_14D_PREV|LLUVIA_LAG_2D|LLUVIA_TOTAL_14D_PREV|LLUVIA_LAG_1D|LLUVIA_LAG_3D;39;refinamiento_1;2.754638528984031;0.5571920529801324;0.3742690058479532;0.14;0.1933781639073404;0.04259438231858006;110.0;106.0;103.0;106.33333333333333
LLUVIA_MAX_7D_PREV|LLUVIA_LAG_5D|LLUVIA_TOTAL_7D_PREV|LLUVIA_DESV_3D_PREV|LLUVIA_PROMEDIO_14D_PREV;5;bloques_5;2.7905480169772723;0.49506696100073583;0.37966101694915255;0.16000000000000003;0.2527630904409218;0.04002233492911426;140.0;142.0;39.0;107.0
HUM_MEDIA_lag_1|VIENTO_MEDIO_lag_1|VIENTO_KURT|VIENTO_MEDIO|VIENTO_MAX|LLUVIA_DESV_30D_PREV|VIENTO_SKEW|HUM_MEDIA|LLUVIA_MAX_30D_PREV|TEMP_SKEW|HUM_MIN|HUM_SKEW|TEMP_MEDIA|TEMP_MAX|TEMP_KURT|HUM_KURT|DIAS_SECOS_30D_PREV|TEMP_MIN|LLUVIA_PROMEDIO_30D_PREV|LLUVIA_TOTAL_30D_PREV|LLUVIA_DESV_14D_PREV|HUM_MAX|LLUVIA_DESV_7D_PREV|LLUVIA|LLUVIA_LAG_7D|LLUVIA_LAG_10D|LLUVIA_PROMEDIO_7D_PREV|LLUVIA_MAX_3D_PREV|LLUVIA_TOTAL_3D_PREV|DIAS_SECOS_3D_PREV;30;refinamiento_1;2.751254940011065;0.5512935982339956;0.375;0.18000000000000005;0.18569756253565273;0.03546677957621124;97.0;132.0;93.0;107.33333333333333
HUM_MEDIA_lag_1|VIENTO_MEDIO_lag_1|VIENTO_KURT|VIENTO_MEDIO|VIENTO_MAX|LLUVIA_DESV_30D_PREV|VIENTO_SKEW|HUM_MEDIA|LLUVIA_MAX_30D_PREV|TEMP_SKEW|HUM_MIN|HUM_SKEW|TEMP_MEDIA|TEMP_MAX|TEMP_KURT|HUM_KURT|DIAS_SECOS_30D_PREV|TEMP_MIN|LLUVIA_PROMEDIO_30D_PREV|LLUVIA_TOTAL_30D_PREV|LLUVIA_DESV_14D_PREV|HUM_MAX|LLUVIA_DESV_7D_PREV|LLUVIA|LLUVIA_LAG_7D|LLUVIA_LAG_10D|LLUVIA_PROMEDIO_7D_PREV|LLUVIA_MAX_14D_PREV|DIAS_SECOS_14D_PREV|LLUVIA_LAG_14D|LLUVIA_MAX_7D_PREV|LLUVIA_LAG_5D;32;refinamiento_3;2.752861015596133;0.5593583517292127;0.37344398340248963;0.05;0.19249428384969644;0.03441866828607749;102.0;88.0;135.0;108.33333333333333
HUM_KURT|DIAS_SECOS_30D_PREV|TEMP_MIN|LLUVIA_PROMEDIO_30D_PREV|LLUVIA_TOTAL_30D_PREV;5;bloques_5;2.8155044143092423;0.5292744665194996;0.37843336724313326;0.29000000000000004;0.19966348668878128;0.03000733205686302;141.0;137.0;50.0;109.33333333333333
HUM_MEDIA_lag_1|VIENTO_MEDIO_lag_1|VIENTO_KURT|VIENTO_MEDIO|VIENTO_MAX|LLUVIA_DESV_30D_PREV|VIENTO_SKEW|HUM_MEDIA|LLUVIA_MAX_30D_PREV|TEMP_SKEW|HUM_MIN|HUM_SKEW|TEMP_MEDIA|TEMP_MAX|TEMP_KURT|HUM_KURT|DIAS_SECOS_30D_PREV|TEMP_MIN|LLUVIA_PROMEDIO_30D_PREV|LLUVIA_TOTAL_30D_PREV|LLUVIA_DESV_14D_PREV|HUM_MAX|LLUVIA_DESV_7D_PREV|LLUVIA|LLUVIA_LAG_7D|LLUVIA_MAX_7D_PREV|LLUVIA_LAG_5D|LLUVIA_TOTAL_7D_PREV|LLUVIA_DESV_3D_PREV|LLUVIA_PROMEDIO_14D_PREV|LLUVIA_PROMEDIO_3D_PREV|LLUVIA_MAX_3D_PREV|LLUVIA_TOTAL_3D_PREV|DIAS_SECOS_3D_PREV;34;bloques_5;2.7573319855842;0.5602295805739514;0.37355718782791186;0.27;0.2219521694454144;0.03187001803755124;120.0;79.0;133.0;110.66666666666667
HUM_MEDIA_lag_1|VIENTO_MEDIO_lag_1|VIENTO_KURT|VIENTO_MEDIO|VIENTO_MAX|LLUVIA_DESV_30D_PREV|VIENTO_SKEW|HUM_MEDIA|LLUVIA_MAX_30D_PREV|TEMP_SKEW|HUM_MIN|HUM_SKEW|TEMP_MEDIA|TEMP_MAX|TEMP_KURT|LLUVIA_DESV_14D_PREV|HUM_MAX|LLUVIA_DESV_7D_PREV|LLUVIA|LLUVIA_LAG_7D|LLUVIA_LAG_10D|LLUVIA_PROMEDIO_7D_PREV|LLUVIA_MAX_14D_PREV|DIAS_SECOS_14D_PREV|LLUVIA_LAG_14D|LLUVIA_MAX_7D_PREV|LLUVIA_LAG_5D|LLUVIA_TOTAL_7D_PREV|LLUVIA_DESV_3D_PREV|LLUVIA_PROMEDIO_14D_PREV|LLUVIA_LAG_2D|LLUVIA_TOTAL_14D_PREV|DIAS_SECOS_7D_PREV|LLUVIA_LAG_1D|LLUVIA_LAG_3D|LLUVIA_PROMEDIO_3D_PREV|LLUVIA_MAX_3D_PREV|LLUVIA_TOTAL_3D_PREV|DIAS_SECOS_3D_PREV;39;bloques_5;2.7637723963582723;0.5542075055187639;0.37554585152838427;0.35000000000000003;0.2147018444322662;0.0485643982162047;132.0;119.0;86.0;112.33333333333333
LLUVIA_LAG_2D|LLUVIA_TOTAL_14D_PREV|DIAS_SECOS_7D_PREV|LLUVIA_LAG_1D|LLUVIA_LAG_3D;5;bloques_5;2.7880379070452017;0.4807976453274466;0.3778337531486146;0.18000000000000005;0.248516361224176;0.06997106128645017;139.0;144.0;56.0;113.0
HUM_MEDIA_lag_1|VIENTO_MEDIO_lag_1|VIENTO_KURT|VIENTO_MEDIO|VIENTO_MAX|LLUVIA_DESV_30D_PREV|VIENTO_SKEW|HUM_MEDIA|LLUVIA_MAX_30D_PREV|TEMP_SKEW;10;bloques_5;2.748898344165295;0.5455069904341427;0.37405223251895536;0.16000000000000003;0.13632479713576726;0.0549310681820559;93.0;136.0;111.0;113.33333333333333
HUM_MEDIA_lag_1|VIENTO_MEDIO_lag_1|VIENTO_KURT|VIENTO_MEDIO|VIENTO_MAX|LLUVIA_DESV_30D_PREV|VIENTO_SKEW|HUM_MEDIA|LLUVIA_MAX_30D_PREV|TEMP_SKEW|HUM_MIN|HUM_SKEW|TEMP_MEDIA|TEMP_MAX|TEMP_KURT|HUM_KURT|DIAS_SECOS_30D_PREV|TEMP_MIN|LLUVIA_PROMEDIO_30D_PREV|LLUVIA_TOTAL_30D_PREV|LLUVIA_DESV_14D_PREV|HUM_MAX|LLUVIA_DESV_7D_PREV|LLUVIA|LLUVIA_LAG_7D|LLUVIA_LAG_10D|LLUVIA_PROMEDIO_7D_PREV|LLUVIA_MAX_14D_PREV|DIAS_SECOS_14D_PREV|LLUVIA_LAG_14D|LLUVIA_MAX_7D_PREV|LLUVIA_LAG_5D|LLUVIA_TOTAL_7D_PREV|LLUVIA_DESV_3D_PREV|LLUVIA_PROMEDIO_14D_PREV|LLUVIA_LAG_2D|LLUVIA_TOTAL_14D_PREV|DIAS_SECOS_7D_PREV|LLUVIA_LAG_1D|LLUVIA_LAG_3D|LLUVIA_PROMEDIO_3D_PREV|LLUVIA_MAX_3D_PREV|LLUVIA_TOTAL_3D_PREV|DIAS_SECOS_3D_PREV;44;bloques_5;2.7485870708801956;0.5536718175128771;0.37344398340248963;0.05;0.19202559911390307;0.03241329344416211;90.0;121.0;135.0;115.33333333333333
LLUVIA_LAG_10D|LLUVIA_PROMEDIO_7D_PREV|LLUVIA_MAX_14D_PREV|DIAS_SECOS_14D_PREV|LLUVIA_LAG_14D;5;bloques_5;2.778600367934471;0.5183016924208976;0.3766122098022356;0.2;0.24097049497189163;0.03467305896998915;136.0;139.0;73.0;116.0
HUM_MEDIA_lag_1|VIENTO_MEDIO_lag_1|VIENTO_KURT|VIENTO_MEDIO|VIENTO_MAX|LLUVIA_DESV_30D_PREV|VIENTO_SKEW|HUM_MEDIA|LLUVIA_MAX_30D_PREV|TEMP_SKEW|HUM_MIN|HUM_SKEW|TEMP_MEDIA|TEMP_MAX|TEMP_KURT|HUM_KURT|DIAS_SECOS_30D_PREV|TEMP_MIN|LLUVIA_PROMEDIO_30D_PREV|LLUVIA_TOTAL_30D_PREV|LLUVIA_DESV_14D_PREV|HUM_MAX|LLUVIA_DESV_7D_PREV|LLUVIA|LLUVIA_LAG_7D|LLUVIA_LAG_10D|LLUVIA_PROMEDIO_7D_PREV|DIAS_SECOS_14D_PREV|LLUVIA_LAG_14D|LLUVIA_MAX_7D_PREV|LLUVIA_LAG_5D|LLUVIA_TOTAL_7D_PREV|LLUVIA_DESV_3D_PREV|LLUVIA_PROMEDIO_14D_PREV;34;refinamiento_1;2.754291442480258;0.5569448123620309;0.37344398340248963;0.05;0.20340354745655312;0.033748259677749415;107.0;108.0;135.0;116.66666666666667
HUM_MEDIA_lag_1|VIENTO_MEDIO_lag_1|VIENTO_KURT|VIENTO_MEDIO|VIENTO_MAX|LLUVIA_DESV_30D_PREV|VIENTO_SKEW|HUM_MEDIA|LLUVIA_MAX_30D_PREV|TEMP_SKEW|HUM_MIN|HUM_SKEW|TEMP_MEDIA|TEMP_MAX|TEMP_KURT|HUM_KURT|DIAS_SECOS_30D_PREV|TEMP_MIN|LLUVIA_PROMEDIO_30D_PREV|LLUVIA_TOTAL_30D_PREV|LLUVIA_DESV_14D_PREV|HUM_MAX|LLUVIA_DESV_7D_PREV|LLUVIA|LLUVIA_LAG_7D|LLUVIA_LAG_10D|LLUVIA_PROMEDIO_7D_PREV|LLUVIA_MAX_14D_PREV|DIAS_SECOS_14D_PREV|LLUVIA_LAG_14D|LLUVIA_MAX_7D_PREV|LLUVIA_LAG_5D|LLUVIA_TOTAL_7D_PREV|LLUVIA_DESV_3D_PREV|LLUVIA_PROMEDIO_14D_PREV|LLUVIA_LAG_2D|LLUVIA_TOTAL_14D_PREV|DIAS_SECOS_7D_PREV|LLUVIA_LAG_1D;39;refinamiento_1;2.75150156853178;0.5514878587196468;0.37364470391993326;0.13;0.20429348321820534;0.04452324884326823;98.0;131.0;131.0;120.0
HUM_MEDIA_lag_1|VIENTO_MEDIO_lag_1|VIENTO_KURT|VIENTO_MEDIO|VIENTO_MAX|LLUVIA_DESV_30D_PREV|VIENTO_SKEW|HUM_MEDIA|LLUVIA_MAX_30D_PREV|TEMP_SKEW|HUM_MIN|HUM_SKEW|TEMP_MEDIA|TEMP_MAX|TEMP_KURT|HUM_KURT|DIAS_SECOS_30D_PREV|TEMP_MIN|LLUVIA_PROMEDIO_30D_PREV|LLUVIA_TOTAL_30D_PREV|LLUVIA_LAG_10D|LLUVIA_PROMEDIO_7D_PREV|LLUVIA_LAG_2D|LLUVIA_TOTAL_14D_PREV|DIAS_SECOS_7D_PREV|LLUVIA_LAG_1D|LLUVIA_LAG_3D|LLUVIA_PROMEDIO_3D_PREV|LLUVIA_MAX_3D_PREV|LLUVIA_TOTAL_3D_PREV|DIAS_SECOS_3D_PREV;31;refinamiento_3;2.754560212688766;0.5529006622516557;0.37344398340248963;0.05;0.18874675214516598;0.03554143818870928;109.0;123.0;135.0;122.33333333333333
HUM_MEDIA_lag_1|VIENTO_MEDIO_lag_1|VIENTO_KURT|VIENTO_MEDIO|VIENTO_MAX|LLUVIA_DESV_30D_PREV|VIENTO_SKEW|HUM_MEDIA|LLUVIA_MAX_30D_PREV|TEMP_SKEW|HUM_KURT|DIAS_SECOS_30D_PREV|TEMP_MIN|LLUVIA_PROMEDIO_30D_PREV|LLUVIA_TOTAL_30D_PREV|LLUVIA_DESV_14D_PREV|HUM_MAX|LLUVIA_DESV_7D_PREV|LLUVIA|LLUVIA_LAG_7D|LLUVIA_LAG_10D|LLUVIA_PROMEDIO_7D_PREV|LLUVIA_MAX_14D_PREV|DIAS_SECOS_14D_PREV|LLUVIA_LAG_14D|LLUVIA_MAX_7D_PREV|LLUVIA_LAG_5D|LLUVIA_TOTAL_7D_PREV|LLUVIA_DESV_3D_PREV|LLUVIA_PROMEDIO_14D_PREV|LLUVIA_LAG_2D|LLUVIA_TOTAL_14D_PREV|DIAS_SECOS_7D_PREV|LLUVIA_LAG_1D|LLUVIA_LAG_3D|LLUVIA_PROMEDIO_3D_PREV|LLUVIA_MAX_3D_PREV|LLUVIA_TOTAL_3D_PREV|DIAS_SECOS_3D_PREV;39;bloques_5;2.764615630078662;0.5508815305371597;0.3741258741258741;0.2;0.20933107667560505;0.029379973283686668;133.0;133.0;106.0;124.0
LLUVIA_DESV_14D_PREV|HUM_MAX|LLUVIA_DESV_7D_PREV|LLUVIA|LLUVIA_LAG_7D;5;bloques_5;2.760048285776984;0.5228256070640177;0.37375415282392027;0.09000000000000001;0.22477844893271845;0.040628748125057526;126.0;138.0;118.0;127.33333333333333
LLUVIA_DESV_30D_PREV|VIENTO_SKEW|HUM_MEDIA|LLUVIA_MAX_30D_PREV|TEMP_SKEW;5;bloques_5;2.7806618469320665;0.5002678440029433;0.37344398340248963;0.05;0.13026122385130756;0.021131855818450535;137.0;141.0;135.0;137.66666666666666
HUM_MEDIA_lag_1|VIENTO_MEDIO_lag_1|VIENTO_KURT|VIENTO_MEDIO|VIENTO_MAX;5;bloques_5;2.8744681937870054;0.5141839587932303;0.37142857142857144;0.13;0.2510601120518046;0.04307852351514007;144.0;140.0;144.0;142.66666666666666
