FECHA_DIA;N_5TA_CIA;PRED_5TA_CIA_OOF;PROB_5TA_CIA_ALTA_OOF;TARGET_5TA_CIA_ALTA
2022-02-03;3.0;1.4651115536689758;0.18983542174100876;1
2022-02-04;1.0;1.7004768927892049;0.24851977427800495;0
2022-02-05;2.0;1.3491025527318319;0.15397647470235826;0
2022-02-06;0.0;1.4646390795707702;0.20076599816481272;0
2022-02-07;1.0;1.312920633951823;0.17500910858313243;0
2022-02-08;2.0;1.500147271156311;0.20597587178150814;0
2022-02-11;0.0;1.3684665203094482;0.15516801526149113;0
2022-02-12;0.0;1.6340145031611124;0.22832474956909815;0
2022-02-13;0.0;1.165370261669159;0.16434224794308344;0
2022-02-14;0.0;1.3032075921694437;0.15548918768763542;0
2022-02-15;0.0;1.392048192024231;0.17695790876944859;0
2022-02-16;0.0;1.311286727587382;0.14633663793404897;0
2022-02-17;0.0;1.3915573795636496;0.19086283445358276;0
2022-02-18;0.0;1.5380018870035808;0.2949330747127533;0
2022-02-19;0.0;1.4284483909606933;0.19449802984793982;0
2022-02-20;1.0;1.446025562286377;0.19372954616943996;0
2022-02-21;0.0;1.3258595863978069;0.13815129871169726;0
2022-02-22;1.0;1.3746118903160096;0.20987998495499294;0
2022-02-23;1.0;1.387029755115509;0.16051576882600785;0
2022-02-24;0.0;1.4345914681752523;0.1698440430064996;0
2022-02-25;1.0;1.4525453885396322;0.20535504221916198;0
2022-02-26;0.0;1.4249106168746948;0.14876104965806008;0
2022-02-27;0.0;1.5646593530972799;0.19727397511402767;0
2022-02-28;1.0;1.4926058650016785;0.1753447060783704;0
2022-03-01;2.0;1.5595900336901347;0.23384612500667573;0
2022-03-02;2.0;1.8792855898539225;0.3592209259668986;0
2022-03-03;1.0;1.9252843896547953;0.3581009715795517;0
2022-03-04;1.0;1.6823519984881083;0.2813941756884257;0
2022-03-05;1.0;1.8050358017285666;0.27135486006736753;0
2022-03-06;0.0;1.6507195075352987;0.2742500553528468;0
2022-03-07;1.0;1.4902045925458272;0.21504584699869156;0
2022-03-08;4.0;1.4118074735005697;0.19818598330020903;1
2022-03-09;0.0;1.7006083687146505;0.21634121835231782;0
2022-03-10;2.0;1.6410415569941204;0.2926455428202947;0
2022-03-11;0.0;1.5419525384902955;0.21325235416491825;0
2022-03-12;3.0;1.506006407737732;0.2221432223916054;1
2022-03-13;0.0;1.6202299475669861;0.2226878081758817;0
2022-03-14;1.0;1.5687382102012635;0.21118612041076024;0
2022-03-15;0.0;1.5154708743095398;0.22829230179389318;0
2022-03-16;1.0;1.5105859597524007;0.27483446101347603;0
2022-03-17;3.0;1.433821709950765;0.15257013961672783;1
2022-03-18;1.0;1.4154475490252176;0.17975206996003787;0
2022-03-21;1.0;1.3772021015485127;0.18826864634950954;0
2022-03-22;1.0;1.4539957483609518;0.19108378365635872;0
2022-03-23;3.0;1.3634491205215453;0.1604463905096054;1
2022-03-24;1.0;1.6066667596499125;0.196739195783933;0
2022-03-25;1.0;1.6454477866490682;0.29753913631041845;0
2022-03-26;2.0;1.8406256675720214;0.3255934288104375;0
2022-03-27;1.0;1.5936546603838602;0.18525580714146297;0
2022-03-28;3.0;1.4935482780138651;0.17890481352806092;1
2022-03-31;0.0;1.4678898970286052;0.2559546793500582;0
2022-04-01;3.0;1.4556403875350952;0.2302332565188408;1
2022-04-02;3.0;1.5579518993695578;0.20895405958096186;1
2022-04-03;2.0;1.5449281493822733;0.19438014477491378;0
2022-04-04;1.0;1.5398836533228557;0.23851250012715658;0
2022-04-05;2.0;1.6513000090916952;0.2849071885148684;0
2022-04-06;0.0;1.7404444376627604;0.31350780725479127;0
2022-04-07;1.0;1.4859243790308634;0.24009396235148112;0
2022-04-08;0.0;1.3780022382736206;0.12301640684405962;0
2022-04-09;3.0;1.4988147775332132;0.18253688166538876;1
2022-04-10;0.0;1.5737895766894023;0.17004419788718222;0
2022-04-11;3.0;1.4628652890523275;0.15359631851315497;1
2022-04-12;2.0;1.5839610377947488;0.20252878864606222;0
2022-04-13;2.0;1.6090538382530213;0.21316101948420207;0
2022-04-14;3.0;1.6372286041577657;0.24078877319892247;1
2022-04-15;3.0;1.6153079668680828;0.25709328254063923;1
2022-04-16;2.0;1.8810446421305338;0.34516992171605426;0
2022-04-17;1.0;1.6326276818911234;0.2810339659452438;0
2022-04-18;1.0;1.4618170221646627;0.1872307375073433;0
2022-04-19;1.0;1.4942780256271362;0.205665602038304;0
2022-04-20;1.0;1.4045928637186686;0.13570147479573885;0
2022-04-21;1.0;1.85836261510849;0.36896189947923025;0
2022-04-22;3.0;1.6622079014778137;0.1821058139204979;1
2022-04-23;1.0;1.8656143546104431;0.1962414654592673;0
2022-04-24;2.0;1.6690490325291951;0.20262179126342136;0
2022-04-25;0.0;1.4145450313886008;0.12809776763121286;0
2022-04-26;2.0;1.7492212851842244;0.28392795026302337;0
2022-04-27;2.0;1.6038999120394388;0.25086812575658163;0
2022-04-28;1.0;1.7833808461825054;0.22406864464282988;0
2022-04-29;4.0;1.6901496171951294;0.2324995756149292;1
2022-04-30;1.0;1.8573071281115214;0.29307515621185304;0
2022-05-01;2.0;1.770147188504537;0.2149575079480807;0
2022-05-02;1.0;1.680835247039795;0.23159283151229224;0
2022-05-03;2.0;1.6645868102709451;0.1972468520204226;0
2022-05-04;2.0;1.63978720108668;0.17836806823809942;0
2022-05-05;0.0;1.5914069692293802;0.15969569608569145;0
2022-05-06;0.0;1.3009642402331034;0.09196300605932871;0
2022-05-16;2.0;1.6871773242950439;0.19822468062241871;0
2022-05-17;1.0;1.6149244864781698;0.16148120736082394;0
2022-05-18;0.0;1.4534749905268352;0.10694713592529297;0
2022-05-19;2.0;1.6795224626859029;0.1838662455479304;0
2022-05-20;3.0;1.5892688194910685;0.18389794404308002;1
2022-05-21;2.0;1.5999923586845397;0.22244583169619242;0
2022-05-22;1.0;1.750217576821645;0.17179220418135324;0
2022-05-23;1.0;1.4614954074223836;0.12584416394432385;0
2022-05-24;3.0;1.622715135415395;0.14773353512088458;1
2022-05-25;2.0;1.69798055489858;0.22080034414927166;0
2022-05-26;2.0;1.7805983781814576;0.2242087736725807;0
2022-05-27;0.0;2.0441637873649596;0.30113462656736373;0
2022-05-28;3.0;1.6926371574401855;0.17537063757578533;1
2022-05-29;2.0;1.8790905117988586;0.20014643395940462;0
2022-06-01;0.0;1.6020185510317484;0.1698022539416949;0
2022-06-02;1.0;1.4302820404370626;0.13778204321861268;0
2022-06-03;2.0;1.6539754311243693;0.23458649665117265;0
2022-06-04;2.0;2.4000550746917724;0.30549257844686506;0
2022-06-05;1.0;1.5282771905263266;0.25394812375307085;0
2022-06-06;0.0;1.425764294465383;0.17297748923301698;0
2022-06-07;0.0;1.5461851040522256;0.22416773388783137;0
2022-06-08;1.0;1.0940422475337983;0.09780958282450834;0
2022-06-09;1.0;1.2295914550622304;0.12591125095884007;0
2022-06-10;2.0;1.5576935410499573;0.17315791125098864;0
2022-06-11;0.0;1.8754488229751587;0.22573155909776688;0
2022-06-12;1.0;1.638107180595398;0.19895960489908854;0
2022-06-13;3.0;1.3769409656524658;0.13488920057813328;1
2022-06-14;1.0;1.828079382578532;0.2672579059998194;0
2022-06-15;3.0;1.491899553934733;0.1912427807847659;1
2022-06-16;0.0;1.3043466965357462;0.14354750017325082;0
2022-06-17;3.0;1.559148410956065;0.18374806145826975;1
2022-06-18;2.0;1.7148658951123557;0.2145975758632024;0
2022-06-19;2.0;1.5973812500635782;0.21598079005877177;0
2022-06-20;0.0;1.5561026771863302;0.18172457218170165;0
2022-06-21;0.0;1.3453746954600017;0.08171831431488195;0
2022-06-22;2.0;1.5946293632189432;0.19600616991519929;0
2022-06-23;2.0;1.6246145089467368;0.23469766875108083;0
2022-06-24;0.0;1.674369736512502;0.22959530105193457;0
2022-06-25;2.0;1.569106916586558;0.1480351095398267;0
2022-06-26;4.0;1.5392338275909423;0.1908476670583089;1
2022-06-27;0.0;1.4237842718760172;0.12477001349131266;0
2022-06-28;1.0;1.1545526643594106;0.10536231199900309;0
2022-06-29;1.0;1.6140108625094096;0.22586392760276794;0
2022-06-30;0.0;1.4829210003217062;0.11748098184665044;0
2022-07-01;2.0;1.57645450035731;0.2042320653796196;0
2022-07-02;2.0;1.675223429997762;0.19155348986387252;0
2022-07-03;2.0;1.4618216435114542;0.17062154784798622;0
2022-07-04;2.0;1.4563757141431173;0.17017620677749315;0
2022-07-05;0.0;1.7886023958524069;0.2677305201689402;0
2022-07-06;0.0;1.5187004645665487;0.14228673328955968;0
2022-07-07;1.0;1.655319086710612;0.18793797542651494;0
2022-07-08;1.0;1.576429259777069;0.18663567552963892;0
2022-07-09;1.0;2.4442378958066304;0.2778619413574537;0
2022-07-10;0.0;1.3532774209976197;0.13829677924513817;0
2022-07-11;1.0;1.3946422616640726;0.14807418684164683;0
2022-07-12;1.0;1.5899882276852926;0.17308800915877023;0
2022-07-13;1.0;1.593309473991394;0.1753873974084854;0
2022-07-14;3.0;1.4875584602355958;0.1432066674033801;1
2022-07-15;1.0;1.5996556878089905;0.1826642021536827;0
2022-07-16;1.0;1.6035521229108174;0.14647365361452103;0
2022-07-17;1.0;1.9034435510635377;0.2446787714958191;0
2022-07-18;2.0;1.556798795859019;0.1658201848467191;0
2022-07-19;2.0;1.6751248796780904;0.17345214461286862;0
2022-07-20;1.0;1.5361829280853272;0.2034377510348956;0
2022-07-21;1.0;1.3985721627871195;0.09689846038818359;0
2022-07-22;2.0;1.201718658208847;0.11317427369455496;0
2022-07-23;3.0;1.2530693610509236;0.09346547946333886;1
2022-07-24;0.0;1.3617091218630473;0.1270014931758245;0
2022-07-25;2.0;1.254850204785665;0.11512736479441325;0
2022-07-26;3.0;1.4940298040707907;0.13051166782776516;1
2022-07-27;3.0;1.351076098283132;0.1581948106487592;1
2022-07-28;1.0;1.58085192044576;0.17113988995552062;0
2022-07-29;1.0;1.5630861282348634;0.21386598348617553;0
2022-07-30;1.0;1.5501699686050414;0.18750331352154415;0
2022-07-31;0.0;1.608502701918284;0.21979033251603444;0
2022-08-01;1.0;1.493951682249705;0.15508201445142428;0
2022-08-02;2.0;1.6794137398401896;0.23394546310106915;0
2022-08-03;1.0;1.5547624309857686;0.18370672911405564;0
2022-08-04;2.0;1.3839796622594198;0.14087986424565316;0
2022-08-05;1.0;1.4932927290598552;0.17651804039875665;0
2022-08-06;0.0;1.3840661287307738;0.12618398293852806;0
2022-08-07;1.0;1.1792298197746276;0.11404363214969634;0
2022-08-08;0.0;1.5632177670796712;0.1731882683932781;0
2022-08-09;1.0;1.5926733175913492;0.20293034613132477;0
2022-08-10;0.0;1.5630355993906657;0.1552668089667956;0
2022-08-11;1.0;1.59258691072464;0.16313505818446478;0
2022-08-12;3.0;1.551213562488556;0.1736864020427068;1
2022-08-13;2.0;1.6552515625953674;0.19328338652849197;0
2022-08-14;0.0;1.579357632001241;0.17282044664025306;0
2022-08-15;1.0;1.5205332080523173;0.1566938410202662;0
2022-08-16;2.0;1.5437453985214233;0.2128302499651909;0
2022-08-17;0.0;1.5649467309315999;0.17978396664063137;0
2022-08-18;2.0;1.5303500096003215;0.18693030873934427;0
2022-08-19;1.0;1.589581553141276;0.2005061000585556;0
2022-08-20;3.0;1.4803981939951578;0.12181478862961133;1
2022-08-21;3.0;1.5417655507723491;0.14526715402801832;1
2022-08-22;0.0;1.485933005809784;0.16217682560284932;0
2022-08-23;1.0;1.4061720887819926;0.10733029072483381;0
2022-08-24;1.0;1.5224756320317587;0.16446394547820092;0
2022-08-25;3.0;1.3928063670794169;0.1854953609406948;1
2022-08-26;1.0;1.5404910326004029;0.2202433983484904;0
2022-08-27;0.0;1.6360018690427145;0.23069551239411037;0
2022-08-28;3.0;1.4594290614128114;0.2136911893884341;1
2022-08-29;3.0;1.3684995810190836;0.15852849433819452;1
2022-08-30;1.0;1.6182793219884237;0.19903131326039633;0
2022-08-31;1.0;1.4312284032503764;0.15379118050138155;0
2022-09-01;0.0;1.4646340052286784;0.22590535680452983;0
2022-09-02;3.0;1.3537601749102275;0.18902571002642313;1
2022-09-03;0.0;1.522637907663981;0.23185507853825887;0
2022-09-04;0.0;1.485978400707245;0.18060769612590472;0
2022-09-05;2.0;1.344497799873352;0.13525423208872478;0
2022-09-06;1.0;1.4594900051752726;0.14997925236821175;0
2022-09-07;2.0;1.4027838985125223;0.1472519340614478;0
2022-09-08;2.0;1.581712583700816;0.21822929481665293;0
2022-09-09;1.0;1.6368628780047099;0.23521955609321593;0
2022-09-10;1.0;1.750307595729828;0.2668708269794782;0
2022-09-11;3.0;1.5487520416577658;0.1885028506318728;1
2022-09-12;2.0;1.6088885148366292;0.1832891916235288;0
2022-09-13;1.0;1.6028782804807027;0.20632269978523254;0
2022-09-14;1.0;1.6452376087506613;0.22873689730962118;0
2022-09-15;2.0;1.285663612683614;0.1160424880683422;0
2022-09-16;1.0;1.5038397550582885;0.19375916520754496;0
2022-09-17;1.0;1.6343281149864197;0.2450514902671178;0
2022-09-18;0.0;1.55996230840683;0.24303303062915801;0
2022-09-19;0.0;1.4851629614830018;0.20364859799544016;0
2022-09-20;0.0;1.553085696697235;0.25041199922561647;0
2022-09-21;0.0;1.549144411087036;0.25239738523960115;0
2022-09-22;1.0;1.4538994471232096;0.18907319655021032;0
2022-09-23;0.0;1.6300403674443562;0.23856773575146992;0
2022-09-24;3.0;1.5613965312639873;0.17229866286118825;1
2022-09-25;2.0;1.3482739528020222;0.16509374156594275;0
2022-09-26;1.0;1.448879865805308;0.19174578065673512;0
2022-09-29;1.0;1.2748859763145446;0.1385771522919337;0
2022-09-30;2.0;1.8302162925402323;0.1660140668352445;0
2022-10-01;1.0;1.829605726401011;0.13912511020898818;0
2022-10-02;1.0;1.3175700346628825;0.11816395223140716;0
2022-10-03;0.0;1.253428037961324;0.10938259189327558;0
2022-10-04;0.0;1.3803972919782004;0.115616524964571;0
2022-10-05;2.0;1.458575467268626;0.1843792955080668;0
2022-10-06;2.0;1.5177563389142354;0.17742220386862756;0
2022-10-07;5.0;1.365529457728068;0.1435242844124635;1
2022-10-08;0.0;1.60956130027771;0.1810961149632931;0
2022-10-09;1.0;1.339896555741628;0.14644537170728048;0
2022-10-10;0.0;1.450530215104421;0.1611603115995725;0
2022-10-11;2.0;1.6656168977419534;0.22247004508972168;0
2022-10-12;2.0;1.4584231654802957;0.1465912160774072;0
2022-10-13;0.0;1.570753538608551;0.18368520811200142;0
2022-10-14;4.0;1.4698159495989482;0.21734034170707067;1
2022-10-15;1.0;1.3016096472740173;0.13502893621722858;0
2022-10-16;0.0;1.5372634291648866;0.17452702422936758;0
2022-10-17;0.0;1.25463840564092;0.1195231003065904;0
2022-10-18;1.0;1.365768571694692;0.15681898593902588;0
2022-10-19;2.0;1.4275816162427266;0.19922020037968954;0
2022-10-20;0.0;1.4948221087455749;0.17262997180223466;0
2022-10-21;1.0;1.5393800775210063;0.23897900730371474;0
2022-10-22;0.0;1.6520478129386902;0.20561080873012544;0
2022-10-23;2.0;1.482514770825704;0.18133947849273682;0
2022-10-24;1.0;1.3246206363042197;0.1347097081442674;0
2022-10-25;2.0;1.4779288649559021;0.18572158043583234;0
2022-10-26;2.0;1.297086270650228;0.11229439675807953;0
2022-10-27;0.0;1.4290250738461812;0.14261048833529155;0
2022-10-28;1.0;1.5320058902104696;0.18217215786377589;0
2022-10-29;2.0;1.5650047183036804;0.1513452502588431;0
2022-10-30;0.0;1.5815394401550293;0.14949233954151472;0
2022-10-31;1.0;1.4318082372347514;0.12331481575965882;0
2022-11-01;2.0;1.7953681786855062;0.19563231815894444;0
2022-11-02;1.0;1.4420182545979818;0.1602232796450456;0
2022-11-03;2.0;1.511918302377065;0.174316868185997;0
2022-11-04;1.0;1.718222471078237;0.25770366191864014;0
2022-11-05;1.0;1.6811754981676736;0.24846721291542054;0
2022-11-06;0.0;1.4350993514060975;0.14783078332742056;0
2022-11-07;0.0;1.2779007752736409;0.10286401038368544;0
2022-11-08;0.0;1.50347394545873;0.14469524572292963;0
2022-11-09;1.0;1.3885573426882425;0.12244057580828667;0
2022-11-10;1.0;1.5852530042330424;0.19072695324818292;0
2022-11-11;1.0;1.7469182133674621;0.22073390781879426;0
2022-11-12;0.0;1.6750159700711569;0.1964329908291499;0
2022-11-13;1.0;1.556276015440623;0.1621197131772836;0
2022-11-16;2.0;1.6641140182813008;0.20905544112126032;0
2022-11-17;2.0;1.6869910796483358;0.19777349829673768;0
2022-11-18;4.0;1.7208179195721944;0.20319755425055822;1
2022-11-19;2.0;1.6949336886405946;0.19639921834071478;0
2022-11-20;2.0;1.5644297838211059;0.19115104327599208;0
2022-11-21;2.0;1.5063621640205382;0.21228577941656113;0
2022-11-22;3.0;1.5365069230397543;0.21301806022723516;1
2022-11-23;2.0;1.4874246716499329;0.23005550454060236;0
2022-11-24;3.0;1.3567435622215271;0.1574897959828377;1
2022-11-25;0.0;1.4994707266489664;0.2111217200756073;0
2022-11-26;1.0;1.456967838605245;0.2082863320906957;0
2022-11-27;3.0;1.2341813882191977;0.12336425855755806;1
2022-11-28;0.0;1.149750018119812;0.08957390201588472;0
2022-11-29;0.0;1.461565613746643;0.22384266753991444;0
2022-11-30;1.0;1.4072983662287395;0.2194511353969574;0
2022-12-01;1.0;1.382022762298584;0.22568131337563196;0
2022-12-02;1.0;1.4064715107282002;0.20158577611049017;0
2022-12-03;4.0;1.2946531176567078;0.12977715879678725;1
2022-12-04;2.0;1.3146080056826273;0.1675516203045845;0
2022-12-05;3.0;1.2391454537709554;0.14215946023662884;1
2022-12-06;2.0;1.3315300861994426;0.16564055706063907;0
2022-12-07;1.0;1.3847296516100565;0.16331364711125693;0
2022-12-08;2.0;1.2290378570556642;0.09357499579588573;0
2022-12-09;1.0;1.4768003225326538;0.0780801173299551;0
2022-12-10;1.0;1.1424275318781534;0.0987589742988348;0
2022-12-11;1.0;1.3744895974795024;0.15404505158464113;0
2022-12-12;0.0;1.3407786766688028;0.13333429917693138;0
2022-12-13;0.0;1.3251962264378865;0.18505711952845255;0
2022-12-14;0.0;1.4418349941571553;0.24109009007612864;0
2022-12-15;1.0;1.5493480404218039;0.2261079082886378;0
2022-12-16;1.0;1.365596878528595;0.1893866573770841;0
2022-12-17;3.0;1.42708131869634;0.21489502042531966;1
2022-12-18;2.0;1.2682582934697468;0.18557445406913758;0
2022-12-19;1.0;1.2455950538317362;0.16510131806135178;0
2022-12-20;1.0;1.2701308886210123;0.15590017139911652;0
2022-12-21;1.0;1.4047054370244345;0.20209509382645288;0
2022-12-22;3.0;1.37349534034729;0.1694788806140423;1
2022-12-23;0.0;1.4967318733533224;0.1623545490205288;0
2022-12-24;0.0;1.8508169094721476;0.20526054600874583;0
2022-12-25;2.0;1.5233267148335774;0.24820382843414943;0
2022-12-26;1.0;1.4329707225163777;0.24451081752777098;0
2022-12-27;2.0;1.281065007050832;0.15559940760334331;0
2022-12-28;1.0;1.4175832867622375;0.1889651964108149;0
2022-12-29;0.0;1.6986515959103903;0.18994408696889878;0
2022-12-30;0.0;1.6095767259597777;0.20107561349868774;0
2022-12-31;2.0;1.7119778513908386;0.21369328647851943;0
2023-01-01;4.0;1.5342399636904398;0.23010885616143545;1
2023-01-02;0.0;1.6213313579559325;0.22071209251880647;0
2023-01-03;3.0;1.432666305700938;0.21440670688947042;1
2023-01-04;3.0;1.4552343567212422;0.23213477283716202;1
2023-01-05;1.0;1.5095653335253398;0.238214377562205;0
2023-01-06;2.0;1.4291417082150777;0.1896767849723498;0
2023-01-07;1.0;1.4470176696777344;0.18608146881063778;0
2023-01-08;1.0;1.326658018430074;0.18207032531499862;0
2023-01-09;1.0;1.3544998049736023;0.161951823780934;0
2023-01-10;2.0;1.433046245574951;0.16693992391228676;0
2023-01-11;1.0;1.3887704332669577;0.20479802489280702;0
2023-01-12;1.0;1.507262412707011;0.28946041613817214;0
2023-01-13;1.0;1.48852694829305;0.2798766255378723;0
2023-01-14;1.0;1.6363222281138101;0.25796026587486265;0
2023-01-15;0.0;1.6078936338424683;0.2853473126888275;0
2023-01-16;3.0;1.4213458975156148;0.19607584277788798;1
2023-01-17;2.0;1.5242278099060058;0.24369098544120787;0
2023-01-18;2.0;1.5546582102775575;0.256719271838665;0
2023-01-19;3.0;1.4265892028808593;0.20876735746860503;1
2023-01-20;1.0;1.4952285408973693;0.19732243021329243;0
2023-01-21;2.0;1.4134732286135356;0.20550504624843596;0
2023-01-22;1.0;1.5774156014124552;0.22517842600742977;0
2023-01-23;2.0;1.4863103787104288;0.20749815205732983;0
2023-01-24;0.0;1.5117980202039083;0.18016775449117026;0
2023-01-25;1.0;1.5603432814280191;0.22472894191741943;0
2023-01-26;0.0;1.6263516187667846;0.2641750534375509;0
2023-01-27;1.0;1.7002210736274719;0.29540473918120064;0
2023-01-28;0.0;1.7743086735407512;0.2556376869479815;0
2023-01-29;3.0;1.6028917988141378;0.23482624193032584;1
2023-01-30;1.0;1.741010304292043;0.2239002416531245;0
2023-01-31;5.0;1.6758938749631247;0.2436969459056854;1
2023-02-01;0.0;1.613721986611684;0.26780718167622886;0
2023-02-02;2.0;1.5501023570696513;0.21892424921194711;0
2023-02-03;3.0;1.6896252989768983;0.23003574311733246;1
2023-02-04;1.0;1.6685745636622111;0.32774265855550766;0
2023-02-05;3.0;1.3983651995658875;0.1422489747405052;1
2023-02-06;2.0;1.5136390924453735;0.18193173507849375;0
2023-02-07;2.0;1.7409964124361674;0.25916941066583;0
2023-02-08;1.0;1.6107560475667317;0.21105175366004308;0
2023-02-09;4.0;1.5253504435221354;0.1970427284638087;1
2023-02-10;0.0;1.7039483547210694;0.2142693708340327;0
2023-02-11;2.0;1.603270936012268;0.22559968382120132;0
2023-02-12;1.0;1.679145383834839;0.25670157223939893;0
2023-02-13;0.0;1.5307124416033426;0.15012036388119063;0
2023-02-14;1.0;1.59337660074234;0.20646157413721083;0
2023-02-15;2.0;1.599004848798116;0.2635362525780996;0
2023-02-16;3.0;1.6026053865750631;0.24135806014140446;1
2023-02-17;1.0;1.7801044901212058;0.197472486893336;0
2023-02-18;0.0;1.7536976655324301;0.21583328992128373;0
2023-02-19;2.0;1.2977337916692098;0.23230836788813272;0
2023-02-20;2.0;1.5477156321207681;0.19076961204409598;0
2023-02-21;2.0;1.5817535400390625;0.19485337684551876;0
2023-02-22;2.0;1.445283345381419;0.2236581787467003;0
2023-02-23;3.0;1.5151837468147278;0.18944123834371568;1
2023-02-24;2.0;1.442964510122935;0.1975530505180359;0
2023-02-25;1.0;1.8556394616762797;0.23854260792334875;0
2023-02-26;0.0;1.7238425612449646;0.26364027013381325;0
2023-02-27;4.0;1.414911417166392;0.18130873243014017;1
2023-02-28;3.0;1.4995617071787517;0.2034653569261233;1
2023-03-01;0.0;1.681867484251658;0.2079446867108345;0
2023-03-02;2.0;1.5360319375991822;0.22815705686807633;0
2023-03-03;2.0;1.422300140062968;0.17741528948148091;0
2023-03-04;2.0;1.6720866004625956;0.2276440809170405;0
2023-03-05;0.0;1.632683761914571;0.24066930661598843;0
2023-03-06;0.0;1.595846915245056;0.19424011905988056;0
2023-03-07;2.0;1.6468680143356322;0.1845440355439981;0
2023-03-08;4.0;1.4872342189153036;0.1699942742784818;1
2023-03-09;0.0;1.4399975220362344;0.18387371003627778;0
2023-03-10;0.0;1.3937198082605997;0.1440724790096283;0
2023-03-11;0.0;1.4145726124445597;0.1803677280743917;0
2023-03-12;2.0;1.4633351842562357;0.22883841643730798;0
2023-03-13;1.0;1.3249138633410136;0.14448448369900385;0
2023-03-14;1.0;1.5100176095962525;0.22454791863759357;0
2023-03-15;3.0;1.3984684864679973;0.17049375077088674;1
2023-03-16;1.0;1.5984977761904398;0.2327436923980713;0
2023-03-17;1.0;1.5373221953709921;0.23164710899194083;0
2023-03-18;2.0;1.4911025087038676;0.21979392617940902;0
2023-03-19;0.0;1.440178104241689;0.1678294042746226;0
2023-03-20;0.0;1.394491191705068;0.15296540608008702;0
2023-03-21;0.0;1.4806983073552449;0.19650436441103616;0
2023-03-22;2.0;1.355409355958303;0.177936885257562;0
2023-03-23;1.0;1.5358661969502767;0.16347041428089143;0
2023-03-24;2.0;1.48377210299174;0.23696618378162385;0
2023-03-25;3.0;1.5342703739802042;0.18474573244651157;1
2023-03-26;2.0;1.4901782155036927;0.22840211391448975;0
2023-03-27;1.0;1.443759266535441;0.17550665984551111;0
2023-03-28;3.0;1.486013146241506;0.17605564693609874;1
2023-03-29;2.0;1.4210817654927572;0.17672778169314066;0
2023-03-30;2.0;1.3723673144976298;0.19574597775936126;0
2023-03-31;0.0;1.533496371905009;0.20022778660058976;0
2023-04-01;3.0;1.357499066988627;0.20148155589898428;1
2023-04-02;0.0;1.6196262160936992;0.23932175238927206;0
2023-04-03;1.0;1.4806675513585408;0.2291651169459025;0
2023-04-04;3.0;1.4397385756174723;0.22867684066295624;1
2023-04-05;3.0;1.3835537592569986;0.20878121455510457;1
2023-04-06;3.0;1.4379547397295633;0.16656751930713654;1
2023-04-07;0.0;1.6172812779744465;0.24013362675905228;0
2023-04-08;1.0;1.5451193491617838;0.2776796266436577;0
2023-04-09;1.0;1.3519322872161865;0.1989163691798846;0
2023-04-10;1.0;1.3472004413604737;0.15892128000656763;0
2023-04-11;1.0;1.2271218796571095;0.12023447627822557;0
2023-04-12;0.0;1.3254684885342916;0.11906718462705612;0
2023-04-13;0.0;1.1016963124275208;0.10686825054387251;0
2023-04-14;0.0;1.2949536124865213;0.11161821087201436;0
2023-04-15;3.0;1.6081172148386638;0.2292142460743586;1
2023-04-16;3.0;1.5061063528060914;0.22557800312836965;1
2023-04-17;4.0;1.5541743636131287;0.2010179633895556;1
2023-04-18;1.0;1.5679405768712362;0.2877900183200836;0
2023-04-19;0.0;1.5741856495539348;0.25802823702494304;0
2023-04-20;1.0;1.4239734649658202;0.2000725582242012;0
2023-04-21;2.0;1.260500822464625;0.1029656412700812;0
2023-04-22;2.0;1.2865111112594605;0.13581917683283487;0
2023-04-23;2.0;1.3617685159047446;0.18521943042675654;0
2023-04-24;1.0;1.2465156435966491;0.0985847383737564;0
2023-04-25;0.0;1.3023462772369385;0.11167802214622498;0
2023-04-26;3.0;1.4763122836748759;0.1741199843585491;1
2023-04-27;2.0;1.3738279461860656;0.19154565483331681;0
2023-04-28;2.0;1.6861153602600099;0.11771506890654564;0
2023-04-29;1.0;1.4948171218236288;0.14063787360986074;0
2023-04-30;1.0;1.6326027393341065;0.21133908132712045;0
2023-05-03;3.0;1.7579079866409302;0.19969125191370646;1
2023-05-04;4.0;1.699354843298594;0.22295656551917395;1
2023-05-05;2.0;1.6681736628214519;0.21031998296578724;0
2023-05-06;1.0;1.3787185668945312;0.11275714909036955;0
2023-05-07;0.0;1.2615967988967896;0.09855887182056904;0
2023-05-08;2.0;1.4779485583305358;0.1735968107978503;0
2023-05-09;1.0;1.56450701157252;0.18744256595770517;0
2023-05-10;1.0;1.534377348423004;0.19564509217937787;0
2023-05-11;2.0;1.4508609374364216;0.1706938515106837;0
2023-05-12;1.0;1.3073729356129964;0.09969036678473155;0
2023-05-13;1.0;1.372102920214335;0.13644181142250697;0
2023-05-14;0.0;1.5341777284940084;0.17638208121061325;0
2023-05-15;1.0;1.4433571656545003;0.12027959302067756;0
2023-05-16;1.0;1.3006288250287374;0.0872203104197979;0
2023-05-17;2.0;1.4779577573140463;0.18817104697227477;0
2023-05-18;1.0;1.657658537228902;0.22278684973716736;0
2023-05-19;2.0;1.6567424416542054;0.20646927754084268;0
2023-05-20;1.0;1.8265096505482992;0.2099873925248782;0
2023-05-21;4.0;2.096980635325114;0.2552474558353424;1
2023-05-22;2.0;1.436152180035909;0.15697209512193996;0
2023-05-23;1.0;1.6084692398707072;0.16982697819670042;0
2023-05-24;2.0;1.6635255694389344;0.27068267365296683;0
2023-05-25;3.0;1.491837461789449;0.18016458079218864;1
2023-05-26;0.0;1.5934283137321472;0.2091469926138719;0
2023-05-27;3.0;1.7309853831926982;0.1824038137992223;1
2023-05-28;2.0;2.024010928471883;0.29719518423080443;0
2023-05-29;2.0;1.793098016579946;0.286851304769516;0
2023-05-30;3.0;1.6478920499483745;0.16536775132020315;1
2023-05-31;1.0;1.6895386099815368;0.2063589349389076;0
2023-06-01;2.0;1.386737553278605;0.12847104544440904;0
2023-06-02;1.0;1.522820003827413;0.20049804175893465;0
2023-06-03;1.0;1.56977428595225;0.20983022252718608;0
2023-06-04;3.0;1.331161610285441;0.10394002373019855;1
2023-06-05;2.0;1.5989585240681967;0.23918617864449818;0
2023-06-06;3.0;1.620361852645874;0.1901073272029559;1
2023-06-07;1.0;1.3534655332565309;0.13271220351258914;0
2023-06-08;0.0;2.3386229912439984;0.29589733431736626;0
2023-06-09;0.0;1.2764392058054606;0.10328055322170257;0
2023-06-10;2.0;1.5529898325602214;0.16674674302339554;0
2023-06-11;1.0;1.5766133745511373;0.18169038494428;0
2023-06-12;2.0;1.58434849580129;0.1522725559771061;0
2023-06-13;1.0;1.5684039870897928;0.16636041328310966;0
2023-06-14;0.0;1.7053872267405192;0.20037938207387923;0
2023-06-15;2.0;1.6849656303723652;0.17276263559858004;0
2023-06-16;2.0;1.533167839050293;0.16014495690663655;0
2023-06-17;2.0;1.8046337445576985;0.2572711706161499;0
2023-06-18;1.0;1.5485639929771424;0.2076842740178108;0
2023-06-19;1.0;1.538835088411967;0.16128522555033367;0
2023-06-20;0.0;1.5020296017328898;0.15999395549297332;0
2023-06-21;2.0;1.4222107768058776;0.14339165439208348;0
2023-06-22;0.0;1.4412371873855592;0.09309296657641729;0
2023-06-23;0.0;1.5176192005475362;0.16056124344468117;0
2023-06-24;2.0;1.1112732291221619;0.09563396895925204;0
2023-06-25;0.0;1.3127184947331747;0.09186938280860583;0
2023-06-26;1.0;1.034830649693807;0.07968122127155462;0
2023-06-27;2.0;1.2833440502484639;0.1441105191906293;0
2023-06-28;1.0;1.4517835974693298;0.1326562081774076;0
2023-06-29;0.0;1.6654486139615376;0.16550529077649118;0
2023-06-30;3.0;1.6489497741063437;0.16079165935516357;1
2023-07-01;2.0;1.5137341340382895;0.16235439206163088;0
2023-07-02;0.0;1.2956456979115805;0.0982853206495444;0
2023-07-03;2.0;1.1090403179327646;0.08303728078802426;0
2023-07-04;4.0;1.4008955677350363;0.14290162101387976;1
2023-07-05;0.0;1.698452099164327;0.204800587395827;0
2023-07-06;2.0;1.578361181418101;0.16125915373365085;0
2023-07-07;2.0;1.5301153222719828;0.16213985284169516;0
2023-07-08;2.0;1.7307692448298135;0.17728675032655397;0
2023-07-09;2.0;1.535091467698415;0.1390007403989633;0
2023-07-10;1.0;1.5962352275848388;0.17603841771682102;0
2023-07-11;2.0;1.6510402838389078;0.20128043790658315;0
2023-07-12;0.0;1.534807296593984;0.16845513234535853;0
2023-07-13;2.0;1.700392742951711;0.2690322821338971;0
2023-07-14;0.0;1.638538690408071;0.21131177445252736;0
2023-07-15;3.0;1.6667930801709494;0.1584228885670503;1
2023-07-16;3.0;1.654736626148224;0.17625273043910664;1
2023-07-17;1.0;1.7320308526357016;0.2161984734237194;0
2023-07-18;1.0;1.6253800630569457;0.20444873720407486;0
2023-07-19;2.0;1.5241361101468405;0.18353776236375172;0
2023-07-20;2.0;1.5947986880938212;0.2187785714864731;0
2023-07-24;2.0;1.5003945191701253;0.1524290680885315;0
2023-07-25;2.0;1.703996205329895;0.1788235863049825;0
2023-07-26;0.0;1.613988717397054;0.15388277719418209;0
2023-07-27;1.0;1.5704451560974122;0.15129645292957625;0
2023-07-28;1.0;1.5629168709119161;0.17625383337338765;0
2023-08-01;1.0;1.311848231156667;0.07994102040926615;0
2023-08-02;2.0;1.4576653480529784;0.16395616630713145;0
2023-08-03;1.0;1.522071123123169;0.14110737865169842;0
2023-08-04;0.0;1.4896459539731344;0.16883597224950792;0
2023-08-05;2.0;1.3243224382400514;0.1790510433415572;0
2023-08-06;1.0;1.4058709025382996;0.14796803444623946;0
2023-08-09;1.0;1.3537410736083983;0.11351294840375582;0
2023-08-10;3.0;1.8536009947458902;0.2036901737252871;1
2023-08-11;3.0;1.5561265110969544;0.1644054616491;1
2023-08-12;1.0;1.640602672100067;0.22536749119559923;0
2023-08-13;2.0;1.5956519881884257;0.23436232507228852;0
2023-08-14;0.0;1.5442290981610616;0.1636024092634519;0
2023-08-15;2.0;1.3141452630360921;0.13129346817731857;0
2023-08-16;0.0;1.6911562403043112;0.1677435869971911;0
2023-08-17;2.0;1.220934311548869;0.0817921083420515;0
2023-08-18;2.0;1.5822361946105956;0.25829885105292;0
2023-08-19;3.0;1.598867138226827;0.1640184499323368;1
2023-08-20;2.0;1.3254583736260732;0.1678744542102019;0
2023-08-21;0.0;1.2726665337880452;0.10241179863611857;0
2023-08-22;1.0;1.4495461503664653;0.17481893102327983;0
2023-08-23;2.0;1.4888351917266847;0.1603922332326571;0
2023-08-24;0.0;1.5450055956840516;0.1767466423412164;0
2023-08-25;4.0;1.4684956510861715;0.16035577803850173;1
2023-08-26;0.0;1.7362520337104796;0.1771459239224593;0
2023-08-27;2.0;1.5733454942703247;0.15343173841635385;0
2023-08-28;1.0;1.5354393402735391;0.19849436581134797;0
2023-08-29;0.0;1.5031105319658915;0.173871328185002;0
2023-08-30;1.0;1.5495757778485617;0.1999748893082142;0
2023-08-31;5.0;1.4357224027315776;0.14432098840673765;1
2023-09-01;1.0;1.555453356107076;0.2170023942987124;0
2023-09-02;1.0;1.669136599699656;0.2140715127189954;0
2023-09-03;1.0;1.5769367774327596;0.17550183609127998;0
2023-09-04;2.0;1.5211512406667074;0.15198344960808755;0
2023-09-05;3.0;1.6327961325645446;0.17798242544134457;1
2023-09-06;1.0;1.5121229926745097;0.1760818327466647;0
2023-09-07;3.0;1.4694226264953614;0.15772450988491377;1
2023-09-08;0.0;1.4533691883087159;0.19811820189158122;0
2023-09-09;0.0;1.5437351942062378;0.1741816945374012;0
2023-09-10;1.0;1.2804304560025532;0.09996864708761374;0
2023-09-11;1.0;1.0389415562152862;0.0936230434725682;0
2023-09-12;1.0;1.428515323003133;0.12914881060520808;0
2023-09-13;0.0;1.5400031050046286;0.17956542124350866;0
2023-09-14;2.0;1.469917356967926;0.16778103436032932;0
2023-09-15;0.0;1.2666215221087138;0.10389815320571263;0
2023-09-16;1.0;1.3627336939175925;0.12283775508403778;0
2023-09-19;0.0;1.549478328227997;0.18220600088437397;0
2023-09-20;1.0;1.3511287649472554;0.1465331144630909;0
2023-09-21;2.0;1.5195441842079163;0.20038165003061295;0
2023-09-22;0.0;1.4916298627853393;0.19341734275221825;0
2023-09-23;1.0;1.4220184485117595;0.1563610648115476;0
2023-09-26;2.0;1.4729077617327373;0.15704164331158002;0
2023-09-27;4.0;1.435711967945099;0.13906274115045866;1
2023-09-28;1.0;1.5526246269543966;0.19568553268909455;0
2023-09-29;0.0;1.5599151253700256;0.20883635878562928;0
2023-09-30;2.0;1.837519093354543;0.17692023168007534;0
2023-10-01;8.0;1.4259028037389119;0.17357417767246563;1
2023-10-02;1.0;1.715568979581197;0.18582580412427585;0
2023-10-03;1.0;1.3939276258150737;0.17095330730080605;0
2023-10-04;3.0;1.322971264521281;0.1404385007917881;1
2023-10-05;2.0;1.4262948155403137;0.18355709041158358;0
2023-10-06;1.0;1.3429949045181275;0.20296580294768016;0
2023-10-07;0.0;1.4091528256734211;0.17616038918495178;0
2023-10-08;0.0;1.4383915384610495;0.2237333784500758;0
2023-10-09;1.0;1.2954976042111714;0.1802701031168302;0
2023-10-10;0.0;1.3545363108317057;0.17470746859908104;0
2023-10-11;2.0;1.2351662079493204;0.1573536813259125;0
2023-10-16;2.0;1.2409432411193848;0.15566439678271612;0
2023-10-17;1.0;1.370935845375061;0.14084161097804707;0
2023-10-18;1.0;1.3890545646349588;0.1721169136464596;0
2023-10-19;2.0;1.3623448689778646;0.14287989089886347;0
2023-10-20;1.0;1.2928175330162048;0.14339422211050987;0
2023-10-21;1.0;1.471714731057485;0.182966502259175;0
2023-10-22;0.0;1.329362964630127;0.1471644123395284;0
2023-10-23;1.0;1.3353263457616171;0.12881471663713456;0
2023-10-24;1.0;1.4013238350550334;0.17246053914229076;0
2023-10-25;2.0;1.3097520112991332;0.14185547480980557;0
2023-10-26;3.0;1.3195024450620016;0.12852704773346582;1
2023-10-27;2.0;1.3206527630488079;0.15253217195471128;0
2023-10-28;5.0;1.7390759944915772;0.23211826384067535;1
2023-10-29;1.0;1.7096587260564169;0.21639726559321085;0
2023-10-30;1.0;1.589177707831065;0.17980015228192012;0
2023-10-31;2.0;1.4624392151832581;0.20528053740660349;0
2023-11-01;4.0;1.6359324177106223;0.2557776813705762;1
2023-11-02;2.0;1.7215154886245727;0.2475873072942098;0
2023-11-03;1.0;1.7797308564186096;0.3045883446931839;0
2023-11-04;4.0;1.6677255709966023;0.2150924026966095;1
2023-11-05;1.0;1.7130155285199484;0.24300072938203812;0
2023-11-06;2.0;1.3556074182192484;0.13609570960203807;0
2023-11-07;2.0;1.6208136121431986;0.20313769181569416;0
2023-11-08;3.0;1.7121824463208517;0.23037424087524414;1
2023-11-09;5.0;1.6404445886611938;0.20259008854627608;1
2023-11-10;2.0;1.700279184182485;0.20165300319592158;0
2023-11-11;6.0;1.7461806138356526;0.20623310953378676;1
2023-11-12;2.0;1.7191182374954224;0.22210604945818582;0
2023-11-13;4.0;1.3226170539855957;0.13284612322847048;1
2023-11-14;2.0;1.721387553215027;0.24255502571662266;0
2023-11-15;0.0;1.8050869504610698;0.21143048306306203;0
2023-11-16;2.0;1.471193293730418;0.21657993247111637;0
2023-11-17;1.0;1.80957080523173;0.2460904429356257;0
2023-11-18;4.0;1.799695086479187;0.17828901360432306;1
2023-11-19;4.0;1.6689071774482727;0.20037139107783636;1
2023-11-22;3.0;1.6436795194943745;0.23946346938610077;1
2023-11-23;1.0;1.8672868609428406;0.27071710824966433;0
2023-11-24;4.0;1.782167367140452;0.275305911898613;1
2023-11-25;3.0;1.7376566966374716;0.2562437410155932;1
2023-11-26;2.0;1.6182859261830649;0.21884058614571889;0
2023-11-27;0.0;1.558243489265442;0.16467735320329666;0
2023-11-28;2.0;1.4729049285252889;0.16580814942717553;0
2023-11-29;1.0;1.461776844660441;0.1888834481438001;0
2023-11-30;3.0;1.4780793507893881;0.21719691703716915;1
2023-12-01;1.0;1.5775657137235006;0.24780608663956324;0
2023-12-02;4.0;1.4228417197863261;0.12409694368640582;1
2023-12-03;1.0;1.3885188182195027;0.17352855106194814;0
2023-12-04;2.0;1.4467037081718446;0.20202854176362356;0
2023-12-05;0.0;1.6099488774935404;0.22646099229653677;0
2023-12-06;2.0;1.4708492755889893;0.2307305743296941;0
2023-12-07;1.0;1.3526030739148458;0.17368511483073235;0
2023-12-08;0.0;1.519827401638031;0.19505085945129394;0
2023-12-09;2.0;1.356922197341919;0.15846196139852206;0
2023-12-10;0.0;1.4054160078366598;0.16236709008614222;0
2023-12-11;5.0;1.090700876712799;0.14554636950294178;1
2023-12-12;2.0;1.2805107712745667;0.1369147390127182;0
2023-12-13;1.0;1.422377610206604;0.2284084712465604;0
2023-12-17;2.0;1.3323942343393962;0.1843818284571171;0
2023-12-18;0.0;1.2914627929528555;0.12892604768276214;0
2023-12-19;1.0;1.3843881964683533;0.18000192840894064;0
2023-12-20;2.0;1.378563606739044;0.1720215568939845;0
2023-12-21;0.0;1.4385874350865682;0.18571029603481293;0
2023-12-22;1.0;1.3289984107017516;0.20756120532751082;0
2023-12-23;1.0;1.5421288013458252;0.19408261626958848;0
2023-12-24;1.0;1.3265878160794575;0.12014537826180458;0
2023-12-25;1.0;1.175820122162501;0.1222747027873993;0
2023-12-26;1.0;1.3027833104133606;0.16969226226210593;0
2023-12-27;0.0;1.390306826432546;0.12565689186255138;0
2023-12-28;1.0;1.31615655819575;0.1297910064458847;0
2023-12-29;0.0;1.4068612575531005;0.1867222473025322;0
2023-12-30;1.0;1.6439697782198588;0.22977697501579922;0
2023-12-31;4.0;1.2232031643390655;0.13631343642870586;1
2024-01-01;1.0;1.4830843249956767;0.181369153658549;0
2024-01-02;1.0;1.4268094619115195;0.18563108642896017;0
2024-01-03;2.0;1.3854176561037699;0.1958509253958861;0
2024-01-04;3.0;1.4411097327868143;0.1914042964577675;1
2024-01-07;1.0;1.289711836973826;0.1398507388929526;0
2024-01-08;0.0;1.3417770624160767;0.11412998835245768;0
2024-01-09;0.0;1.3820215702056884;0.16801028996706008;0
2024-01-10;5.0;1.2745132605234781;0.16552667667468388;1
2024-01-11;1.0;1.3881492853164672;0.19030224507053692;0
2024-01-12;3.0;1.4720516165097555;0.2602292125423749;1
2024-01-13;1.0;1.5004796425501505;0.2445211187005043;0
2024-01-14;3.0;1.4781797051429748;0.22386009991168976;1
2024-01-15;2.0;1.1974372108777365;0.15878615180651348;0
2024-01-16;1.0;1.3718613505363464;0.17227478797237078;0
2024-01-17;3.0;1.3919192512830099;0.18044570138057073;1
2024-01-18;2.0;1.3616050799687704;0.1762651984890302;0
2024-01-19;3.0;1.5735268672307332;0.2960368052124977;1
2024-01-20;3.0;1.5814701716105144;0.2635157739122709;1
2024-01-21;1.0;1.4495872418085733;0.19237654929359754;0
2024-01-22;1.0;1.436038037141164;0.1975550040602684;0
2024-01-23;1.0;1.4326432784398397;0.20701693048079808;0
2024-01-24;1.0;1.2538914024829864;0.1449253554145495;0
2024-01-25;0.0;1.2663570245107014;0.1658432754377524;0
2024-01-26;1.0;1.43424737850825;0.24095442295074462;0
2024-01-27;1.0;1.502573315302531;0.19165766537189483;0
2024-01-28;0.0;1.2822320183118185;0.13716278076171876;0
2024-01-29;0.0;1.3271376371383667;0.14570274949073792;0
2024-01-30;2.0;1.5532421747843423;0.18621314043800036;0
2024-01-31;0.0;1.651449942588806;0.20746208975712457;0
2024-02-01;3.0;1.3692895690600078;0.15602559993664425;1
2024-02-02;1.0;1.7640484730402628;0.26469421237707136;0
2024-02-03;2.0;1.4223093787829082;0.18640057742595673;0
2024-02-04;1.0;1.3850088437398276;0.18590139895677565;0
2024-02-05;1.0;1.4001738707224527;0.17064659918347994;0
2024-02-06;6.0;1.45592919588089;0.1609281634291013;1
2024-02-07;1.0;1.7949875076611836;0.24695651481548944;0
2024-02-08;2.0;1.6019954204559326;0.19604244828224182;0
2024-02-09;0.0;1.4463930209477742;0.2537570541103681;0
2024-02-10;0.0;1.475957993666331;0.22050424367189408;0
2024-02-11;0.0;1.321122928460439;0.14717089459300042;0
2024-02-12;1.0;1.415045404434204;0.2013409321506818;0
2024-02-13;0.0;1.5054121653238932;0.1957601805528005;0
2024-02-14;2.0;1.3693204243977866;0.1776814157764117;0
2024-02-15;2.0;1.5059944629669189;0.23480298469463984;0
2024-02-16;3.0;1.3251612901687622;0.16823876202106475;1
2024-02-17;1.0;1.558756665388743;0.22543050597111383;0
2024-02-18;0.0;1.8814778606096902;0.30996324916680656;0
2024-02-19;1.0;1.1580444951852162;0.16792488942543665;0
2024-02-20;1.0;1.3187118530273438;0.14650727262099583;0
2024-02-21;1.0;1.4119651357332865;0.16404197812080384;0
2024-02-22;1.0;1.4034252087275187;0.1804126148422559;0
2024-02-23;0.0;1.4278563817342123;0.18392266978820165;0
2024-02-24;2.0;1.520909277598063;0.14519564881920816;0
2024-02-25;0.0;1.2080131391684215;0.12095258111755053;0
2024-02-26;2.0;1.2140527844429017;0.12983245874444643;0
2024-02-27;0.0;1.4622945706049602;0.19562136381864548;0
2024-02-28;3.0;1.397657573223114;0.14739887813727062;1
2024-02-29;1.0;1.4556252002716064;0.17380786165595055;0
2024-03-01;3.0;1.4386992812156678;0.18047465085983277;1
2024-03-04;2.0;1.4416606823603313;0.18904411867260934;0
2024-03-05;0.0;1.4124208291371663;0.17064412360390027;0
2024-03-06;2.0;1.4383242885271708;0.18694662054379782;0
2024-03-07;1.0;1.5206766565640768;0.22161079645156861;0
2024-03-08;2.0;1.4003322919209797;0.19917800525824228;0
2024-03-09;1.0;1.5177934368451436;0.17739067698518435;0
2024-03-10;0.0;1.5721797784169516;0.22774075518051784;0
2024-03-13;0.0;1.5161285718282065;0.1592176653444767;0
2024-03-14;1.0;1.6375577767690024;0.19415157785018286;0
2024-03-15;5.0;1.590419093767802;0.21990586618582408;1
2024-03-16;1.0;1.6077354629834493;0.23777229338884354;0
2024-03-17;2.0;1.4182078123092652;0.18292573740084966;0
2024-03-18;3.0;1.3868181784947713;0.17808696528275808;1
2024-03-19;2.0;1.5489304304122924;0.24606552273035048;0
2024-03-20;1.0;1.921692935625712;0.351232273876667;0
2024-03-21;1.0;1.5819441596666972;0.17688737710316976;0
2024-03-22;3.0;1.528478984038035;0.19336399883031846;1
2024-03-23;1.0;1.804536239306132;0.24867239594459534;0
2024-03-24;0.0;1.3801135460535685;0.14128823926051456;0
2024-03-25;1.0;1.6469430804252625;0.23958894610404968;0
2024-03-26;3.0;1.6917061765988668;0.1889301670094331;1
2024-03-27;1.0;1.7860364158948263;0.2622281317909559;0
2024-03-28;1.0;1.5417514363924663;0.2033680111169815;0
2024-03-29;0.0;1.6233259320259095;0.2302572841445605;0
2024-03-30;1.0;1.644428277015686;0.17412066236138343;0
2024-03-31;0.0;1.2877454082171123;0.18598049581050874;0
2024-04-01;0.0;1.4341330130894978;0.15641624530156453;0
2024-04-02;1.0;1.4715249419212342;0.16336558982729912;0
2024-04-03;2.0;1.6058867216110229;0.1744710569580396;0
2024-04-04;1.0;1.6769216895103454;0.21229367554187775;0
2024-04-05;0.0;1.7903292338053385;0.2566403552889824;0
2024-04-06;2.0;1.7779383659362793;0.26393503447373706;0
2024-04-07;2.0;1.6923800826072692;0.2301146497329076;0
2024-04-08;1.0;1.5472663044929504;0.17924994776646297;0
2024-04-09;2.0;1.3116410970687866;0.09727060347795487;0
2024-04-10;0.0;1.551880121231079;0.23179530054330827;0
2024-04-11;0.0;1.549291225274404;0.18474610447883605;0
2024-04-12;2.0;1.4802433093388876;0.2176813527941704;0
2024-04-13;2.0;1.5130201578140259;0.2236857424179713;0
2024-04-14;0.0;1.5494017720222473;0.18070975045363108;0
2024-04-15;3.0;1.0203591426213583;0.06109663148721059;1
2024-04-16;1.0;1.4332119862238566;0.14700114751855534;0
2024-04-17;2.0;1.6382678310076395;0.1389829012254874;0
2024-04-18;4.0;1.539244532585144;0.1954093945523103;1
2024-04-19;4.0;1.5633492906888327;0.1982360487182935;1
2024-04-20;1.0;1.6853882273038228;0.2561889554063479;0
2024-04-21;1.0;1.6795677344004314;0.26632683823506037;0
2024-04-22;0.0;1.945214291413625;0.30627076675494513;0
2024-04-23;2.0;1.6959266980489096;0.2335077519218127;0
2024-04-24;3.0;1.7172010620435079;0.2433945467074712;1
2024-04-25;1.0;1.6514027913411458;0.21269769916931788;0
2024-04-26;2.0;1.6630670388539632;0.218233626584212;0
2024-04-27;2.0;1.7669326980908713;0.2707592497269313;0
2024-04-28;3.0;1.6914975841840107;0.2541775569319725;1
2024-04-29;3.0;1.8403737902641297;0.20237750808397928;1
2024-04-30;0.0;1.879794422785441;0.28935301254192985;0
2024-05-01;3.0;1.7199257532755534;0.21144679139057795;1
2024-05-02;1.0;1.8627301851908367;0.29006080130736034;0
2024-05-03;3.0;1.8365374008814495;0.27935003240903217;1
2024-05-04;3.0;1.5914249221483867;0.1866053620974223;1
2024-05-05;2.0;1.7521628936131795;0.27798419147729875;0
2024-05-06;0.0;1.7883743604024251;0.19533898333708447;0
2024-05-07;0.0;1.7560369412104289;0.20922757387161256;0
2024-05-08;2.0;1.7199002623558044;0.22255642861127853;0
2024-05-09;3.0;1.5679904381434122;0.1830726477007071;1
2024-05-10;1.0;1.7570895473162333;0.1849331147968769;0
2024-05-11;1.0;1.86587952375412;0.23900293409824372;0
2024-05-12;5.0;1.665377918879191;0.17978681822617848;1
2024-05-13;2.0;1.8481909473737081;0.18207151914636294;0
2024-05-14;2.0;2.001681749025981;0.23512545078992844;0
2024-05-17;2.0;1.73290163675944;0.22647064526875813;0
2024-05-18;5.0;1.6854992548624674;0.16689615100622177;1
2024-05-19;0.0;1.8418906648953757;0.18953927581508953;0
2024-05-20;4.0;1.4583976507186889;0.1613706295688947;1
2024-05-21;2.0;1.6924850463867187;0.2209683691461881;0
2024-05-22;2.0;1.5937222321828206;0.1861802488565445;0
2024-05-23;1.0;1.9421270489692688;0.24396289785703024;0
2024-05-24;2.0;1.858196198940277;0.26071885575850806;0
2024-05-25;2.0;1.8343196590741475;0.2697340508302053;0
2024-05-26;6.0;1.664871597290039;0.20892236679792403;1
2024-05-27;2.0;1.7596880078315735;0.17941658919056255;0
2024-05-28;2.0;1.2342552443345387;0.120161222666502;0
2024-05-29;3.0;1.390932321548462;0.11003942526876927;1
2024-05-30;1.0;1.4811840534210206;0.12950297221541404;0
2024-05-31;2.0;1.438568886121114;0.1497584802409013;0
2024-06-01;1.0;1.605671767393748;0.14647979214787482;0
2024-06-02;0.0;1.868724815050761;0.2603721931576729;0
2024-06-03;3.0;1.6911637703577678;0.22799258530139924;1
2024-06-04;1.0;1.7228796521822611;0.25414625406265257;0
2024-06-05;1.0;2.6144163370132447;0.4219650348027547;0
2024-06-06;3.0;1.3616310000419616;0.11437926155825456;1
2024-06-07;2.0;1.4850887815157572;0.16395198305447897;0
2024-06-08;1.0;1.5942539016405741;0.17566881850361823;0
2024-06-09;0.0;1.5660573403040567;0.1628391129275163;0
2024-06-10;2.0;1.4553643465042114;0.20727044343948364;0
2024-06-11;2.0;2.1916082859039308;0.3490651975075404;0
2024-06-12;3.0;2.000366493066152;0.22755361100037894;1
2024-06-13;4.0;1.9274479349454243;0.19928627038995425;1
2024-06-14;1.0;1.920116631189982;0.3714713523785273;0
2024-06-15;1.0;1.5760464827219645;0.20954499567548435;0
2024-06-16;0.0;1.7674567500750225;0.20926920374234517;0
2024-06-17;2.0;1.9089259465535482;0.3450841089089712;0
2024-06-18;1.0;1.868169939517975;0.3289744560917219;0
2024-06-19;1.0;1.6826731443405152;0.22764138678709667;0
2024-06-20;3.0;2.4244760155677794;0.28080608397722245;1
2024-06-21;4.0;1.7817705074946086;0.22481762965520222;1
2024-06-22;1.0;2.093727719783783;0.283552377919356;0
2024-06-23;5.0;1.7238521456718445;0.250705881913503;1
2024-06-24;2.0;2.114584227403005;0.26300160586833954;0
2024-06-25;2.0;2.2385377248128253;0.2901483530799548;0
2024-06-26;3.0;1.7503037770589194;0.23271320015192032;1
2024-06-27;0.0;1.9405735333760579;0.2723817576964696;0
2024-06-28;2.0;2.1232171575228374;0.30063170939683914;0
2024-06-29;3.0;1.9994237263997396;0.2647309397657712;1
2024-06-30;1.0;1.7280295451482137;0.3070905193686485;0
2024-07-01;1.0;1.7642611583073935;0.24966301520665488;0
2024-07-02;1.0;1.4419743736584982;0.15016874223947524;0
2024-07-03;3.0;1.815770391623179;0.23782168626785277;1
2024-07-04;2.0;2.074401597181956;0.37319790770610173;0
2024-07-05;1.0;1.9396086812019349;0.3382946357131004;0
2024-07-06;1.0;1.958752202987671;0.3434021646777789;0
2024-07-07;2.0;2.061013921101888;0.37955662508805593;0
2024-07-08;4.0;1.8846803069114686;0.21793063084284464;1
2024-07-09;4.0;1.9640058517456054;0.2601824020346006;1
2024-07-10;1.0;1.9231496095657348;0.3550422410170237;0
2024-07-11;0.0;1.7646376887957256;0.295903213818868;0
2024-07-12;0.0;1.824715264638265;0.30435176690419513;0
2024-07-13;1.0;1.6731988430023192;0.27795639385779697;0
2024-07-14;1.0;1.6404483715693157;0.2637957215309143;0
2024-07-15;2.0;1.569575317700704;0.25976439714431765;0
2024-07-16;3.0;1.5798888325691223;0.22466664810975392;1
2024-07-17;4.0;1.3616048415501913;0.16986640642086664;1
2024-07-18;1.0;1.5644387205441792;0.20554788062969845;0
2024-07-19;1.0;1.6959488312403361;0.29895841230948766;0
2024-07-20;3.0;1.3832427620887757;0.2379916658004125;1
2024-07-21;0.0;1.7701287905375163;0.3354505682984988;0
2024-07-22;1.0;1.6288937171300253;0.2561827480792999;0
2024-07-23;1.0;1.6194890101750692;0.24334245969851812;0
2024-07-24;1.0;1.5391570210456849;0.20490184997518857;0
2024-07-25;0.0;1.5304173270861308;0.22177895605564119;0
2024-07-26;2.0;1.443092159430186;0.15290804306666056;0
2024-07-27;3.0;1.7222089330355326;0.2701912601788839;1
2024-07-28;1.0;1.6835100571314494;0.26624158372481666;0
2024-07-29;2.0;1.3909924507141114;0.2505653664469719;0
2024-07-30;3.0;1.2752297878265382;0.15952134877443314;1
2024-07-31;3.0;1.83966068426768;0.31061977297067644;1
2024-08-01;5.0;2.3393606662750246;0.36967024008433025;1
2024-08-02;3.0;1.743544578552246;0.2774264872074127;1
2024-08-03;1.0;1.8008952577908834;0.3053936794400215;0
2024-08-04;1.0;1.7778769850730896;0.330220672984918;0
2024-08-05;1.0;2.0366265495618183;0.31402438233296076;0
2024-08-06;3.0;1.971505590279897;0.2950343350569407;1
2024-08-09;6.0;2.0296262820561726;0.296113812426726;1
2024-08-10;5.0;2.1701207876205446;0.41205050150553385;1
2024-08-11;4.0;2.1596086541811625;0.3125631079077721;1
2024-08-12;1.0;2.4395754893620807;0.38423588474591575;0
2024-08-13;2.0;2.2949276844660442;0.37812436918417613;0
2024-08-14;2.0;2.0281659603118896;0.3247340535124143;0
2024-08-15;1.0;1.9359312931696573;0.19879877517620723;0
2024-08-16;2.0;1.9370645999908447;0.2970313161611557;0
2024-08-17;5.0;2.0291804591814677;0.3772299339373906;1
2024-08-18;3.0;1.9726317127545674;0.2796718363960584;1
2024-08-19;1.0;2.2478577216466267;0.38980734745661416;0
2024-08-20;1.0;1.950145431359609;0.3321650932232539;0
2024-08-21;1.0;2.2136446873346967;0.3570096174875895;0
2024-08-22;2.0;1.796749969323476;0.26609621246655785;0
2024-08-23;0.0;2.2968825300534568;0.4102861493825912;0
2024-08-24;1.0;2.2172205328941343;0.3400729184349378;0
2024-08-25;4.0;1.8912612795829773;0.2925059343377749;1
2024-08-26;5.0;1.7236658096313477;0.21676808844010034;1
2024-08-27;2.0;1.983502451578776;0.28823990374803543;0
2024-08-28;1.0;2.271775742371877;0.37625929415225984;0
2024-08-29;2.0;2.0638602018356322;0.25736961166063943;0
2024-08-30;3.0;1.9291363596916198;0.2547244106729825;1
2024-08-31;3.0;1.9895379980405172;0.2626733417312304;1
2024-09-01;2.0;1.854592227935791;0.34148072997728984;0
2024-09-02;1.0;1.9958988666534423;0.30672503312428795;0
2024-09-03;4.0;1.737523893515269;0.25018724898497263;1
2024-09-04;3.0;1.8037557721138;0.2781385863820712;1
2024-09-05;2.0;1.8738850712776185;0.36039065519968666;0
2024-09-06;3.0;1.8016250411669412;0.3107683966557185;1
2024-09-07;4.0;1.883571175734202;0.33807243158419925;1
2024-09-08;0.0;2.102092210451762;0.36684620479742686;0
2024-09-09;2.0;1.8505552053451537;0.33998626718918484;0
2024-09-10;3.0;1.8060709834098816;0.27577651192744573;1
2024-09-11;1.0;1.844758959611257;0.32619410852591196;0
2024-09-12;2.0;1.941715935866038;0.3910072604815165;0
2024-09-13;2.0;1.8480397979418437;0.3004061013460159;0
2024-09-14;4.0;1.8254852612813315;0.2815550550818443;1
2024-09-15;2.0;1.87925865650177;0.33517614205678303;0
2024-09-16;3.0;1.906396742661794;0.28124301334222157;1
2024-09-17;1.0;1.4562204082806904;0.2608111023902893;0
2024-09-18;1.0;1.6008241613705954;0.2420957679549853;0
2024-09-19;3.0;1.6959960301717123;0.2315661718448003;1
2024-09-20;1.0;1.6015280922253927;0.2629340613881747;0
2024-09-21;3.0;1.7938271562258403;0.26225588570038477;1
2024-09-22;1.0;1.7081381758054097;0.27202211022377015;0
2024-09-23;1.0;1.665352213382721;0.2650065039594968;0
2024-09-24;1.0;1.695973797639211;0.2510446528593699;0
2024-09-25;3.0;1.6698289116223652;0.24973766654729843;1
2024-09-26;1.0;1.722289745012919;0.23210304180781047;0
2024-09-27;1.0;1.6514392375946045;0.330478273332119;0
2024-09-28;1.0;1.7610016425450643;0.2615407407283783;0
2024-09-29;1.0;2.4031854550043743;0.16470457787315052;0
2024-10-02;0.0;1.5350812633832296;0.185479233165582;0
2024-10-03;0.0;1.551262414455414;0.18707055697838465;0
2024-10-04;4.0;1.4848600546518962;0.18913520847757656;1
2024-10-05;2.0;1.626188298066457;0.2346055140097936;0
2024-10-06;1.0;1.4378443320592245;0.17657773395379384;0
2024-10-07;3.0;1.296300725142161;0.11057255466779073;1
2024-10-08;0.0;1.4382572333017984;0.13497955774267514;0
2024-10-09;1.0;1.2291586915651957;0.10139254505435626;0
2024-10-10;0.0;1.4079992214838664;0.17564636021852492;0
2024-10-11;1.0;1.417942508061727;0.2026272311806679;0
2024-10-12;3.0;1.4696420272191366;0.1339782826602459;1
2024-10-13;2.0;1.4972379167874654;0.1868883008758227;0
2024-10-14;1.0;1.4904381076494853;0.1779402457177639;0
2024-10-15;1.0;1.6083223501841226;0.1884255106250445;0
2024-10-16;1.0;1.594791861375173;0.1927910918990771;0
2024-10-19;4.0;1.520150856177012;0.19712768817941348;1
2024-10-20;4.0;1.483970844745636;0.14464371353387834;1
2024-10-21;0.0;1.4631677985191345;0.16225884556770326;0
2024-10-22;1.0;1.5197839538256328;0.1871101327240467;0
2024-10-23;1.0;1.5893408258756;0.1835507089893023;0
2024-10-24;2.0;1.2076340119043987;0.10135716559986273;0
2024-10-25;1.0;1.5282752831776938;0.16572908610105513;0
2024-10-26;1.0;1.5959543267885843;0.1761013686656952;0
2024-10-27;0.0;1.7313152074813842;0.23743882725636165;0
2024-10-28;1.0;1.5241310675938924;0.16350469142198562;0
2024-10-29;1.0;1.6408675233523051;0.1850082166492939;0
2024-10-30;0.0;1.640052040417989;0.20770517190297444;0
2024-10-31;2.0;1.3978034694989523;0.15729033450285593;0
2024-11-01;3.0;1.562935205300649;0.13081794704000155;1
2024-11-02;2.0;1.664293642838796;0.22791729271411895;0
2024-11-03;0.0;1.6644207119941712;0.20497598697741826;0
2024-11-04;1.0;1.4606361786524455;0.16611228063702582;0
2024-11-05;1.0;1.5907077312469482;0.17787666593988735;0
2024-11-06;3.0;1.5883171717325846;0.19820927133162816;1
2024-11-07;0.0;1.5964710036913554;0.2040659785270691;0
2024-11-08;2.0;1.6314740300178527;0.2319431225458781;0
2024-11-09;0.0;1.6197948137919107;0.18415828893582026;0
2024-11-10;1.0;1.6278062105178832;0.2192690685391426;0
2024-11-11;2.0;1.4403370181719461;0.18796371122201283;0
2024-11-12;4.0;1.4414212346076964;0.15479751204450926;1
2024-11-13;0.0;1.656917413075765;0.2993520384033521;0
2024-11-14;0.0;1.66796582142512;0.24175251225630442;0
2024-11-15;0.0;1.6542774558067321;0.2486373816927274;0
2024-11-16;0.0;1.6447079062461853;0.21688573360443114;0
2024-11-17;0.0;1.4148463646570841;0.2138306309779485;0
2024-11-18;0.0;1.368109397093455;0.15873363316059114;0
2024-11-21;0.0;1.393342129389445;0.20530095597108206;0
2024-11-22;0.0;1.338337504863739;0.16792185058196385;0
2024-11-23;0.0;1.3944112976392111;0.20550471295913061;0
2024-11-24;0.0;1.3555580059687296;0.17756947726011277;0
2024-11-25;1.0;1.1677253822485605;0.12184762135148049;0
2024-11-26;1.0;1.290056292215983;0.1435693805416425;0
2024-11-27;0.0;1.2990604718526204;0.17604188323020936;0
2024-11-28;0.0;1.1859281539916993;0.15023919691642126;0
2024-11-29;1.0;1.270838983853658;0.16683095892270405;0
2024-11-30;1.0;1.2656713604927063;0.2262713571389516;0
2024-12-01;1.0;1.3062854647636413;0.15843872626622518;0
2024-12-02;0.0;1.1202596108118692;0.13829225227236747;0
2024-12-03;0.0;1.100751405954361;0.12802006055911383;0
2024-12-04;1.0;1.062680685520172;0.19366603593031564;0
2024-12-05;0.0;1.3783188978830974;0.19766478464007378;0
2024-12-06;0.0;1.3348291834195456;0.15624485040704408;0
2024-12-07;0.0;1.40620805422465;0.21903126090765;0
2024-12-08;0.0;1.2136502027511598;0.2203135440746943;0
2024-12-09;0.0;1.2468749761581421;0.1805612067381541;0
2024-12-10;0.0;1.2869400163491567;0.17330896804730098;0
2024-12-11;2.0;1.2967525959014892;0.2087951272726059;0
2024-12-12;1.0;1.3519386728604634;0.20456395943959554;0
2024-12-13;3.0;1.2767566839853923;0.19930648257335026;1
2024-12-14;4.0;1.5384476900100708;0.293160542845726;1
2024-12-15;0.0;1.3867067456245423;0.22858230570952098;0
2024-12-16;0.0;1.3244505723317463;0.2090819701552391;0
2024-12-17;0.0;1.3160630981127421;0.1742908718685309;0
2024-12-18;0.0;1.4297412395477296;0.20388023083408674;0
2024-12-19;1.0;1.420956559975942;0.18729177564382554;0
2024-12-20;0.0;1.2935604850451152;0.22493749856948853;0
2024-12-21;0.0;1.4287759820620218;0.17033399591843287;0
2024-12-22;0.0;2.1801974217096967;0.33694486518700917;0
2024-12-23;1.0;1.3319626609484354;0.17390171612302463;0
2024-12-24;5.0;1.801423974831899;0.2840607340137164;1
2024-12-25;0.0;1.506047546863556;0.275470228989919;0
2024-12-26;3.0;1.6360641161600749;0.28181273887554803;1
2024-12-27;1.0;1.8440291603406271;0.3912814994653066;0
2024-12-28;1.0;1.8635082960128784;0.3898962865273158;0
2024-12-29;3.0;1.541597350438436;0.17805954938133559;1
2024-12-30;4.0;1.6732766906420389;0.24217233210802078;1
2024-12-31;2.0;2.2208332975705463;0.48086558083693187;0
2025-01-01;3.0;1.8542456110318501;0.30096660554409027;1
2025-01-02;3.0;2.1066509524981183;0.35932179788748425;1
2025-01-03;3.0;1.3292823036511738;0.2422724132736524;1
2025-01-04;1.0;1.8213096181551616;0.3893638481696447;0
2025-01-05;1.0;1.4837397336959839;0.2198950116833051;0
2025-01-06;1.0;1.3928489009539287;0.19866366063555083;0
2025-01-07;3.0;1.584047023455302;0.23929724345604578;1
2025-01-08;2.0;1.4334988435109457;0.21685036917527517;0
2025-01-09;2.0;1.6151071468989053;0.28144100358088814;0
2025-01-10;1.0;2.0095113118489585;0.35963998834292094;0
2025-01-11;4.0;1.8708650549252828;0.3154162853956223;1
2025-01-12;1.0;1.7762471238772075;0.2805220971504847;0
2025-01-13;0.0;1.921340012550354;0.33461159219344455;0
2025-01-14;4.0;1.5648295124371847;0.25065180857976277;1
2025-01-15;0.0;1.523298982779185;0.23606070776780447;0
2025-01-16;2.0;1.4955174962679545;0.2040431117018064;0
2025-01-17;4.0;1.5604936122894286;0.31934429208437604;1
2025-01-18;3.0;1.697477384408315;0.29384400447209674;1
2025-01-19;3.0;1.7560400128364564;0.2899823322892189;1
2025-01-20;2.0;1.3878326654434203;0.20840208927790324;0
2025-01-21;1.0;1.4624294797579447;0.1982534113029639;0
2025-01-22;1.0;1.5681379516919454;0.23195126354694368;0
2025-01-23;0.0;1.6356483459472657;0.2803664455811183;0
2025-01-24;1.0;1.573433252175649;0.2512941946585973;0
2025-01-25;2.0;1.5681136846542358;0.23145747284094492;0
2025-01-26;1.0;1.405795415242513;0.22278508692979812;0
2025-01-27;1.0;1.437640873591105;0.15648036847511929;0
2025-01-28;1.0;1.6889127175013223;0.2548947686950366;0
2025-01-29;1.0;1.4677815516789754;0.21908633361260096;0
2025-01-30;0.0;1.4245594064394633;0.1990964596470197;0
2025-01-31;2.0;1.4395435293515524;0.17840142498413722;0
2025-02-01;1.0;1.5788542032241821;0.22541901220877966;0
2025-02-02;1.0;1.4508381009101867;0.18893049011627833;0
2025-02-03;0.0;1.589792505900065;0.2156703365345796;0
2025-02-04;2.0;1.9369025270144145;0.24452786495288212;0
2025-02-05;1.0;1.2238636712233226;0.17662297214070957;0
2025-02-08;3.0;1.7683573762575786;0.24298462520043054;1
2025-02-09;4.0;1.6952787518501282;0.23241146008173624;1
2025-02-10;1.0;1.679873788356781;0.291266272465388;0
2025-02-11;3.0;1.6482896208763123;0.27079709569613136;1
2025-02-12;1.0;1.4481005549430848;0.23788322657346725;0
2025-02-13;1.0;1.5200148582458497;0.2887350618839264;0
2025-02-14;3.0;1.6987200299898784;0.3007463812828064;1
2025-02-15;3.0;1.63994615872701;0.30140837679306665;1
2025-02-16;4.0;1.6059328039487204;0.2929305359721184;1
2025-02-17;4.0;1.5446546077728271;0.25336880634228387;1
2025-02-18;1.0;1.6342443505922952;0.24923345297574998;0
2025-02-19;1.0;1.5559178233146667;0.2733084484934807;0
2025-02-20;2.0;1.3691610813140869;0.16346902797619503;0
2025-02-21;0.0;1.4861189484596253;0.20852845559517544;0
2025-02-22;0.0;1.4409033457438152;0.18477067997058233;0
2025-02-23;0.0;1.724424993991852;0.20619606574376423;0
2025-02-24;2.0;1.4330365538597107;0.1776611921687921;0
2025-02-25;2.0;1.5489159067471823;0.17560551017522813;0
2025-02-26;4.0;1.3973480621973673;0.15163995971282324;1
2025-02-27;3.0;1.3253845731417337;0.1765237251917521;1
2025-02-28;2.0;1.411349352200826;0.1795923965672652;0
2025-03-01;1.0;1.3189505716164907;0.12875253111124038;0
2025-03-02;1.0;1.4961245934168497;0.19825877447923024;0
2025-03-03;2.0;1.6007576743761698;0.22883421828349432;0
2025-03-04;2.0;1.4985556523005168;0.17751828829447427;0
2025-03-05;1.0;1.7807918469111124;0.29327437629302344;0
2025-03-06;4.0;1.622948201497396;0.19654422104358674;1
2025-03-07;2.0;1.9393992225329082;0.30999810645977655;0
2025-03-08;2.0;1.696696682771047;0.23505598505338032;0
2025-03-09;2.0;1.8378768841425577;0.25277747412522633;0
2025-03-10;0.0;1.787082310517629;0.2276147226492564;0
2025-03-11;2.0;1.77211993932724;0.24558155238628387;0
2025-03-12;4.0;2.033892194430033;0.22247770031293232;1
2025-03-13;1.0;1.910109853744507;0.3179692064722379;0
2025-03-14;3.0;2.086369037628174;0.3388594071070353;1
2025-03-15;1.0;1.8262871861457826;0.2788459892074267;0
2025-03-16;2.0;1.7682954708735148;0.31217901359001793;0
2025-03-17;1.0;1.6268482168515523;0.21189128557840983;0
2025-03-18;5.0;1.5795431733131409;0.2207750052213669;1
2025-03-19;3.0;1.7300917903582256;0.29457123776276906;1
2025-03-20;2.0;1.6850145975748698;0.29211011081933974;0
2025-03-21;2.0;1.7011268734931946;0.24160170803467432;0
2025-03-22;1.0;1.724459711710612;0.2651146973172824;0
2025-03-23;2.0;1.795210591952006;0.1978455364704132;0
2025-03-24;2.0;1.8143511136372885;0.2648625552654266;0
2025-03-25;0.0;1.6616896788279216;0.2781715432802836;0
2025-03-26;3.0;1.72364338239034;0.22969700247049332;1
2025-03-29;4.0;1.5551623423894247;0.18450083484252294;1
2025-03-30;2.0;1.4793755014737446;0.16984432439009348;0
2025-03-31;1.0;1.720552925268809;0.25275877118110657;0
2025-04-01;0.0;1.8332980751991272;0.30110467225313187;0
2025-04-02;1.0;1.833335812886556;0.3248442868391673;0
2025-04-03;2.0;1.7684258739153544;0.2869771917661031;0
2025-04-04;0.0;1.9604692419370016;0.2930439020196597;0
2025-04-05;5.0;1.871082321802775;0.33587490717569984;1
2025-04-06;4.0;1.6520559231440226;0.2645611827572187;1
2025-04-07;2.0;1.6792023738225301;0.2924839769800504;0
2025-04-08;1.0;1.7020504315694174;0.23074590663115183;0
2025-04-09;2.0;1.70835329691569;0.24456661840279897;0
2025-04-10;2.0;1.7654563903808593;0.2718215818206469;0
2025-04-11;1.0;1.7426248749097188;0.22659192035595577;0
2025-04-12;2.0;1.8280128439267476;0.3092209905385971;0
2025-04-13;3.0;1.7024678428967794;0.23423751294612885;1
2025-04-14;1.0;1.6843185385068258;0.25247841626405715;0
2025-04-15;1.0;1.6700809359550477;0.21091780637701352;0
2025-04-16;0.0;1.732694184780121;0.2769296516974767;0
2025-04-17;2.0;1.8901737689971925;0.2561304320891698;0
2025-04-18;1.0;1.7336190541585286;0.2453553463021914;0
2025-04-19;0.0;1.907823630174001;0.3378662645816803;0
2025-04-20;1.0;1.698862405618032;0.2620453695456187;0
2025-04-21;1.0;1.7675002336502075;0.2653090536594391;0
2025-04-22;4.0;1.7759904265403748;0.22616581370433173;1
2025-04-23;2.0;1.5069942156473795;0.10178115318218867;0
2025-04-24;2.0;1.3119163036346435;0.11248232796788216;0
2025-04-25;4.0;1.332390511035919;0.09400718460480371;1
2025-04-26;0.0;1.6526286244392394;0.22201411972443263;0
2025-04-27;2.0;1.7064689834912619;0.26389323472976683;0
2025-04-28;1.0;1.6994635065396626;0.24390685707330703;0
2025-04-29;0.0;1.8082929849624634;0.25962164799372356;0
2025-04-30;3.0;1.6196806192398072;0.21316225379705428;1
2025-05-01;1.0;1.718893039226532;0.24359059184789658;0
2025-05-02;2.0;1.8341158111890157;0.3044362227121989;0
2025-05-03;0.0;1.8114785512288412;0.2740894302725792;0
2025-05-04;3.0;1.6832669973373413;0.19863527317841848;1
2025-05-05;2.0;1.7408952434857687;0.2354579990108808;0
2025-05-06;2.0;1.741002337137858;0.3116254672408104;0
2025-05-07;1.0;1.6569485664367676;0.21646191477775573;0
2025-05-08;2.0;1.3579489151636759;0.11959658662478129;0
2025-05-09;1.0;1.3760761062304179;0.13162124752998353;0
2025-05-10;1.0;1.7243682225545247;0.20115793446699778;0
2025-05-11;3.0;1.6383543054262797;0.21655521939198177;1
2025-05-12;1.0;1.412898047765096;0.11182837759455046;0
2025-05-13;1.0;1.6629766702651978;0.23439090500275295;0
2025-05-14;2.0;1.4586542248725891;0.11748164941867192;0
2025-05-15;1.0;1.7372673749923706;0.23819390684366226;0
2025-05-16;0.0;1.5590072751045227;0.16867322474718094;0
2025-05-17;2.0;1.5079582810401917;0.12648007745544115;0
2025-05-18;1.0;1.817633362611135;0.2687914714217186;0
2025-05-19;3.0;1.5784886002540588;0.14599919791022936;1
2025-05-20;2.0;1.750217584768931;0.23422400305668514;0
2025-05-21;2.0;1.6818238019943237;0.24053078095118205;0
2025-05-22;1.0;1.7520390351613362;0.22248094181219738;0
2025-05-23;1.0;1.8261388341585796;0.25061409175395966;0
2025-05-24;1.0;1.7590780377388;0.16989114930232366;0
2025-05-25;1.0;1.8950629274050395;0.3004536315798759;0
2025-05-26;1.0;1.2595567107200623;0.10406227683027586;0
2025-05-27;4.0;1.6758633454640706;0.19653331935405732;1
2025-05-28;1.0;1.817131229241689;0.23896792431672415;0
2025-05-29;2.0;1.7778966108957925;0.2493439272046089;0
2025-05-30;2.0;1.772062639395396;0.26181404342254005;0
2025-05-31;4.0;1.7054670572280883;0.16301841015617052;1
2025-06-01;2.0;1.5678796807924906;0.1693284071981907;0
2025-06-02;1.0;1.5386966268221538;0.1820626822610696;0
2025-06-03;2.0;1.4696361343065898;0.17376199265321096;0
2025-06-04;1.0;1.5353331605593363;0.12615707715352376;0
2025-06-05;2.0;1.690824027856191;0.19389191071192424;0
2025-06-06;2.0;1.6569280902544656;0.19128593454758328;0
2025-06-07;0.0;1.7954995354016623;0.23009604662656785;0
2025-06-08;2.0;1.7220545490582784;0.22093563328186672;0
2025-06-09;3.0;1.6817841013272603;0.18154459421833355;1
2025-06-10;2.0;1.7907103101412456;0.2799068073431651;0
2025-06-11;0.0;1.6681941866874694;0.22248818178971608;0
2025-06-12;0.0;1.7736862262090047;0.2531142259637515;0
2025-06-13;1.0;1.699044911066691;0.2937337244550387;0
2025-06-14;7.0;1.756008497873942;0.30701491485039395;1
2025-06-15;3.0;2.079428950945536;0.25267920941114425;1
2025-06-16;1.0;1.389408185084661;0.17679112727443377;0
2025-06-17;1.0;1.5675439755121867;0.19008634065588315;0
2025-06-18;0.0;1.899267888069153;0.33534803489844006;0
2025-06-19;3.0;1.8746981541315715;0.2281341294447581;1
2025-06-20;5.0;1.7461920420328776;0.3226710284749667;1
2025-06-21;1.0;1.896938145160675;0.2670237193504969;0
2025-06-22;2.0;1.7520523428916932;0.21073094854752222;0
2025-06-23;3.0;1.9168830275535584;0.2482955649495125;1
2025-06-24;1.0;1.9621291160583496;0.3426492219169935;0
2025-06-25;3.0;1.8103487888971965;0.2389923443396886;1
2025-06-26;0.0;2.0710692127545673;0.4395025700330734;0
2025-06-27;1.0;1.9549632589022319;0.3902993102868398;0
2025-06-28;1.0;2.2410587946573894;0.4121704200903575;0
2025-06-29;4.0;1.7750044226646424;0.25775185525417327;1
2025-06-30;0.0;2.007954168319702;0.36540250182151796;0
2025-07-01;3.0;1.4271140336990356;0.21365850269794465;1
2025-07-02;1.0;1.7002601861953734;0.3505209897955259;0
2025-07-03;3.0;1.678809638818105;0.27199240525563556;1
2025-07-04;4.0;1.6028016209602356;0.24173057228326797;1
2025-07-05;1.0;1.9310577948888143;0.28391034007072447;0
2025-07-06;2.0;2.7505400657653807;0.41863630414009095;0
2025-07-07;1.0;1.322362478574117;0.1156032420694828;0
2025-07-08;0.0;1.3610483725865683;0.12027621045708656;0
2025-07-11;3.0;1.7949829896291096;0.23552961200475692;1
2025-07-12;2.0;1.89220419327418;0.2955126245816549;0
2025-07-13;2.0;1.7687941431999206;0.20271787295738855;0
2025-07-14;1.0;1.6970121145248414;0.19847598026196162;0
2025-07-15;1.0;1.7374039491017659;0.23772357404232025;0
2025-07-16;2.0;1.65665016969045;0.25714471836884817;0
2025-07-17;0.0;1.8049028913180034;0.2386166711648305;0
2025-07-20;2.0;1.5721285978953043;0.19339278265833854;0
2025-07-21;3.0;1.5534966588020325;0.14688126693169276;1
2025-07-22;0.0;1.479492457707723;0.09346663715938727;0
2025-07-23;5.0;1.5920756459236145;0.1981839527686437;1
2025-07-24;5.0;1.625943370660146;0.20865232000748316;1
2025-07-25;4.0;1.7379018386205038;0.19791683008273442;1
2025-07-26;3.0;1.4570812265078226;0.10851287717620532;1
2025-07-27;1.0;1.41767928202947;0.13905248741308848;0
2025-07-28;2.0;1.1811798652013143;0.08566427876551946;0
2025-07-29;2.0;1.4114737113316853;0.12634692639112471;0
2025-07-30;1.0;1.5911298274993897;0.19858427941799164;0
2025-07-31;1.0;1.4411482652028402;0.11118078952034315;0
2025-08-01;1.0;1.4721548795700072;0.16293523559967676;0
2025-08-02;2.0;1.4223850846290589;0.13883001978198686;0
2025-08-03;2.0;1.6752305229504902;0.18179705540339153;0
2025-08-04;1.0;1.6194328904151916;0.19242052709062893;0
2025-08-05;0.0;1.6570897459983827;0.252078611155351;0
2025-08-06;0.0;1.4737257599830627;0.1709544209142526;0
2025-08-07;1.0;1.5999385674794515;0.12028915931781133;0
2025-08-08;2.0;1.704863448937734;0.1932360549767812;0
2025-08-09;3.0;1.6515594482421876;0.17937147965033848;1
2025-08-12;1.0;1.1491622447967529;0.09045088415344556;0
2025-08-13;1.0;1.5607460498809815;0.13460515042146046;0
2025-08-14;1.0;1.6146192828814188;0.16446152751644452;0
2025-08-15;0.0;1.5491085211435953;0.15031395678718884;0
2025-08-16;1.0;1.7755741159121194;0.2014572873711586;0
2025-08-17;0.0;1.6856342951456706;0.1813672425846259;0
2025-08-18;1.0;1.446939472357432;0.12943273360530536;0
2025-08-19;2.0;1.6153040528297424;0.19908659880359966;0
2025-08-20;1.0;1.2503984014193217;0.08896907021601995;0
2025-08-21;2.0;1.6548612674077352;0.18670850545167922;0
2025-08-22;3.0;1.5826311548550924;0.1847934442261855;1
2025-08-23;2.0;1.6206387599309287;0.18002231096227964;0
2025-08-24;1.0;1.5707561175028484;0.15231309682130814;0
2025-08-25;1.0;1.4706095337867737;0.14187640845775604;0
2025-08-26;1.0;1.5676088809967041;0.21291559661428133;0
2025-08-27;1.0;1.6671927968660991;0.20284300123651822;0
2025-08-28;2.0;1.6016829053560893;0.1853163460890452;0
2025-08-29;1.0;1.574686555067698;0.17439065972963969;0
2025-08-30;2.0;1.5329551418622336;0.20389285137255986;0
2025-08-31;2.0;1.2981191674868267;0.15754989112416903;0
2025-09-01;2.0;1.3721611499786377;0.13071079204479855;0
2025-09-02;3.0;1.5101948618888854;0.15346721410751343;1
2025-09-03;1.0;1.6970039486885071;0.26278855055570605;0
2025-09-04;3.0;1.6614464441935222;0.22541069984436035;1
2025-09-05;1.0;1.696284862359365;0.2868093023697535;0
2025-09-06;3.0;1.6303166190783183;0.21521052966515222;1
2025-09-09;3.0;1.7429261684417725;0.1836658058067163;1
2025-09-10;3.0;1.431169585386912;0.18736976385116577;1
2025-09-11;0.0;1.6066074609756469;0.22234344432751338;0
2025-09-14;4.0;1.4356813152631125;0.14495288108785948;1
2025-09-15;3.0;1.5619283278783163;0.1687001643081506;1
2025-09-16;6.0;1.4803300182024637;0.18041278769572575;1
2025-09-17;0.0;1.5862163503964741;0.21567342430353165;0
2025-09-18;2.0;1.5172442396481831;0.1614863301316897;0
2025-09-19;2.0;1.683384394645691;0.2635323276122411;0
2025-09-20;2.0;1.627172307173411;0.15853122795621555;0
2025-09-21;1.0;1.4875495513280232;0.17925464386741322;0
2025-09-22;1.0;1.3434249957402546;0.1436729500691096;0
2025-09-23;2.0;1.4200743993123373;0.21488936841487885;0
2025-09-26;3.0;1.5385810216267903;0.17145728021860124;1
2025-09-27;1.0;1.6776703357696534;0.1901972035566966;0
2025-09-28;0.0;1.5617170254389445;0.21133723556995393;0
2025-09-29;1.0;1.3157164851824443;0.16532822822531065;0
2025-09-30;0.0;1.9794351736704507;0.1660884715616703;0
2025-10-01;4.0;1.8472987095514932;0.14038796598712602;1
2025-10-02;2.0;1.689767607053121;0.17597159147262573;0
2025-10-03;1.0;1.6014726360638936;0.19467777063449224;0
2025-10-04;1.0;1.6916153987248739;0.22082985018690426;0
2025-10-05;1.0;1.4925525188446045;0.1726001759370168;0
2025-10-06;0.0;1.4114296674728393;0.14314939628044765;0
2025-10-07;0.0;1.5206230839093526;0.1641671193142732;0
2025-10-08;2.0;1.4878841956456503;0.19706958681344985;0
2025-10-09;2.0;1.5057328859965007;0.16635446523626646;0
2025-10-10;1.0;1.5655794660250346;0.18676921278238295;0
2025-10-11;2.0;1.5867471774419148;0.14795387585957845;0
2025-10-12;1.0;1.6112870534261068;0.19692240456740062;0
2025-10-13;1.0;1.4593388795852662;0.1760538657506307;0
2025-10-14;0.0;1.3885839541753133;0.14807026435931522;0
2025-10-15;0.0;1.4551015059153238;0.15387803092598915;0
2025-10-16;1.0;1.5125689109166462;0.1754802164932092;0
2025-10-17;3.0;1.5478047569592794;0.19305942008892696;1
2025-10-18;2.0;1.6250339150428772;0.19563533266385397;0
2025-10-19;3.0;1.5707612991333009;0.19939784655968348;1
2025-10-20;1.0;1.4830817818641662;0.15153659656643867;0
2025-10-21;0.0;1.6164674162864685;0.17406366368134815;0
2025-10-22;4.0;1.4638986388842266;0.15580422629912694;1
2025-10-23;0.0;1.4408798495928445;0.18916290799776714;0
2025-10-24;2.0;1.4330619335174561;0.2196030820409457;0
2025-10-25;1.0;1.3262881557146708;0.16520152737696966;0
2025-10-26;0.0;1.2109626611073812;0.15169718811909358;0
2025-10-27;1.0;1.2290493329366048;0.13319026082754135;0
2025-10-28;0.0;1.3774128754933674;0.1411404142777125;0
2025-10-29;0.0;1.2046572724978128;0.15509461164474486;0
2025-10-30;2.0;1.351933221022288;0.17168010845780374;0
2025-11-02;2.0;1.2598378439744313;0.15629884401957195;0
2025-11-03;0.0;1.3882212479909262;0.14449548050761224;0
2025-11-04;0.0;1.347036596139272;0.15065987706184386;0
2025-11-05;0.0;1.3497241059939067;0.16797563334306082;0
2025-11-06;2.0;1.2428218166033427;0.12412989661097526;0
2025-11-07;3.0;1.3417204737663269;0.13940168172121048;1
2025-11-08;4.0;1.42396692832311;0.18383254061142604;1
2025-11-09;2.0;1.531487508614858;0.22248541166385014;0
2025-11-10;0.0;1.4837844173113506;0.18436014751593272;0
2025-11-11;2.0;1.212274569272995;0.1479739082356294;0
2025-11-12;1.0;1.487428398927053;0.17030505513151487;0
2025-11-13;1.0;1.5057997345924377;0.2034492368499438;0
2025-11-14;5.0;1.3223719994227092;0.18192323272426922;1
2025-11-15;2.0;1.5408979495366415;0.25223194311062497;0
2025-11-16;2.0;1.367751137415568;0.17309690018494925;0
2025-11-17;0.0;1.1087348798910777;0.14798379192749658;0
2025-11-18;1.0;1.3962559342384337;0.19945069601138432;0
2025-11-19;3.0;1.2493857900301615;0.14390059784054757;1
2025-11-20;0.0;1.254767942428589;0.16809704254070917;0
2025-11-21;2.0;1.6498068888982138;0.1966425468524297;0
2025-11-24;2.0;1.31255837281545;0.16869035164515178;0
2025-11-25;2.0;1.3780695041020712;0.19891802022854488;0
2025-11-26;2.0;1.334693479537964;0.15862488374114037;0
2025-11-27;4.0;1.2985887368520102;0.18870638012886048;1
2025-11-28;0.0;1.3233396728833517;0.17402809858322144;0
2025-11-29;1.0;1.3639530857404074;0.1736152949432532;0
2025-11-30;1.0;1.3149926781654357;0.16584856410821278;0
2025-12-03;4.0;1.4664750893910725;0.18745551705360414;1
2025-12-04;2.0;1.404796302318573;0.15277704522013663;0
2025-12-05;2.0;1.3431323885917663;0.1550490808983644;0
2025-12-06;0.0;1.591089145342509;0.24156118084987005;0
2025-12-07;0.0;1.35103813012441;0.2085053876042366;0
2025-12-08;0.0;1.2513793210188549;0.1423335574567318;0
2025-12-09;1.0;1.352557865778605;0.2032796045144399;0
2025-12-10;3.0;1.3205849051475524;0.14264817933241528;1
2025-12-11;0.0;1.3676876386006673;0.16793698991338413;0
2025-12-12;1.0;1.3298145016034444;0.20434392243623734;0
2025-12-13;3.0;1.4953389406204223;0.21702538778384525;1
2025-12-14;2.0;1.297093673547109;0.17933202385902405;0
2025-12-15;0.0;1.1655526777108511;0.16736627668142318;0
2025-12-16;4.0;1.2889130353927611;0.1884198007484277;1
2025-12-17;1.0;1.488058090209961;0.2501273219784101;0
2025-12-18;1.0;1.520221515496572;0.21297644972801208;0
2025-12-19;0.0;1.3422046899795532;0.2334673042098681;0
2025-12-20;2.0;1.526855512460073;0.19971417784690856;0
2025-12-21;2.0;1.5504889925320944;0.1977217177549998;0
2025-12-22;1.0;1.46809641122818;0.16962972606221835;0
2025-12-23;3.0;1.6584288239479066;0.24823220868905385;1
2025-12-24;4.0;1.5146617571512857;0.18430765122175216;1
2025-12-25;1.0;1.7227171500523886;0.251758108039697;0
2025-12-26;3.0;1.5111751596132914;0.1940414845943451;1
2025-12-27;2.0;1.9933957735697427;0.34916171729564666;0
2025-12-28;2.0;1.867494809627533;0.2935220986604691;0
2025-12-29;1.0;1.64082936445872;0.26822623709837595;0
2025-12-30;1.0;1.8045511364936828;0.3045415744185448;0
2025-12-31;1.0;1.9289210796356202;0.3735231637954712;0
2026-01-01;4.0;1.7703960855801901;0.23629018714030584;1
2026-01-04;3.0;1.4352239569028218;0.2051088899374008;1
2026-01-05;1.0;1.2980061690012614;0.1479249062637488;0
2026-01-06;0.0;1.2455063978830974;0.12252767557899157;0
2026-01-07;0.0;1.7881030003229776;0.21607741415500642;0
2026-01-08;2.0;1.2847373803456625;0.20213988025983173;0
2026-01-09;1.0;1.42847740650177;0.1643342837691307;0
2026-01-10;1.0;1.5880271156628927;0.2177606090903282;0
2026-01-11;1.0;1.557545260588328;0.1854032429556052;0
2026-01-12;1.0;1.4525920112927755;0.1887859491010507;0
2026-01-13;1.0;1.8634986877441406;0.18083591212828953;0
2026-01-14;1.0;1.1711961845556895;0.15781290034453074;0
2026-01-15;3.0;1.393796940644582;0.14687354986866316;1
2026-01-16;2.0;1.5902802387873332;0.16347736318906148;0
2026-01-17;2.0;1.2423068841298421;0.19065819084644317;0
2026-01-18;2.0;1.895163063208262;0.2159018268187841;0
2026-01-19;0.0;1.2282314817110698;0.14558214445908865;0
2026-01-20;0.0;1.472509256998698;0.2525872444113096;0
2026-01-21;1.0;1.4090631087621053;0.19214081664880117;0
2026-01-22;1.0;1.3326434095700581;0.1625786763926347;0
2026-01-23;3.0;1.3917973359425864;0.19245103200276692;1
2026-01-26;2.0;1.4128137111663819;0.18534667814771336;0
2026-01-27;1.0;1.2952433546384177;0.17701104283332825;0
2026-01-28;0.0;1.4958055337270102;0.1919294903675715;0
2026-01-29;1.0;2.3369287927945455;0.3094050407409668;0
2026-01-30;2.0;2.0929147402445474;0.2439000591635704;0
2026-01-31;4.0;1.9795363942782085;0.22561505784591038;1
2026-02-01;4.0;1.7825629512468975;0.20701336860656738;1
2026-02-02;1.0;1.638343862692515;0.252192626396815;0
2026-02-03;1.0;1.9392579396565754;0.3287420486410459;0
2026-02-04;0.0;1.5598017255465189;0.14775771697362264;0
2026-02-05;1.0;1.3401302178700765;0.1082720714310805;0
2026-02-06;6.0;1.8568462570508322;0.2274944042166074;1
2026-02-07;1.0;1.517727541923523;0.23463852554559708;0
2026-02-08;3.0;1.6279778242111207;0.2046167607108752;1
2026-02-09;2.0;1.8247193773587544;0.2494628871480624;0
2026-02-10;1.0;1.8827505429585776;0.27313925375541054;0
2026-02-11;3.0;1.7281374653180441;0.21866806348164877;1
2026-02-12;3.0;1.5449683785438537;0.22039623657862345;1
2026-02-13;3.0;1.6604198694229126;0.2300681486725807;1
2026-02-14;2.0;1.680190122127533;0.27742277532815934;0
2026-02-15;2.0;1.6570465604464213;0.27687999457120893;0
2026-02-16;1.0;1.3856008529663086;0.19032672668496767;0
2026-02-17;3.0;1.7069378773371378;0.22174532016118367;1
2026-02-18;1.0;1.6467982014020284;0.20944199860095977;0
2026-02-19;2.0;1.5948951363563537;0.22863195911049844;0
2026-02-20;2.0;1.5199272116025289;0.25267675817012786;0
2026-02-21;4.0;1.561677106221517;0.171050563454628;1
2026-02-22;1.0;1.7180795470873516;0.2512204945087433;0
2026-02-23;3.0;1.5834422707557678;0.19320218736926714;1
2026-02-24;0.0;1.9532396833101908;0.24872435331344606;0
2026-02-25;3.0;1.427312970161438;0.19680306365092595;1
2026-02-26;1.0;1.451012627283732;0.17266167451937994;0
2026-02-27;3.0;1.503096330165863;0.23593960404396058;1
2026-02-28;2.0;1.7072939991950988;0.2694827884435654;0
2026-03-01;2.0;1.6072570562362671;0.1465751864016056;0
2026-03-02;1.0;1.4458021481831869;0.13531425222754478;0
2026-03-03;1.0;1.5540815472602845;0.22903324166933695;0
2026-03-04;2.0;1.846426240603129;0.24934594134489696;0
2026-03-05;1.0;1.4818956534067789;0.19943182915449142;0
2026-03-06;3.0;1.5599261085192362;0.2488683929045995;1
2026-03-07;3.0;1.7459835052490233;0.2955423509081205;1
2026-03-08;3.0;1.7137479305267334;0.2554058035214742;1
2026-03-09;4.0;1.6274422645568847;0.1611760606368383;1
2026-03-10;1.0;1.5369413415590922;0.23174210041761398;0
2026-03-11;0.0;1.7577776869138082;0.20830236723025639;0
2026-03-12;1.0;1.7023394624392192;0.2827760299046834;0
2026-03-13;1.0;1.598844873905182;0.2147623509168625;0
2026-03-14;3.0;1.5171035369237265;0.21599664787451425;1
2026-03-15;3.0;2.1184299031893414;0.3026901041467985;1
2026-03-18;2.0;1.5412986238797506;0.19296497404575347;0
2026-03-19;2.0;1.7273966908454894;0.26845085273186364;0
2026-03-22;2.0;1.6892799695332845;0.19226406117280323;0
2026-03-23;1.0;1.7414364457130431;0.21659198651711145;0
2026-03-24;3.0;1.6139418721199035;0.15486480295658112;1
2026-03-25;2.0;1.6565076947212218;0.20412577092647552;0
2026-03-26;2.0;1.6916784008344015;0.18399297843376797;0
2026-03-27;2.0;1.744977358977;0.24598877280950546;0
2026-03-28;2.0;1.754604729016622;0.20908819983402888;0
2026-03-29;1.0;1.74118812084198;0.20180637389421463;0
2026-03-30;0.0;1.5346600532531738;0.16817697882652283;0
2026-03-31;2.0;1.297846072912216;0.1479998509089152;0
2026-04-01;2.0;1.4818403244018554;0.15461537092924119;0
2026-04-02;4.0;1.3751059333483378;0.11106810594598453;1
2026-04-03;1.0;1.5479586243629455;0.1951620563864708;0
2026-04-04;0.0;1.687571660677592;0.20137555251518885;0
2026-04-05;2.0;1.5982533931732177;0.1955077866713206;0
2026-04-06;2.0;1.4487837394078573;0.14222947110732395;0
2026-04-07;2.0;1.525157380104065;0.17845160042246183;0
2026-04-08;3.0;1.536204214890798;0.1717128224670887;1
2026-04-09;1.0;1.5313356876373292;0.2141995812455813;0
2026-04-10;1.0;1.4258869886398315;0.17022040436665217;0
2026-04-11;0.0;1.3688768029212952;0.14500198339422543;0
2026-04-12;3.0;1.33657199939092;0.11590705066919327;1
2026-04-13;3.0;1.4526474754015604;0.1630750114719073;1
2026-04-14;2.0;1.5256734371185303;0.2266204978028933;0
2026-04-15;6.0;1.4441501259803773;0.17317546904087067;1
2026-04-16;1.0;1.6383645455042521;0.22079423069953918;0
